Generic Name,Brand Name,Manufacturer,Dosage,MRP,Source,Generic Composition,Branded Composition,Composition Match,Use of Medicine,MRP_NUM
5-Flurouracil Injection 500Mg,Nan,nan,10 ml,₹11.5 (10 ml),Jan Aushadhi,5-Flurouracil Injection 500mg,nan,nan,nan,11.5
Abacavir 600Mg And Lamivudine 300Mg Tablets,Nan,nan,30's Bottle,₹925.0 (30's Bottle),Jan Aushadhi,Abacavir 600mg and Lamivudine 300mg Tablets,nan,nan,nan,925.0
"Abacavir 600Mg, Dolutegravir 50Mg And Lamivudine 300Mg Tablets",Nan,nan,30's Bottle,₹2900.0 (30's Bottle),Jan Aushadhi,"Abacavir 600mg, Dolutegravir 50mg and Lamivudine 300mg Tablets",nan,nan,nan,2900.0
Abiraterone Acetate Tablets 250Mg,Nan,nan,120's bottle,₹0.0 (120's bottle),Jan Aushadhi,Abiraterone Acetate Tablets 250mg,nan,nan,nan,0.0
Abiraterone Acetate Tablets 500Mg,Nan,nan,60's bottle,₹0.0 (60's bottle),Jan Aushadhi,Abiraterone Acetate Tablets 500mg,nan,nan,nan,0.0
Acamprosate Calcium Tablets 333Mg,Nan,nan,6's,₹50.0 (6's),Jan Aushadhi,Acamprosate Calcium Tablets 333mg,nan,nan,nan,50.0
Acarbose 50Mg And Metformin Hydrochloride 500Mg Tablets,Gluformin,Abbott,10's,₹83.0 (10's),Jan Aushadhi,Acarbose 50mg and Metformin Hydrochloride 500mg Tablets,Metformin 500 mg,✅ Yes,Type 2 diabetes (first-line therapy),83.0
Acarbose 50Mg And Metformin Hydrochloride 500Mg Tablets,Glycomet,USV,10's,₹83.0 (10's),Jan Aushadhi,Acarbose 50mg and Metformin Hydrochloride 500mg Tablets,Metformin 500 mg,✅ Yes,Type 2 diabetes (first-line therapy),83.0
Acarbose Tablets IP 25 Mg,Nan,nan,10's,₹40.0 (10's),Jan Aushadhi,Acarbose Tablets IP 25 mg,nan,nan,nan,40.0
Acarbose Tablets IP 50 Mg,Nan,nan,10's,₹62.0 (10's),Jan Aushadhi,Acarbose Tablets IP 50 mg,nan,nan,nan,62.0
Acebrophylline 100Mg And Acetylcysteine 600Mg Tablets,Nan,nan,10's,₹60.0 (10's),Jan Aushadhi,Acebrophylline 100mg and Acetylcysteine 600mg Tablets,nan,nan,nan,60.0
Acebrophylline 200Mg (Sustained Release) And Montelukast 10Mg Tablets,Nan,nan,10's,₹55.0 (10's),Jan Aushadhi,Acebrophylline 200mg (Sustained Release) and Montelukast 10mg Tablets,nan,nan,nan,55.0
Acebrophylline Capsules 100 Mg,Nan,nan,10's,₹22.0 (10's),Jan Aushadhi,Acebrophylline Capsules 100 mg,nan,nan,nan,22.0
Acebrophylline Sustained Release Tablets 200 Mg,Nan,nan,10's,₹30.0 (10's),Jan Aushadhi,Acebrophylline Sustained Release Tablets 200 mg,nan,nan,nan,30.0
Aceclofenac + Paracetamol,Andial,Wallace Pharmaceuticals Pvt Ltd,–,₹59.80 (10 tablets),1mg/NetMeds/PharmEasy,Aceclofenac 100 mg + Paracetamol 325 mg,Aceclofenac 100 mg + Paracetamol 325 mg,✅ Yes,"Pain relief, inflammation, and fever reduction",59.80
"Aceclofenac 1.00% W/W, Menthol 5.00% W/W Spray",Nan,nan,100ml,₹0.0 (100ml),Jan Aushadhi,"Aceclofenac 1.00% w/w, Menthol 5.00% w/w Spray",nan,nan,nan,0.0
"Aceclofenac 1.5% W/W Gel, 30G",Nan,nan,30g,₹0.0 (30g),Jan Aushadhi,"Aceclofenac 1.5% w/w gel, 30g",nan,nan,nan,0.0
Aceclofenac + Paracetamol + Chlorzoxazone,Azenac MR,Brzee Mediscience,Aceclofenac 100 mg + Paracetamol 325 mg + Chlorzoxazone 250 mg,₹63.30 (strip of 10)¹,1mg/Brzee Mediscience, Aceclofenac 100 mg + Paracetamol 325 mg + Chlorzoxazone 250 mg, Aceclofenac 100 mg + Paracetamol 325 mg + Chlorzoxazone 250 mg,✅ Yes,Relief of muscular pain, spasms and associated inflammation,63.30
Aceclofenac 100Mg And Paracetamol 325Mg Tablets,Calpol,GSK,10's,₹10.0 (10's),Jan Aushadhi,Aceclofenac 100mg and Paracetamol 325mg Tablets,Paracetamol 500 mg,✅ Yes,"Pain relief, fever reducer",10.0
Aceclofenac 100Mg And Paracetamol 325Mg Tablets,Crocin,GSK,10's,₹10.0 (10's),Jan Aushadhi,Aceclofenac 100mg and Paracetamol 325mg Tablets,Paracetamol 500 mg,✅ Yes,"Pain relief, fever reducer",10.0
Aceclofenac 100Mg And Paracetamol 325Mg Tablets,Dolo-650,Micro Labs,10's,₹10.0 (10's),Jan Aushadhi,Aceclofenac 100mg and Paracetamol 325mg Tablets,Paracetamol 650 mg,✅ Yes,"Pain relief, fever reducer",10.0
Aceclofenac 100Mg And Tizanidine 2Mg Tablets,Nan,nan,10's,₹0.0 (10's),Jan Aushadhi,Aceclofenac 100mg and Tizanidine 2mg Tablets,nan,nan,nan,0.0
"Aceclofenac 100Mg, Paracetamol 325Mg And Chlorzoxazone 250Mg Tablets",Calpol,GSK,10's,₹16.0 (10's),Jan Aushadhi,"Aceclofenac 100mg, Paracetamol 325mg and Chlorzoxazone 250mg Tablets",Paracetamol 500 mg,✅ Yes,"Pain relief, fever reducer",16.0
"Aceclofenac 100Mg, Paracetamol 325Mg And Chlorzoxazone 250Mg Tablets",Crocin,GSK,10's,₹16.0 (10's),Jan Aushadhi,"Aceclofenac 100mg, Paracetamol 325mg and Chlorzoxazone 250mg Tablets",Paracetamol 500 mg,✅ Yes,"Pain relief, fever reducer",16.0
"Aceclofenac 100Mg, Paracetamol 325Mg And Chlorzoxazone 250Mg Tablets",Dolo-650,Micro Labs,10's,₹16.0 (10's),Jan Aushadhi,"Aceclofenac 100mg, Paracetamol 325mg and Chlorzoxazone 250mg Tablets",Paracetamol 650 mg,✅ Yes,"Pain relief, fever reducer",16.0
"Aceclofenac 100Mg, Paracetamol 325Mg And Serratiopeptidase 15Mg Tablets",Calpol,GSK,10's,₹19.0 (10's),Jan Aushadhi,"Aceclofenac 100mg, Paracetamol 325mg and Serratiopeptidase 15mg Tablets",Paracetamol 500 mg,✅ Yes,"Pain relief, fever reducer",19.0
"Aceclofenac 100Mg, Paracetamol 325Mg And Serratiopeptidase 15Mg Tablets",Crocin,GSK,10's,₹19.0 (10's),Jan Aushadhi,"Aceclofenac 100mg, Paracetamol 325mg and Serratiopeptidase 15mg Tablets",Paracetamol 500 mg,✅ Yes,"Pain relief, fever reducer",19.0
"Aceclofenac 100Mg, Paracetamol 325Mg And Serratiopeptidase 15Mg Tablets",Dolo-650,Micro Labs,10's,₹19.0 (10's),Jan Aushadhi,"Aceclofenac 100mg, Paracetamol 325mg and Serratiopeptidase 15mg Tablets",Paracetamol 650 mg,✅ Yes,"Pain relief, fever reducer",19.0
"Aceclofenac 100Mg, Paracetamol 325Mg And Thiocolchicoside 4Mg Tablets",Calpol,GSK,10's,₹55.0 (10's),Jan Aushadhi,"Aceclofenac 100mg, Paracetamol 325mg and Thiocolchicoside 4mg Tablets",Paracetamol 500 mg,✅ Yes,"Pain relief, fever reducer",55.0
"Aceclofenac 100Mg, Paracetamol 325Mg And Thiocolchicoside 4Mg Tablets",Crocin,GSK,10's,₹55.0 (10's),Jan Aushadhi,"Aceclofenac 100mg, Paracetamol 325mg and Thiocolchicoside 4mg Tablets",Paracetamol 500 mg,✅ Yes,"Pain relief, fever reducer",55.0
"Aceclofenac 100Mg, Paracetamol 325Mg And Thiocolchicoside 4Mg Tablets",Dolo-650,Micro Labs,10's,₹55.0 (10's),Jan Aushadhi,"Aceclofenac 100mg, Paracetamol 325mg and Thiocolchicoside 4mg Tablets",Paracetamol 650 mg,✅ Yes,"Pain relief, fever reducer",55.0
"Aceclofenac 100Mg, Paracetamol 325Mg And Tizanidine 2Mg Tablets",Calpol,GSK,10's,₹20.0 (10's),Jan Aushadhi,"Aceclofenac 100mg, Paracetamol 325mg and Tizanidine 2mg Tablets",Paracetamol 500 mg,✅ Yes,"Pain relief, fever reducer",20.0
"Aceclofenac 100Mg, Paracetamol 325Mg And Tizanidine 2Mg Tablets",Crocin,GSK,10's,₹20.0 (10's),Jan Aushadhi,"Aceclofenac 100mg, Paracetamol 325mg and Tizanidine 2mg Tablets",Paracetamol 500 mg,✅ Yes,"Pain relief, fever reducer",20.0
"Aceclofenac 100Mg, Paracetamol 325Mg And Tizanidine 2Mg Tablets",Dolo-650,Micro Labs,10's,₹20.0 (10's),Jan Aushadhi,"Aceclofenac 100mg, Paracetamol 325mg and Tizanidine 2mg Tablets",Paracetamol 650 mg,✅ Yes,"Pain relief, fever reducer",20.0
"Aceclofenac 100Mg, Paracetamol 325Mg And Trypsin-Chymotrypsin 150000Au Tablets",Calpol,GSK,10's,₹40.0 (10's),Jan Aushadhi,"Aceclofenac 100Mg, Paracetamol 325Mg And Trypsin-Chymotrypsin 150000Au Tablets",Paracetamol 500 mg,✅ Yes,"Pain relief, fever reducer",40.0
"Aceclofenac 100Mg, Paracetamol 325Mg And Trypsin-Chymotrypsin 150000Au Tablets",Crocin,GSK,10's,₹40.0 (10's),Jan Aushadhi,"Aceclofenac 100Mg, Paracetamol 325Mg And Trypsin-Chymotrypsin 150000Au Tablets",Paracetamol 500 mg,✅ Yes,"Pain relief, fever reducer",40.0
"Aceclofenac 100Mg, Paracetamol 325Mg And Trypsin-Chymotrypsin 150000Au Tablets",Dolo-650,Micro Labs,10's,₹40.0 (10's),Jan Aushadhi,"Aceclofenac 100Mg, Paracetamol 325Mg And Trypsin-Chymotrypsin 150000Au Tablets",Paracetamol 650 mg,✅ Yes,"Pain relief, fever reducer",40.0
Aceclofenac 200Mg (Sustained Release) And Rabeprazole Sodium 20Mg (Enteric-Coated) Capsules,Aciphex,Eisai,10's,₹30.0 (10's),Jan Aushadhi,Aceclofenac 200mg (Sustained release) and Rabeprazole Sodium 20mg (Enteric-coated) Capsules,Rabeprazole 20 mg,✅ Yes,"Acidity, GERD, ulcers",30.0
Aceclofenac 200Mg (Sustained Release) And Rabeprazole Sodium 20Mg (Enteric-Coated) Capsules,Rabeloc,Intas,10's,₹30.0 (10's),Jan Aushadhi,Aceclofenac 200mg (Sustained release) and Rabeprazole Sodium 20mg (Enteric-coated) Capsules,Rabeprazole 20 mg,✅ Yes,"Acidity, GERD, ulcers",30.0
Aceclofenac 200Mg And Cyclobenzaprine 15Mg Sustained Release Tablets,Nan,nan,10's,₹0.0 (10's),Jan Aushadhi,Aceclofenac 200mg and Cyclobenzaprine 15mg Sustained Release Tablets,nan,nan,nan,0.0
Aceclofenac Sustained Release Tablets 200Mg,Nan,nan,10's,₹20.0 (10's),Jan Aushadhi,Aceclofenac Sustained Release Tablets 200mg,nan,nan,nan,20.0
Aceclofenac Tablets IP 100 Mg,Nan,nan,10's,₹8.0 (10's),Jan Aushadhi,Aceclofenac Tablets IP 100 mg,nan,nan,nan,8.0
Acenocoumarol Tablets IP 2 Mg,Nan,nan,30's,₹36.0 (30's),Jan Aushadhi,Acenocoumarol Tablets IP 2 mg,nan,nan,nan,36.0
Acetazolamide Tablets IP 250Mg,Nan,nan,10's,₹18.0 (10's),Jan Aushadhi,Acetazolamide Tablets IP 250mg,nan,nan,nan,18.0
Acetylcysteine Effervescent Tablets 600Mg,Nan,nan,10's,₹135.0 (10's),Jan Aushadhi,Acetylcysteine Effervescent Tablets 600mg,nan,nan,nan,135.0
Acetylcysteine Injection 200 Mg Per Ml,Nan,nan,2 ml Ampoules,₹25.0 (2 ml Ampoules),Jan Aushadhi,Acetylcysteine Injection 200 mg per ml,nan,nan,nan,25.0
Acetylcysteine Tablets 600 Mg,Nan,nan,10's,₹32.0 (10's),Jan Aushadhi,Acetylcysteine Tablets 600 mg,nan,nan,nan,32.0
Acetylsalicylic Acid (Aspirin) Gastro-Resistant Tablets IP 325Mg,Nan,nan,14's,₹8.0 (14's),Jan Aushadhi,Acetylsalicylic Acid (Aspirin) Gastro-resistant Tablets IP 325mg,nan,nan,nan,8.0
Aciclovir Dispersible Tablets IP 400 Mg,Nan,nan,5's,₹30.0 (5's),Jan Aushadhi,Aciclovir Dispersible Tablets IP 400 mg,nan,nan,nan,30.0
Aciclovir Dispersible Tablets IP 800 Mg,Nan,nan,5's,₹44.0 (5's),Jan Aushadhi,Aciclovir Dispersible Tablets IP 800 mg,nan,nan,nan,44.0
Aciclovir Tablets IP 400 Mg,Nan,nan,10's,₹44.0 (10's),Jan Aushadhi,Aciclovir Tablets IP 400 mg,nan,nan,nan,44.0
Acitretin Capsules IP 25 Mg,Nan,nan,10's,₹250.0 (10's),Jan Aushadhi,Acitretin Capsules IP 25 mg,nan,nan,nan,250.0
Acotiamide Tablets 100Mg,Nan,nan,10's,₹73.0 (10's),Jan Aushadhi,Acotiamide Tablets 100mg,nan,nan,nan,73.0
Acyclovir Dispersible Tablets IP 200 Mg,Nan,nan,5's,₹15.0 (5's),Jan Aushadhi,Acyclovir Dispersible Tablets IP 200 mg,nan,nan,nan,15.0
Acyclovir Eye Ointment IP 3% W/W,Nan,nan,5 gm,₹25.0 (5 gm),Jan Aushadhi,Acyclovir Eye Ointment IP 3% W/W,nan,nan,nan,25.0
Adapalene 0.1% W/W And Benzoyl Peroxide 2.5% W/W Gel,Nan,nan,15gm Lami Tube,₹25.0 (15gm Lami Tube),Jan Aushadhi,Adapalene 0.1% w/w and Benzoyl Peroxide 2.5% w/w Gel,nan,nan,nan,25.0
Adapalene 0.1%W/W And Clindamycin Phosphate 1%W/W Gel,Nan,nan,15 gm tubes,₹32.0 (15 gm tubes),Jan Aushadhi,Adapalene 0.1%w/w and Clindamycin Phosphate 1%w/w Gel,nan,nan,nan,32.0
Adapalene Gel 0.1%W/W,Nan,nan,15 gm tubes,₹29.0 (15 gm tubes),Jan Aushadhi,Adapalene Gel 0.1%w/w,nan,nan,nan,29.0
Adenosine Injection IP 3Mg Per Ml,Nan,nan,2 ml,₹25.0 (2 ml),Jan Aushadhi,Adenosine Injection IP 3mg per ml,nan,nan,nan,25.0
Adenosine Injection IP 6 Mg Per 2Ml,Nan,nan,2 ml,₹105.0 (2 ml),Jan Aushadhi,Adenosine Injection IP 6 mg per 2ml,nan,nan,nan,105.0
Agomelatine Tablets 25 Mg,Nan,nan,10's,₹66.0 (10's),Jan Aushadhi,Agomelatine Tablets 25 mg,nan,nan,nan,66.0
Albendazole 400Mg And Ivermectin 6Mg Tablets,Nan,nan,1's,₹6.6 (1's),Jan Aushadhi,Albendazole 400mg and Ivermectin 6mg Tablets,nan,nan,nan,6.6
Albendazole Oral Suspension IP 200 Mg Per 5Ml,Nan,nan,10 ml,₹8.0 (10 ml),Jan Aushadhi,Albendazole Oral Suspension IP 200 mg per 5ml,nan,nan,nan,8.0
Albendazole Tablets IP 400Mg,Nan,nan,1's,₹3.3 (1's),Jan Aushadhi,Albendazole Tablets IP 400mg,nan,nan,nan,3.3
Alendronate Sodium Tablets USP 70Mg,Nan,nan,4's,₹20.0 (4's),Jan Aushadhi,Alendronate Sodium Tablets USP 70mg,nan,nan,nan,20.0
Alfacalcidol Soft Gelatin Capsules 0.25 Mcg,Nan,nan,10's,₹22.0 (10's),Jan Aushadhi,Alfacalcidol Soft Gelatin Capsules 0.25 mcg,nan,nan,nan,22.0
Alfuzosin 10Mg And Dutasteride 0.5Mg Tablets,Nan,nan,10's,₹60.0 (10's),Jan Aushadhi,Alfuzosin 10mg and Dutasteride 0.5mg Tablets,nan,nan,nan,60.0
Alfuzosin Prolonged-Release Tablets IP 10Mg,Nan,nan,10's,₹45.0 (10's),Jan Aushadhi,Alfuzosin Prolonged-release Tablets IP 10mg,nan,nan,nan,45.0
Allopurinol Tablets IP 100 Mg,Nan,nan,10's,₹11.0 (10's),Jan Aushadhi,Allopurinol Tablets IP 100 mg,nan,nan,nan,11.0
Allopurinol Tablets IP 300 Mg,Nan,nan,10's,₹30.0 (10's),Jan Aushadhi,Allopurinol Tablets IP 300 mg,nan,nan,nan,30.0
Allylestrenol Tablets 5 Mg,Nan,nan,10's,₹33.0 (10's),Jan Aushadhi,Allylestrenol Tablets 5 mg,nan,nan,nan,33.0
Aloe Vera 10% W/W And Vitamin E 1% W/W Moisturising Cream,Nan,nan,60 gm Tube,₹50.0 (60 gm Tube),Jan Aushadhi,Aloe Vera 10% W/W and Vitamin E 1% W/W Moisturising Cream,nan,nan,nan,50.0
Alogliptin 25Mg Tablets,Nan,nan,10's,₹0.0 (10's),Jan Aushadhi,Alogliptin 25mg Tablets,nan,nan,nan,0.0
Alpha Ketoanalouge And Essential Amino Acid Tablets,Nan,nan,10's,₹80.0 (10's),Jan Aushadhi,Alpha Ketoanalouge and Essential Amino Acid Tablets,nan,nan,nan,80.0
"Alpha Lipolic Acid 100Mg, Vitamin D3 1000IU, Folic Acid 1.5Mg, Pyridoxine 3Mg And Methylcobalamin1500Mcg Tablets",Nan,nan,10's,₹48.0 (10's),Jan Aushadhi,"Alpha Lipolic Acid 100mg, Vitamin D3 1000IU, Folic Acid 1.5mg, Pyridoxine 3mg and Methylcobalamin1500mcg Tablets",nan,nan,nan,48.0
Alprazolam 0.25Mg And Fluoxetine 20Mg Tablets,Nan,nan,10's,₹14.0 (10's),Jan Aushadhi,Alprazolam 0.25mg and Fluoxetine 20mg Tablets,nan,nan,nan,14.0
Alprazolam 0.25Mg And Propranolol Hydrochloride 10Mg Tablets,Nan,nan,10's,₹15.0 (10's),Jan Aushadhi,Alprazolam 0.25mg and Propranolol Hydrochloride 10mg Tablets,nan,nan,nan,15.0
Alprazolam 0.25Mg And Propranolol Hydrochloride 20Mg Tablets,Nan,nan,10's,₹16.0 (10's),Jan Aushadhi,Alprazolam 0.25mg and Propranolol Hydrochloride 20mg Tablets,nan,nan,nan,16.0
Alprazolam 0.5Mg And Sertraline Hydrochloride 25Mg Tablets,Nan,nan,10's,₹25.0 (10's),Jan Aushadhi,Alprazolam 0.5mg and Sertraline Hydrochloride 25mg Tablets,nan,nan,nan,25.0
Alprazolam 0.5Mg And Sertraline Hydrochloride 50Mg Tablets,Nan,nan,10's,₹35.0 (10's),Jan Aushadhi,Alprazolam 0.5mg and Sertraline Hydrochloride 50mg Tablets,nan,nan,nan,35.0
Alprazolam Tablets IP 0.25 Mg,Nan,nan,10's,₹4.4 (10's),Jan Aushadhi,Alprazolam Tablets IP 0.25 mg,nan,nan,nan,4.4
Alprazolam Tablets IP 0.5 Mg,Nan,nan,10's,₹7.7 (10's),Jan Aushadhi,Alprazolam Tablets IP 0.5 mg,nan,nan,nan,7.7
Amantadine Hydrochloride Capsules IP 100 Mg,Nan,nan,10's,₹50.0 (10's),Jan Aushadhi,Amantadine Hydrochloride Capsules IP 100 mg,nan,nan,nan,50.0
Ambrisentan Tablets 10Mg,Nan,nan,10's,₹0.0 (10's),Jan Aushadhi,Ambrisentan Tablets 10mg,nan,nan,nan,0.0
Ambrisentan Tablets 5Mg,Nan,nan,10's,₹0.0 (10's),Jan Aushadhi,Ambrisentan Tablets 5mg,nan,nan,nan,0.0
"Ambroxol Hydrochloride 15 Mg, Guaifenesin 50 Mg And Levosalbutamol Sulphate 1 Mg Syrup",Nan,nan,100 ml Bottle,₹23.0 (100 ml Bottle),Jan Aushadhi,"Ambroxol Hydrochloride 15 mg, Guaifenesin 50 mg and Levosalbutamol Sulphate 1 mg Syrup",nan,nan,nan,23.0
Amikacin Injection IP 100 Mg Per 2 Ml,Nan,nan,2 ml Vial,₹12.0 (2 ml Vial),Jan Aushadhi,Amikacin Injection IP 100 mg per 2 ml,nan,nan,nan,12.0
Amikacin Injection IP 250 Mg Per 2 Ml,Nan,nan,2 ml Vial,₹20.0 (2 ml Vial),Jan Aushadhi,Amikacin Injection IP 250 mg per 2 ml,nan,nan,nan,20.0
Amikacin Injection IP 500 Mg Per 2 Ml,Nan,nan,2 ml Vial,₹29.0 (2 ml Vial),Jan Aushadhi,Amikacin Injection IP 500 mg per 2 ml,nan,nan,nan,29.0
Amiloride 2.5Mg And Hydrochlorothiazide 25Mg Tablet IP,Nan,nan,10's,₹15.0 (10's),Jan Aushadhi,Amiloride 2.5mg and Hydrochlorothiazide 25mg Tablet IP,nan,nan,nan,15.0
Amino Acid Solution For IV,Nan,nan,200 ml Glass Bottle,₹247.0 (200 ml Glass Bottle),Jan Aushadhi,Amino Acid Solution for IV,nan,nan,nan,247.0
Amiodarone Tablets IP 100 Mg,Nan,nan,10's,₹31.0 (10's),Jan Aushadhi,Amiodarone Tablets IP 100 mg,nan,nan,nan,31.0
Amiodarone Tablets IP 200 Mg,Nan,nan,10's,₹59.0 (10's),Jan Aushadhi,Amiodarone Tablets IP 200 mg,nan,nan,nan,59.0
Amisulpride Sustained Release Tablets 100 Mg,Nan,nan,10's,₹0.0 (10's),Jan Aushadhi,Amisulpride Sustained Release Tablets 100 mg,nan,nan,nan,0.0
Amisulpride Sustained Release Tablets 200 Mg,Nan,nan,10's,₹0.0 (10's),Jan Aushadhi,Amisulpride Sustained Release Tablets 200 mg,nan,nan,nan,0.0
Amisulpride Sustained Release Tablets 300 Mg,Nan,nan,10's,₹0.0 (10's),Jan Aushadhi,Amisulpride Sustained Release Tablets 300 mg,nan,nan,nan,0.0
Amisulpride Sustained Release Tablets 400 Mg,Nan,nan,10's,₹0.0 (10's),Jan Aushadhi,Amisulpride Sustained Release Tablets 400 mg,nan,nan,nan,0.0
Amisulpride Tablets IP 100 Mg,Nan,nan,10's,₹40.0 (10's),Jan Aushadhi,Amisulpride Tablets IP 100 mg,nan,nan,nan,40.0
Amisulpride Tablets IP 200 Mg,Nan,nan,10's,₹70.0 (10's),Jan Aushadhi,Amisulpride Tablets IP 200 mg,nan,nan,nan,70.0
Amisulpride Tablets IP 25 Mg,Nan,nan,10's,₹0.0 (10's),Jan Aushadhi,Amisulpride Tablets IP 25 mg,nan,nan,nan,0.0
Amisulpride Tablets IP 300Mg,Nan,nan,10's,₹80.0 (10's),Jan Aushadhi,Amisulpride Tablets IP 300mg,nan,nan,nan,80.0
Amisulpride Tablets IP 50Mg,Nan,nan,10's,₹31.0 (10's),Jan Aushadhi,Amisulpride Tablets IP 50mg,nan,nan,nan,31.0
Amitriptyline Hydrochloride 25Mg Chlordiazepoxide 10Mg Tablets,Nan,nan,10's,₹10.0 (10's),Jan Aushadhi,Amitriptyline Hydrochloride 25mg Chlordiazepoxide 10mg Tablets,nan,nan,nan,10.0
Amitriptyline Hydrochloride Tablets IP 10Mg,Nan,nan,10's,₹6.6 (10's),Jan Aushadhi,Amitriptyline Hydrochloride Tablets IP 10mg,nan,nan,nan,6.6
Amitriptyline Hydrochloride Tablets IP 25Mg,Nan,nan,15's,₹8.8 (15's),Jan Aushadhi,Amitriptyline Hydrochloride Tablets IP 25mg,nan,nan,nan,8.8
Amitriptyline Hydrochloride Tablets IP 5 Mg,Nan,nan,10's,₹0.0 (10's),Jan Aushadhi,Amitriptyline Hydrochloride Tablets IP 5 mg,nan,nan,nan,0.0
Amitriptyline Hydrochloride Tablets IP 50 Mg,Nan,nan,10's,₹15.0 (10's),Jan Aushadhi,Amitriptyline Hydrochloride Tablets IP 50 mg,nan,nan,nan,15.0
Amitriptyline Hydrochloride Tablets IP 75 Mg,Nan,nan,10's,₹20.0 (10's),Jan Aushadhi,Amitriptyline Hydrochloride Tablets IP 75 mg,nan,nan,nan,20.0
Amlodipine + Enalapril Tablet (5/5 Mg),Amlong,Micro Labs,10's,₹0.0 (10's),Jan Aushadhi,Amlodipine + Enalapril Tablet (5/5 Mg),Amlodipine 5 mg,✅ Yes,"High blood pressure, angina",0.0
Amlodipine + Enalapril Tablet (5/5 Mg),Norvasc,Pfizer,10's,₹0.0 (10's),Jan Aushadhi,Amlodipine + Enalapril Tablet (5/5 Mg),Amlodipine 5 mg,✅ Yes,"High blood pressure, angina",0.0
Amlodipine + Indapamide Tablet (5/1.5 Mg),Amlong,Micro Labs,10's,₹0.0 (10's),Jan Aushadhi,Amlodipine + Indapamide Tablet (5/1.5 Mg),Amlodipine 5 mg,✅ Yes,"High blood pressure, angina",0.0
Amlodipine + Indapamide Tablet (5/1.5 Mg),Norvasc,Pfizer,10's,₹0.0 (10's),Jan Aushadhi,Amlodipine + Indapamide Tablet (5/1.5 Mg),Amlodipine 5 mg,✅ Yes,"High blood pressure, angina",0.0
"Amlodipine 5 Mg, Losartan Potassium 50 Mg & Hydrochlorothiazide 12.5 Mg Tablets",Amlong,Micro Labs,10's,₹25.0 (10's),Jan Aushadhi,"Amlodipine 5 mg, Losartan Potassium 50 mg & Hydrochlorothiazide 12.5 mg Tablets",Amlodipine 5 mg,✅ Yes,"High blood pressure, angina",25.0
"Amlodipine 5 Mg, Losartan Potassium 50 Mg & Hydrochlorothiazide 12.5 Mg Tablets",Cozaar,Merck,10's,₹25.0 (10's),Jan Aushadhi,"Amlodipine 5 mg, Losartan Potassium 50 mg & Hydrochlorothiazide 12.5 mg Tablets",Losartan 50 mg,✅ Yes,"High blood pressure, heart failure, kidney protection",25.0
"Amlodipine 5 Mg, Losartan Potassium 50 Mg & Hydrochlorothiazide 12.5 Mg Tablets",Losar,Torrent,10's,₹25.0 (10's),Jan Aushadhi,"Amlodipine 5 mg, Losartan Potassium 50 mg & Hydrochlorothiazide 12.5 mg Tablets",Losartan 50 mg,✅ Yes,"High blood pressure, heart failure, kidney protection",25.0
"Amlodipine 5 Mg, Losartan Potassium 50 Mg & Hydrochlorothiazide 12.5 Mg Tablets",Norvasc,Pfizer,10's,₹25.0 (10's),Jan Aushadhi,"Amlodipine 5 mg, Losartan Potassium 50 mg & Hydrochlorothiazide 12.5 mg Tablets",Amlodipine 5 mg,✅ Yes,"High blood pressure, angina",25.0
Amlodipine 5Mg And Atenolol 50Mg Tablets IP,Amlong,Micro Labs,10's,₹7.0 (10's),Jan Aushadhi,Amlodipine 5mg and Atenolol 50mg Tablets IP,Amlodipine 5 mg,✅ Yes,"High blood pressure, angina",7.0
Amlodipine 5Mg And Atenolol 50Mg Tablets IP,Norvasc,Pfizer,10's,₹7.0 (10's),Jan Aushadhi,Amlodipine 5mg and Atenolol 50mg Tablets IP,Amlodipine 5 mg,✅ Yes,"High blood pressure, angina",7.0
Amlodipine 5Mg And Hydrochlorothiazide 12.5Mg Tablets,Amlong,Micro Labs,10's,₹16.5 (10's),Jan Aushadhi,Amlodipine 5mg and Hydrochlorothiazide 12.5mg Tablets,Amlodipine 5 mg,✅ Yes,"High blood pressure, angina",16.5
Amlodipine 5Mg And Hydrochlorothiazide 12.5Mg Tablets,Norvasc,Pfizer,10's,₹16.5 (10's),Jan Aushadhi,Amlodipine 5mg and Hydrochlorothiazide 12.5mg Tablets,Amlodipine 5 mg,✅ Yes,"High blood pressure, angina",16.5
Amlodipine 5Mg And Lisinopril 5Mg Tablets IP,Amlong,Micro Labs,15's,₹16.0 (15's),Jan Aushadhi,Amlodipine 5mg and Lisinopril 5mg Tablets IP,Amlodipine 5 mg,✅ Yes,"High blood pressure, angina",16.0
Amlodipine 5Mg And Lisinopril 5Mg Tablets IP,Norvasc,Pfizer,15's,₹16.0 (15's),Jan Aushadhi,Amlodipine 5mg and Lisinopril 5mg Tablets IP,Amlodipine 5 mg,✅ Yes,"High blood pressure, angina",16.0
Amlodipine 5Mg And Perindopril 4Mg Tablets,Amlong,Micro Labs,10's,₹30.0 (10's),Jan Aushadhi,Amlodipine 5mg and Perindopril 4mg Tablets,Amlodipine 5 mg,✅ Yes,"High blood pressure, angina",30.0
Amlodipine 5Mg And Perindopril 4Mg Tablets,Norvasc,Pfizer,10's,₹30.0 (10's),Jan Aushadhi,Amlodipine 5mg and Perindopril 4mg Tablets,Amlodipine 5 mg,✅ Yes,"High blood pressure, angina",30.0
Amlodipine Besilate 5Mg And Bisoprolol Fumarate 5Mg Tablets,Amlong,Micro Labs,10's,₹19.8 (10's),Jan Aushadhi,Amlodipine Besilate 5mg and Bisoprolol Fumarate 5mg Tablets,Amlodipine 5 mg,✅ Yes,"High blood pressure, angina",19.8
Amlodipine Besilate 5Mg And Bisoprolol Fumarate 5Mg Tablets,Norvasc,Pfizer,10's,₹19.8 (10's),Jan Aushadhi,Amlodipine Besilate 5mg and Bisoprolol Fumarate 5mg Tablets,Amlodipine 5 mg,✅ Yes,"High blood pressure, angina",19.8
Amlodipine Tablet IP 10Mg,Amlong,Micro Labs,10's,₹10.0 (10's),Jan Aushadhi,Amlodipine Tablet IP 10mg,Amlodipine 5 mg,✅ Yes,"High blood pressure, angina",10.0
Amlodipine Tablet IP 10Mg,Norvasc,Pfizer,10's,₹10.0 (10's),Jan Aushadhi,Amlodipine Tablet IP 10mg,Amlodipine 5 mg,✅ Yes,"High blood pressure, angina",10.0
Amlodipine Tablets IP 2.5Mg,Amlong,Micro Labs,15's,₹4.0 (15's),Jan Aushadhi,Amlodipine Tablets IP 2.5mg,Amlodipine 5 mg,✅ Yes,"High blood pressure, angina",4.0
Amlodipine Tablets IP 2.5Mg,Norvasc,Pfizer,15's,₹4.0 (15's),Jan Aushadhi,Amlodipine Tablets IP 2.5mg,Amlodipine 5 mg,✅ Yes,"High blood pressure, angina",4.0
Amlodipine Tablets IP 5Mg,Amlong,Micro Labs,10's,₹5.5 (10's),Jan Aushadhi,Amlodipine Tablets IP 5mg,Amlodipine 5 mg,✅ Yes,"High blood pressure, angina",5.5
Amlodipine Tablets IP 5Mg,Norvasc,Pfizer,10's,₹5.5 (10's),Jan Aushadhi,Amlodipine Tablets IP 5mg,Amlodipine 5 mg,✅ Yes,"High blood pressure, angina",5.5
Amorolfine Cream 0.25% W/W,Nan,nan,30 g,₹55.0 (30 g),Jan Aushadhi,Amorolfine Cream 0.25% w/w,nan,nan,nan,55.0
Amorolfine Nail Lacquer 5.0% W/W,Nan,nan,2.5ml in Bottle,₹0.0 (2.5ml in Bottle),Jan Aushadhi,Amorolfine Nail Lacquer 5.0% w/w,nan,nan,nan,0.0
Amorphous Hydrogel Wound Dressing With Colloidal Silver,Nan,nan,10gm Lami Tube,₹0.0 (10gm Lami Tube),Jan Aushadhi,Amorphous Hydrogel Wound Dressing with Colloidal Silver,nan,nan,nan,0.0
Amoxapine Tablets IP 100Mg,Nan,nan,10's,₹74.0 (10's),Jan Aushadhi,Amoxapine Tablets IP 100mg,nan,nan,nan,74.0
Amoxapine Tablets IP 50Mg,Nan,nan,10's,₹51.5 (10's),Jan Aushadhi,Amoxapine Tablets IP 50mg,nan,nan,nan,51.5
"Amoxycillin 125Mg , Cloxacillin 125Mg And Lactic Acid Bacillus 60 Million Spore Tablets",Nan,nan,10's,₹0.0 (10's),Jan Aushadhi,"Amoxycillin 125Mg , Cloxacillin 125Mg And Lactic Acid Bacillus 60 Million Spore Tablets",nan,nan,nan,0.0
Amoxycillin 1G And Potassium Clavulanate 200Mg Injection IP,Nan,nan,Vial & Wfi,₹58.0 (Vial & Wfi),Jan Aushadhi,Amoxycillin 1g and Potassium Clavulanate 200mg Injection IP,nan,nan,nan,58.0
"Amoxycillin 200Mg , Clavulanic Acid 28.5Mg And Lactic Acid Bacillus 30 Million Spore Dry Syrup",Nan,nan,30 ml Bottle,₹0.0 (30 ml Bottle),Jan Aushadhi,"Amoxycillin 200Mg , Clavulanic Acid 28.5Mg And Lactic Acid Bacillus 30 Million Spore Dry syrup",nan,nan,nan,0.0
"Amoxycillin 200Mg , Clavulanic Acid 28.5Mg And Lactic Acid Bacillus 60 Million Spore Dry Syrup",Nan,nan,30 ml Bottle,₹32.0 (30 ml Bottle),Jan Aushadhi,"Amoxycillin 200Mg , Clavulanic Acid 28.5Mg And Lactic Acid Bacillus 60 Million Spore Dry syrup",nan,nan,nan,32.0
Amoxycillin 200Mg And Potassium Clavulanate 28.5Mg Oral Suspension IP Per 5Ml,Nan,nan,30 ml,₹27.0 (30 ml),Jan Aushadhi,Amoxycillin 200mg and Potassium Clavulanate 28.5mg Oral Suspension IP per 5ml,nan,nan,nan,27.0
Amoxycillin 250Mg And Cloxacillin 250Mg Capsules,Nan,nan,10's,₹31.9 (10's),Jan Aushadhi,Amoxycillin 250mg and Cloxacillin 250mg Capsules,nan,nan,nan,31.9
Amoxycillin 250Mg And Potassium Clavulanate 125Mg Tablets IP,Nan,nan,6's,₹47.0 (6's),Jan Aushadhi,Amoxycillin 250mg and Potassium Clavulanate 125mg Tablets IP,nan,nan,nan,47.0
Amoxycillin 250Mg And Potassium Clavulanate 50Mg Injection IP,Nan,nan,Vial & Wfi,₹28.0 (Vial & Wfi),Jan Aushadhi,Amoxycillin 250mg and Potassium Clavulanate 50mg Injection IP,nan,nan,nan,28.0
"Amoxycillin 250Mg, Cloxacillin 250Mg And Lactic Acid Bacillus 100 Million Spore Capsules",Nan,nan,6's,₹0.0 (6's),Jan Aushadhi,"Amoxycillin 250mg, Cloxacillin 250mg And Lactic Acid Bacillus 100 Million Spore Capsules",nan,nan,nan,0.0
"Amoxycillin 250Mg, Dicloxacillin 250Mg And Lactic Acid Bacillus 2.5 Billion Capsules",Nan,nan,10's,₹48.0 (10's),Jan Aushadhi,"Amoxycillin 250mg, Dicloxacillin 250mg and Lactic Acid Bacillus 2.5 billion Capsules",nan,nan,nan,48.0
"Amoxycillin 250Mg, Dicloxacillin 250Mg And Lactic Acid Bacillus 60 Million Spore Capsule",Nan,nan,10's,₹35.0 (10's),Jan Aushadhi,"Amoxycillin 250Mg, Dicloxacillin 250Mg And Lactic Acid Bacillus 60 Million Spore Capsule",nan,nan,nan,35.0
Amoxycillin 400Mg And Potassium Clavulanate 57Mg Oral Suspension IP,Nan,nan,30 ml,₹50.0 (30 ml),Jan Aushadhi,Amoxycillin 400mg and Potassium Clavulanate 57mg Oral Suspension IP,nan,nan,nan,50.0
Amoxycillin 500Mg And Potassium Clavulanate 100Mg Injection IP,Nan,nan,Vial & Wfi,₹40.0 (Vial & Wfi),Jan Aushadhi,Amoxycillin 500mg and Potassium Clavulanate 100mg Injection IP,nan,nan,nan,40.0
Amoxycillin 500Mg And Potassium Clavulanate 125Mg Tablets IP,Nan,nan,6's,₹56.1 (6's),Jan Aushadhi,Amoxycillin 500mg and Potassium Clavulanate 125mg Tablets IP,nan,nan,nan,56.1
"Amoxycillin 500Mg, Clavulanic Acid 125Mg And Lactic Acid Bacillus 60 Million Spores Tablets",Nan,nan,10's,₹100.0 (10's),Jan Aushadhi,"Amoxycillin 500mg, Clavulanic Acid 125mg and Lactic Acid Bacillus 60 Million Spores Tablets",nan,nan,nan,100.0
Amoxycillin 80Mg And Potassium Clavulanate 11.4Mg Oral Suspension IP,Nan,nan,10 ml,₹35.0 (10 ml),Jan Aushadhi,Amoxycillin 80mg and Potassium Clavulanate 11.4mg Oral Suspension IP,nan,nan,nan,35.0
Amoxycillin 875Mg And Potassium Clavulanate 125Mg Tablets IP,Nan,nan,6's,₹77.0 (6's),Jan Aushadhi,Amoxycillin 875mg and Potassium Clavulanate 125mg Tablets IP,nan,nan,nan,77.0
Amoxycillin Capsules IP 250Mg,Nan,nan,10's,₹13.2 (10's),Jan Aushadhi,Amoxycillin Capsules IP 250mg,nan,nan,nan,13.2
Amoxycillin Capsules IP 500Mg,Nan,nan,10's,₹35.0 (10's),Jan Aushadhi,Amoxycillin Capsules IP 500mg,nan,nan,nan,35.0
Amoxycillin Oral Suspension IP 125Mg Per 5Ml,Nan,nan,60 ml,₹19.0 (60 ml),Jan Aushadhi,Amoxycillin Oral Suspension IP 125mg per 5ml,nan,nan,nan,19.0
Amoxycillin Trihydrate Dispersible Tablets IP 125 Mg,Nan,nan,10's,₹12.0 (10's),Jan Aushadhi,Amoxycillin Trihydrate Dispersible Tablets IP 125 mg,nan,nan,nan,12.0
Ampicillin 250Mg And Cloxacillin 250Mg Capsules,Nan,nan,10's,₹30.0 (10's),Jan Aushadhi,Ampicillin 250mg and Cloxacillin 250mg Capsules,nan,nan,nan,30.0
Ampicillin 250Mg And Di-Cloxacillin 250Mg Capsules,Nan,nan,10's,₹45.0 (10's),Jan Aushadhi,Ampicillin 250mg and Di-Cloxacillin 250mg Capsules,nan,nan,nan,45.0
Ampicillin Capsules IP 500 Mg,Nan,nan,10's,₹40.0 (10's),Jan Aushadhi,Ampicillin Capsules IP 500 mg,nan,nan,nan,40.0
Ampicillin Injection IP 500 Mg,Nan,nan,Vial,₹7.7 (Vial),Jan Aushadhi,Ampicillin Injection IP 500 mg,nan,nan,nan,7.7
Anastrozole Tablets IP 1Mg,Nan,nan,10's,₹78.0 (10's),Jan Aushadhi,Anastrozole Tablets IP 1mg,nan,nan,nan,78.0
Anti-D (Rho) Immunoglobulin (Monoclonal) 300 Mcg,Nan,nan,1 ml Vial,₹0.0 (1 ml Vial),Jan Aushadhi,Anti-D (Rho) Immunoglobulin (Monoclonal) 300 mcg,nan,nan,nan,0.0
Antioxidant Capsules,Nan,nan,30's,₹65.0 (30's),Jan Aushadhi,Antioxidant Capsules,nan,nan,nan,65.0
Apixaban Tablets 2.5Mg,Nan,nan,10's,₹20.0 (10's),Jan Aushadhi,Apixaban Tablets 2.5mg,nan,nan,nan,20.0
Apixaban Tablets 5Mg,Nan,nan,10's,₹35.0 (10's),Jan Aushadhi,Apixaban Tablets 5mg,nan,nan,nan,35.0
Apremilast Tablets IP 10Mg,Nan,nan,10's,₹80.0 (10's),Jan Aushadhi,Apremilast Tablets IP 10mg,nan,nan,nan,80.0
Apremilast Tablets IP 20Mg,Nan,nan,10's,₹100.0 (10's),Jan Aushadhi,Apremilast Tablets IP 20mg,nan,nan,nan,100.0
Apremilast Tablets IP 30Mg,Nan,nan,10's,₹138.0 (10's),Jan Aushadhi,Apremilast Tablets IP 30mg,nan,nan,nan,138.0
Aripiprazole Tablets IP 10 Mg,Nan,nan,10's,₹25.0 (10's),Jan Aushadhi,Aripiprazole Tablets IP 10 mg,nan,nan,nan,25.0
Aripiprazole Tablets IP 15 Mg,Nan,nan,10's,₹35.0 (10's),Jan Aushadhi,Aripiprazole Tablets IP 15 mg,nan,nan,nan,35.0
Aripiprazole Tablets IP 2.5 Mg,Nan,nan,10's,₹10.0 (10's),Jan Aushadhi,Aripiprazole Tablets IP 2.5 mg,nan,nan,nan,10.0
Aripiprazole Tablets IP 20 Mg,Nan,nan,10's,₹45.0 (10's),Jan Aushadhi,Aripiprazole Tablets IP 20 mg,nan,nan,nan,45.0
Aripiprazole Tablets IP 30 Mg,Nan,nan,10's,₹30.0 (10's),Jan Aushadhi,Aripiprazole Tablets IP 30 mg,nan,nan,nan,30.0
Aripiprazole Tablets IP 5Mg,Nan,nan,10's,₹14.0 (10's),Jan Aushadhi,Aripiprazole Tablets IP 5mg,nan,nan,nan,14.0
Aripiprazole Tablets IP 7.5 Mg,Nan,nan,10's,₹23.0 (10's),Jan Aushadhi,Aripiprazole Tablets IP 7.5 mg,nan,nan,nan,23.0
Armodafinil 150Mg Tablets,Nan,nan,10's,₹130.0 (10's),Jan Aushadhi,Armodafinil 150mg Tablets,nan,nan,nan,130.0
Armodafinil 50Mg Tablets,Nan,nan,10's,₹0.0 (10's),Jan Aushadhi,Armodafinil 50mg Tablets,nan,nan,nan,0.0
Arteether Injection 75Mg Per Ml,Nan,nan,1ml Ampoule,₹10.0 (1ml Ampoule),Jan Aushadhi,Arteether Injection 75mg per ml,nan,nan,nan,10.0
Artemether 80Mg And Lumefantrine 480Mg Tablets,Nan,nan,6's,₹30.0 (6's),Jan Aushadhi,Artemether 80mg and Lumefantrine 480mg Tablets,nan,nan,nan,30.0
"Artesunate 200Mg Tablets, Sulfadoxine 500Mg And Pyrimethamine 25Mg Tablets IP Combi Kit",Nan,nan,KIT,₹45.0 (KIT),Jan Aushadhi,"Artesunate 200mg Tablets, Sulfadoxine 500mg and Pyrimethamine 25mg Tablets IP Combi kit",nan,nan,nan,45.0
Artesunate Injection IP 120Mg,Nan,nan,Vial with Diluent,₹50.0 (Vial with Diluent),Jan Aushadhi,Artesunate Injection IP 120mg,nan,nan,nan,50.0
Artesunate Injection IP 60 Mg,Nan,nan,1 vial,₹23.0 (1 vial),Jan Aushadhi,Artesunate Injection IP 60 mg,nan,nan,nan,23.0
Ashwagandha Tablets 250 Mg,Nan,nan,60's in Bottle,₹50.0 (60's in Bottle),Jan Aushadhi,Ashwagandha Tablets 250 mg,nan,nan,nan,50.0
Aspirin Enteric Coated Tablets IP 75Mg,Nan,nan,14's,₹3.0 (14's),Jan Aushadhi,Aspirin Enteric Coated Tablets IP 75mg,nan,nan,nan,3.0
Aspirin Gastro Resistant 75Mg And Rosuvastatin 10Mg Capsules IP,Nan,nan,10's,₹37.0 (10's),Jan Aushadhi,Aspirin Gastro Resistant 75mg and Rosuvastatin 10mg Capsules IP,nan,nan,nan,37.0
Aspirin Gastro-Resistant 75Mg And Atorvastatin 10Mg Capsules IP,Nan,nan,10's,₹16.0 (10's),Jan Aushadhi,Aspirin Gastro-resistant 75mg and Atorvastatin 10mg Capsules IP,nan,nan,nan,16.0
Aspirin Gastro-Resistant Tablets IP 150 Mg,Nan,nan,14's,₹5.0 (14's),Jan Aushadhi,Aspirin Gastro-resistant Tablets IP 150 mg,nan,nan,nan,5.0
Atazanavir 300Mg And Ritonavir 100Mg Tablets IP,Nan,nan,30's Bottle,₹820.0 (30's Bottle),Jan Aushadhi,Atazanavir 300mg and Ritonavir 100mg Tablets IP,nan,nan,nan,820.0
Atenolol + Chlorthalidone Tablet (25/12.5 Mg),Nan,nan,10's,₹0.0 (10's),Jan Aushadhi,Atenolol + Chlorthalidone Tablet (25/12.5 Mg),nan,nan,nan,0.0
Atenolol + Chlorthalidone Tablet (50/12.5 Mg),Nan,nan,10's,₹0.0 (10's),Jan Aushadhi,Atenolol + Chlorthalidone Tablet (50/12.5 Mg),nan,nan,nan,0.0
Atenolol + Indapamide Tablet (50/2.5 Mg),Nan,nan,10's,₹0.0 (10's),Jan Aushadhi,Atenolol + Indapamide Tablet (50/2.5 Mg),nan,nan,nan,0.0
Atenolol + Losartan Tablet (50/50 Mg),Cozaar,Merck,10's,₹0.0 (10's),Jan Aushadhi,Atenolol + Losartan Tablet (50/50 Mg),Losartan 50 mg,✅ Yes,"High blood pressure, heart failure, kidney protection",0.0
Atenolol + Losartan Tablet (50/50 Mg),Losar,Torrent,10's,₹0.0 (10's),Jan Aushadhi,Atenolol + Losartan Tablet (50/50 Mg),Losartan 50 mg,✅ Yes,"High blood pressure, heart failure, kidney protection",0.0
Atenolol + Nifedipine Tablet (50/20 Mg),Nan,nan,10's,₹0.0 (10's),Jan Aushadhi,Atenolol + Nifedipine Tablet (50/20 Mg),nan,nan,nan,0.0
Atenolol 25Mg And Amlodipine 5Mg Tablets IP,Amlong,Micro Labs,14's,₹16.0 (14's),Jan Aushadhi,Atenolol 25mg and Amlodipine 5mg Tablets IP,Amlodipine 5 mg,✅ Yes,"High blood pressure, angina",16.0
Atenolol 25Mg And Amlodipine 5Mg Tablets IP,Norvasc,Pfizer,14's,₹16.0 (14's),Jan Aushadhi,Atenolol 25mg and Amlodipine 5mg Tablets IP,Amlodipine 5 mg,✅ Yes,"High blood pressure, angina",16.0
Atenolol Tablets IP 25Mg,Nan,nan,14's,₹6.0 (14's),Jan Aushadhi,Atenolol Tablets IP 25mg,nan,nan,nan,6.0
Atenolol Tablets IP 50 Mg,Nan,nan,14's,₹6.6 (14's),Jan Aushadhi,Atenolol Tablets IP 50 mg,nan,nan,nan,6.6
Atomoxetine Tablet (10 Mg),Nan,nan,10's,₹0.0 (10's),Jan Aushadhi,Atomoxetine Tablet (10 Mg),nan,nan,nan,0.0
Atorvastatin (10Mg) + Aspirin (75Mg) + Ramipril (5Mg) Capsule,Nan,nan,10's,₹0.0 (10's),Jan Aushadhi,Atorvastatin (10mg) + Aspirin (75mg) + Ramipril (5mg) Capsule,nan,nan,nan,0.0
Atorvastatin (10Mg) + Fenofibrate (160Mg) + Ezetimibe (10Mg) Tablets,Nan,nan,10's,₹0.0 (10's),Jan Aushadhi,Atorvastatin (10mg) + Fenofibrate (160mg) + Ezetimibe (10mg) Tablets,nan,nan,nan,0.0
Atorvastatin 10Mg + Ezetimibe 10Mg Tablets,Nan,nan,10's,₹25.0 (10's),Jan Aushadhi,Atorvastatin 10mg + Ezetimibe 10mg Tablets,nan,nan,nan,25.0
Atorvastatin 10Mg And Aspirin 150Mg Capsules,Nan,nan,15's,₹26.0 (15's),Jan Aushadhi,Atorvastatin 10mg and Aspirin 150mg Capsules,nan,nan,nan,26.0
Atorvastatin 10Mg And Cholecalciferol 1000 IU Tablet,Nan,nan,10's,₹20.0 (10's),Jan Aushadhi,Atorvastatin 10mg And Cholecalciferol 1000 IU Tablet,nan,nan,nan,20.0
Atorvastatin 10Mg And Clopidogrel 75Mg Capsules,Clopilet,Sun Pharma,10's,₹38.5 (10's),Jan Aushadhi,Atorvastatin 10mg and Clopidogrel 75mg Capsules,Clopidogrel 75 mg,✅ Yes,Prevents blood clots after heart attack/stroke,38.5
Atorvastatin 10Mg And Clopidogrel 75Mg Capsules,Deplatt,Torrent,10's,₹38.5 (10's),Jan Aushadhi,Atorvastatin 10mg and Clopidogrel 75mg Capsules,Clopidogrel 75 mg,✅ Yes,Prevents blood clots after heart attack/stroke,38.5
Atorvastatin 10Mg And Fenofibrate 160Mg Tablets IP,Nan,nan,15's,₹30.0 (15's),Jan Aushadhi,Atorvastatin 10mg and Fenofibrate 160mg Tablets IP,nan,nan,nan,30.0
"Atorvastatin 10Mg, Aspirin 75Mg And Clopidogrel 75Mg Capsules",Clopilet,Sun Pharma,10's,₹38.0 (10's),Jan Aushadhi,"Atorvastatin 10mg, Aspirin 75mg and Clopidogrel 75mg Capsules",Clopidogrel 75 mg,✅ Yes,Prevents blood clots after heart attack/stroke,38.0
"Atorvastatin 10Mg, Aspirin 75Mg And Clopidogrel 75Mg Capsules",Deplatt,Torrent,10's,₹38.0 (10's),Jan Aushadhi,"Atorvastatin 10mg, Aspirin 75mg and Clopidogrel 75mg Capsules",Clopidogrel 75 mg,✅ Yes,Prevents blood clots after heart attack/stroke,38.0
Atorvastatin 20Mg + Ezetimibe 10Mg Tablets,Nan,nan,10's,₹30.0 (10's),Jan Aushadhi,Atorvastatin 20mg + Ezetimibe 10mg Tablets,nan,nan,nan,30.0
Atorvastatin 20Mg And Aspirin 150Mg Capsules IP,Nan,nan,10's,₹20.0 (10's),Jan Aushadhi,Atorvastatin 20mg and Aspirin 150mg Capsules IP,nan,nan,nan,20.0
Atorvastatin 20Mg And Aspirin 75Mg Capsules IP,Nan,nan,10's,₹18.5 (10's),Jan Aushadhi,Atorvastatin 20mg and Aspirin 75mg Capsules IP,nan,nan,nan,18.5
Atorvastatin 20Mg And Clopidogrel 75Mg Capsules,Clopilet,Sun Pharma,10's,₹38.5 (10's),Jan Aushadhi,Atorvastatin 20mg and Clopidogrel 75mg Capsules,Clopidogrel 75 mg,✅ Yes,Prevents blood clots after heart attack/stroke,38.5
Atorvastatin 20Mg And Clopidogrel 75Mg Capsules,Deplatt,Torrent,10's,₹38.5 (10's),Jan Aushadhi,Atorvastatin 20mg and Clopidogrel 75mg Capsules,Clopidogrel 75 mg,✅ Yes,Prevents blood clots after heart attack/stroke,38.5
"Atorvastatin 20Mg, Clopidogrel 75Mg And Aspirin 75Mg Capsules",Clopilet,Sun Pharma,10's,₹44.0 (10's),Jan Aushadhi,"Atorvastatin 20mg, Clopidogrel 75mg and Aspirin 75mg Capsules",Clopidogrel 75 mg,✅ Yes,Prevents blood clots after heart attack/stroke,44.0
"Atorvastatin 20Mg, Clopidogrel 75Mg And Aspirin 75Mg Capsules",Deplatt,Torrent,10's,₹44.0 (10's),Jan Aushadhi,"Atorvastatin 20mg, Clopidogrel 75mg and Aspirin 75mg Capsules",Clopidogrel 75 mg,✅ Yes,Prevents blood clots after heart attack/stroke,44.0
Atorvastatin Tablets IP 10Mg,Nan,nan,10's,₹8.8 (10's),Jan Aushadhi,Atorvastatin Tablets IP 10mg,nan,nan,nan,8.8
Atorvastatin Tablets IP 20Mg,Nan,nan,10's,₹12.1 (10's),Jan Aushadhi,Atorvastatin Tablets IP 20mg,nan,nan,nan,12.1
Atorvastatin Tablets IP 40 Mg,Nan,nan,10's,₹22.0 (10's),Jan Aushadhi,Atorvastatin Tablets IP 40 mg,nan,nan,nan,22.0
Atorvastatin Tablets IP 5Mg,Nan,nan,10's,₹10.0 (10's),Jan Aushadhi,Atorvastatin Tablets IP 5mg,nan,nan,nan,10.0
Atorvastatin Tablets IP 80Mg,Nan,nan,10's,₹35.0 (10's),Jan Aushadhi,Atorvastatin Tablets IP 80mg,nan,nan,nan,35.0
Atracurium Besylate Injection I.P 25Mg Per 2.5Ml,Nan,nan,2.5 ML,₹23.5 (2.5 ML),Jan Aushadhi,Atracurium Besylate Injection I.P 25mg per 2.5ml,nan,nan,nan,23.5
Atropine Sulphate Injection IP 0.6Mg Per Ml,Nan,nan,1 ml,₹2.0 (1 ml),Jan Aushadhi,Atropine Sulphate Injection IP 0.6mg per ml,nan,nan,nan,2.0
Azathioprine Tablets IP 50 Mg,Nan,nan,10's,₹45.0 (10's),Jan Aushadhi,Azathioprine Tablets IP 50 mg,nan,nan,nan,45.0
Azelaic Acid 10% W/W And Benzoic Acid 0.2% W/W (As Preservative) Cream,Nan,nan,15gm Lami-Tube in Monopack,₹40.0 (15gm Lami-Tube in Monopack),Jan Aushadhi,Azelaic acid 10% w/w and Benzoic acid 0.2% w/w (as preservative) Cream,nan,nan,nan,40.0
Azelaic Acid 20% Cream,Nan,nan,15GM,₹0.0 (15GM),Jan Aushadhi,Azelaic Acid 20% Cream,nan,nan,nan,0.0
Azelastine Hydrochloride 140Mcg And Fluticasone Propionate 50Mcg Nasal Spray,Nan,nan,70 MD,₹190.0 (70 MD),Jan Aushadhi,Azelastine Hydrochloride 140mcg and Fluticasone Propionate 50mcg Nasal Spray,nan,nan,nan,190.0
Azelnidipine 8Mg + Telmisartan 40Mg Tablets,Micardis,Boehringer,10's,₹45.0 (10's),Jan Aushadhi,Azelnidipine 8mg + Telmisartan 40mg Tablets,Telmisartan 40 mg,✅ Yes,"High blood pressure, heart protection",45.0
Azelnidipine 8Mg + Telmisartan 40Mg Tablets,Telma,Glenmark,10's,₹45.0 (10's),Jan Aushadhi,Azelnidipine 8mg + Telmisartan 40mg Tablets,Telmisartan 40 mg,✅ Yes,"High blood pressure, heart protection",45.0
Azelnidipine Tablets IP 16Mg,Nan,nan,10's,₹50.0 (10's),Jan Aushadhi,Azelnidipine Tablets IP 16mg,nan,nan,nan,50.0
Azelnidipine Tablets IP 8Mg,Nan,nan,10's,₹30.0 (10's),Jan Aushadhi,Azelnidipine Tablets IP 8mg,nan,nan,nan,30.0
Azilsartan 40Mg And Chlorthalidone 6.25Mg Tablet,Nan,nan,10's,₹65.0 (10's),Jan Aushadhi,Azilsartan 40mg and Chlorthalidone 6.25mg Tablet,nan,nan,nan,65.0
Azilsartan Medoxomil 40Mg And Chlorthalidone 12.5Mg Tablets,Nan,nan,10's,₹73.0 (10's),Jan Aushadhi,Azilsartan Medoxomil 40mg and Chlorthalidone 12.5mg Tablets,nan,nan,nan,73.0
Azilsartan Medoxomil Tablets 20Mg,Nan,nan,10's,₹0.0 (10's),Jan Aushadhi,Azilsartan Medoxomil Tablets 20mg,nan,nan,nan,0.0
Azilsartan Medoxomil Tablets 80Mg,Nan,nan,10's,₹110.0 (10's),Jan Aushadhi,Azilsartan Medoxomil Tablets 80mg,nan,nan,nan,110.0
Azilsartan Medoxomil Tablets IP 40Mg,Nan,nan,10's,₹64.0 (10's),Jan Aushadhi,Azilsartan Medoxomil Tablets IP 40mg,nan,nan,nan,64.0
Azithromycin Dispersible Tablets 100Mg,Azithral,Alembic,10's,₹27.0 (10's),Jan Aushadhi,Azithromycin Dispersible Tablets 100mg,Azithromycin 500 mg,✅ Yes,"Respiratory infections, typhoid, skin infections",27.0
Azithromycin Dispersible Tablets 100Mg,Zithromax,Pfizer,10's,₹27.0 (10's),Jan Aushadhi,Azithromycin Dispersible Tablets 100mg,Azithromycin 500 mg,✅ Yes,"Respiratory infections, typhoid, skin infections",27.0
Azithromycin Eye Drops 1% W/V,Azithral,Alembic,3ml Drops,₹30.0 (3ml Drops),Jan Aushadhi,Azithromycin Eye Drops 1% w/v,Azithromycin 500 mg,✅ Yes,"Respiratory infections, typhoid, skin infections",30.0
Azithromycin Eye Drops 1% W/V,Zithromax,Pfizer,3ml Drops,₹30.0 (3ml Drops),Jan Aushadhi,Azithromycin Eye Drops 1% w/v,Azithromycin 500 mg,✅ Yes,"Respiratory infections, typhoid, skin infections",30.0
Azithromycin Oral Suspension IP 100Mg Per 5Ml,Azithral,Alembic,15 ml,₹15.0 (15 ml),Jan Aushadhi,Azithromycin Oral Suspension IP 100mg per 5ml,Azithromycin 500 mg,✅ Yes,"Respiratory infections, typhoid, skin infections",15.0
Azithromycin Oral Suspension IP 100Mg Per 5Ml,Zithromax,Pfizer,15 ml,₹15.0 (15 ml),Jan Aushadhi,Azithromycin Oral Suspension IP 100mg per 5ml,Azithromycin 500 mg,✅ Yes,"Respiratory infections, typhoid, skin infections",15.0
Azithromycin Oral Suspension IP 200 Mg,Azithral,Alembic,15 ml,₹22.0 (15 ml),Jan Aushadhi,Azithromycin Oral Suspension IP 200 mg,Azithromycin 500 mg,✅ Yes,"Respiratory infections, typhoid, skin infections",22.0
Azithromycin Oral Suspension IP 200 Mg,Zithromax,Pfizer,15 ml,₹22.0 (15 ml),Jan Aushadhi,Azithromycin Oral Suspension IP 200 mg,Azithromycin 500 mg,✅ Yes,"Respiratory infections, typhoid, skin infections",22.0
Azithromycin Tablets IP 250 Mg,Azithral,Alembic,6's,₹45.0 (6's),Jan Aushadhi,Azithromycin Tablets IP 250 mg,Azithromycin 500 mg,✅ Yes,"Respiratory infections, typhoid, skin infections",45.0
Azithromycin Tablets IP 250 Mg,Zithromax,Pfizer,6's,₹45.0 (6's),Jan Aushadhi,Azithromycin Tablets IP 250 mg,Azithromycin 500 mg,✅ Yes,"Respiratory infections, typhoid, skin infections",45.0
Azithromycin Tablets IP 500 Mg,Azithral,Alembic,3's,₹42.0 (3's),Jan Aushadhi,Azithromycin Tablets IP 500 mg,Azithromycin 500 mg,✅ Yes,"Respiratory infections, typhoid, skin infections",42.0
Azithromycin Tablets IP 500 Mg,Zithromax,Pfizer,3's,₹42.0 (3's),Jan Aushadhi,Azithromycin Tablets IP 500 mg,Azithromycin 500 mg,✅ Yes,"Respiratory infections, typhoid, skin infections",42.0
Bacillus Clausii Spores Suspension 2 Billion Per 5Ml,Nan,nan,5 ML,₹15.0 (5 ML),Jan Aushadhi,Bacillus Clausii Spores Suspension 2 Billion per 5ml,nan,nan,nan,15.0
"Bacitracin 250 IU, Neomycin 5Mg, Sulphacetamide 60Mg Dusting Powder",Nan,nan,10 gm Powder,₹25.0 (10 gm Powder),Jan Aushadhi,"Bacitracin 250 IU, Neomycin 5mg, Sulphacetamide 60mg Dusting Powder",nan,nan,nan,25.0
"Bacitracin 400 IU, Neomycin 3400 IU And Polymyxin B 5000 IU Opthalmic Ointment",Nan,nan,10 gm Tube,₹52.0 (10 gm Tube),Jan Aushadhi,"Bacitracin 400 IU, Neomycin 3400 IU and Polymyxin B 5000 IU Opthalmic Ointment",nan,nan,nan,52.0
Baclofen 20Mg Extended Release (Gastric Retentive System) Tablets,Nan,nan,10's,₹30.0 (10's),Jan Aushadhi,Baclofen 20mg Extended Release (Gastric Retentive System) Tablets,nan,nan,nan,30.0
Baclofen Tablets IP 10 Mg,Nan,nan,10's,₹11.0 (10's),Jan Aushadhi,Baclofen Tablets IP 10 mg,nan,nan,nan,11.0
Baricitinib Tablets 4Mg,Nan,nan,7's,₹0.0 (7's),Jan Aushadhi,Baricitinib Tablets 4mg,nan,nan,nan,0.0
Beclomethasone 0.025%W/V And Clotrimazole 1%W/V Lotion,Nan,nan,30 ml,₹30.0 (30 ml),Jan Aushadhi,Beclomethasone 0.025%w/v and Clotrimazole 1%w/v Lotion,nan,nan,nan,30.0
Beclomethasone 0.025%W/W And Clotrimazole 1%W/W Cream,Nan,nan,20 g,₹25.0 (20 g),Jan Aushadhi,Beclomethasone 0.025%w/w and Clotrimazole 1%w/w Cream,nan,nan,nan,25.0
Beclomethasone 0.025%W/W And Neomycin 0.5%W/W Cream,Nan,nan,15g tube,₹11.0 (15g tube),Jan Aushadhi,Beclomethasone 0.025%w/w and Neomycin 0.5%w/w Cream,nan,nan,nan,11.0
"Beclomethasone Dipropionate 0.025%W/W, Clotrimazole 1%W/W And Gentamicin Sulphate 0.1%W/W Cream",Nan,nan,15 g tubes,₹20.0 (15 g tubes),Jan Aushadhi,"Beclomethasone Dipropionate 0.025%w/w, Clotrimazole 1%w/w and Gentamicin Sulphate 0.1%w/w Cream",nan,nan,nan,20.0
Beclomethasone Dipropionate 100Mcg Rotacaps IP,Nan,nan,30's in Plastic container,₹0.0 (30's in Plastic container),Jan Aushadhi,Beclomethasone Dipropionate 100mcg Rotacaps IP,nan,nan,nan,0.0
Beclomethasone Dipropionate Inhalation IP 100Mcg,Nan,nan,200 MDI,₹133.0 (200 MDI),Jan Aushadhi,Beclomethasone Dipropionate Inhalation IP 100mcg,nan,nan,nan,133.0
Beclomethasone Dipropionate Inhalation IP 200Mcg,Nan,nan,200 MDI,₹150.0 (200 MDI),Jan Aushadhi,Beclomethasone Dipropionate Inhalation IP 200mcg,nan,nan,nan,150.0
Beclomethasone Dipropionate Rotacaps 200Mcg,Nan,nan,30's in Plastic container with monocarton,₹70.86 (30's in Plastic container with monocarton),Jan Aushadhi,Beclomethasone Dipropionate Rotacaps 200mcg,nan,nan,nan,70.86
Beclomethasone Dipropionate Rotacaps 400Mcg,Nan,nan,30's in Plastic container with monocarton,₹72.47 (30's in Plastic container with monocarton),Jan Aushadhi,Beclomethasone Dipropionate Rotacaps 400mcg,nan,nan,nan,72.47
Bempedoic Acid Tablets 180Mg,Nan,nan,10's,₹120.0 (10's),Jan Aushadhi,Bempedoic Acid Tablets 180mg,nan,nan,nan,120.0
Benazepril 5Mg Tablets,Nan,nan,10's,₹45.0 (10's),Jan Aushadhi,Benazepril 5mg Tablets,nan,nan,nan,45.0
Benedipine (4Mg) + Telmisartan (40Mg) + Chlorthalidone (6.25Mg) Tablets,Micardis,Boehringer,10's,₹45.0 (10's),Jan Aushadhi,Benedipine (4mg) + Telmisartan (40mg) + Chlorthalidone (6.25mg) Tablets,Telmisartan 40 mg,✅ Yes,"High blood pressure, heart protection",45.0
Benedipine (4Mg) + Telmisartan (40Mg) + Chlorthalidone (6.25Mg) Tablets,Telma,Glenmark,10's,₹45.0 (10's),Jan Aushadhi,Benedipine (4mg) + Telmisartan (40mg) + Chlorthalidone (6.25mg) Tablets,Telmisartan 40 mg,✅ Yes,"High blood pressure, heart protection",45.0
Benidipine + Telmisartan Tablet (4/40 Mg),Micardis,Boehringer,15's,₹0.0 (15's),Jan Aushadhi,Benidipine + Telmisartan Tablet (4/40 Mg),Telmisartan 40 mg,✅ Yes,"High blood pressure, heart protection",0.0
Benidipine + Telmisartan Tablet (4/40 Mg),Telma,Glenmark,15's,₹0.0 (15's),Jan Aushadhi,Benidipine + Telmisartan Tablet (4/40 Mg),Telmisartan 40 mg,✅ Yes,"High blood pressure, heart protection",0.0
Benidipine 8Mg Tablets,Nan,nan,10's,₹25.0 (10's),Jan Aushadhi,Benidipine 8mg Tablets,nan,nan,nan,25.0
Benidipine Hydrochloride Tablets 4Mg,Nan,nan,10's,₹15.0 (10's),Jan Aushadhi,Benidipine Hydrochloride Tablets 4mg,nan,nan,nan,15.0
Benzoic Acid 6% W/W And Salicylic Acid 3% W/W IP Ointment,Nan,nan,15g in Mono-carton,₹13.0 (15g in Mono-carton),Jan Aushadhi,Benzoic acid 6% w/w and Salicylic acid 3% w/w IP Ointment,nan,nan,nan,13.0
Benzoyl Peroxide 5% Soap,Nan,nan,75GM,₹0.0 (75GM),Jan Aushadhi,Benzoyl Peroxide 5% Soap,nan,nan,nan,0.0
Benzoyl Peroxide Gel 5%,Nan,nan,15GM,₹0.0 (15GM),Jan Aushadhi,Benzoyl Peroxide Gel 5%,nan,nan,nan,0.0
Benzoyl Peroxide Gel IP 2.5% W/W,Nan,nan,20gm Tube,₹22.0 (20gm Tube),Jan Aushadhi,Benzoyl Peroxide Gel IP 2.5% w/w,nan,nan,nan,22.0
Bepotastine Besilate Tablets 10Mg,Nan,nan,10's,₹65.0 (10's),Jan Aushadhi,Bepotastine Besilate Tablets 10mg,nan,nan,nan,65.0
Betahistine Tablets IP 16 Mg,Nan,nan,15's,₹16.0 (15's),Jan Aushadhi,Betahistine Tablets IP 16 mg,nan,nan,nan,16.0
Betahistine Tablets IP 24 Mg,Nan,nan,15's,₹24.0 (15's),Jan Aushadhi,Betahistine Tablets IP 24 mg,nan,nan,nan,24.0
Betahistine Tablets IP 8 Mg,Nan,nan,10's,₹8.8 (10's),Jan Aushadhi,Betahistine Tablets IP 8 mg,nan,nan,nan,8.8
Betamethasone Cream IP 0.1 % W/W,Nan,nan,20 gm,₹9.9 (20 gm),Jan Aushadhi,Betamethasone Cream IP 0.1 % w/w,nan,nan,nan,9.9
Betamethasone Dipropionate 0.05% W/W And Salicylic Acid 3% W/W Ointment,Nan,nan,20 gm,₹17.0 (20 gm),Jan Aushadhi,Betamethasone Dipropionate 0.05% w/w and Salicylic Acid 3% w/w Ointment,nan,nan,nan,17.0
Betamethasone Injection IP 4 Mg Per Ml,Nan,nan,1 ml,₹3.0 (1 ml),Jan Aushadhi,Betamethasone Injection IP 4 mg per ml,nan,nan,nan,3.0
Betamethasone Sodium Phosphate 0.1% W/V And Neomycin Sulphate 0.5% W/V Eye/Ear Drops,Nan,nan,5ml in Mono-carton,₹0.0 (5ml in Mono-carton),Jan Aushadhi,Betamethasone Sodium Phosphate 0.1% w/v and Neomycin Sulphate 0.5% w/v Eye/Ear Drops,nan,nan,nan,0.0
Betamethasone Sodium Phosphate 0.1% W/V And Ofloxacin 0.3% W/V Eye/Ear Drops,Nan,nan,10ml in Mono-carton,₹0.0 (10ml in Mono-carton),Jan Aushadhi,Betamethasone Sodium Phosphate 0.1% w/v and Ofloxacin 0.3% w/v Eye/Ear Drops,nan,nan,nan,0.0
Betamethasone Sodium Phosphate Tablets IP 0.5 Mg,Nan,nan,20's,₹8.0 (20's),Jan Aushadhi,Betamethasone Sodium Phosphate Tablets IP 0.5 mg,nan,nan,nan,8.0
Betamethasone Valerate 0.1%W/W And Neomycin Sulfate 0.5%W/W Cream,Nan,nan,20 gm,₹17.6 (20 gm),Jan Aushadhi,Betamethasone Valerate 0.1%w/w and Neomycin Sulfate 0.5%w/w Cream,nan,nan,nan,17.6
Betamethasone Valerate 0.12%W/W And Clioquinol 3%W/W Cream,Nan,nan,30 GM,₹35.0 (30 GM),Jan Aushadhi,Betamethasone Valerate 0.12%w/w and Clioquinol 3%w/w Cream,nan,nan,nan,35.0
"Betamethasone Valerate 0.12%W/W, Gentamicin 0.1%W/W And Miconazole Nitrate 2%W/W Cream",Nan,nan,20 g,₹16.0 (20 g),Jan Aushadhi,"Betamethasone Valerate 0.12%w/w, Gentamicin 0.1%w/w and Miconazole Nitrate 2%w/w Cream",nan,nan,nan,16.0
Betaxolol Eye Drops IP 0.5% W/V,Nan,nan,5ml Drops,₹20.0 (5ml Drops),Jan Aushadhi,Betaxolol Eye Drops IP 0.5% w/v,nan,nan,nan,20.0
Bethanechol Chloride 25Mg Tablets,Nan,nan,10's,₹93.0 (10's),Jan Aushadhi,Bethanechol Chloride 25mg Tablets,nan,nan,nan,93.0
Bicalutamide Tablets IP 50Mg,Nan,nan,10's,₹137.0 (10's),Jan Aushadhi,Bicalutamide Tablets IP 50mg,nan,nan,nan,137.0
Bifonazole IP 1% W/W Cream,Nan,nan,30gm Lami Tube,₹40.0 (30gm Lami Tube),Jan Aushadhi,Bifonazole IP 1% w/w Cream,nan,nan,nan,40.0
Bilastine 10Mg And Montelukast 4Mg Orodispersible Tablets,Nan,nan,10's,₹38.0 (10's),Jan Aushadhi,Bilastine 10mg and Montelukast 4mg Orodispersible Tablets,nan,nan,nan,38.0
Bilastine 20Mg Montelukast 10Mg Tablets,Nan,nan,10's,₹50.0 (10's),Jan Aushadhi,Bilastine 20mg Montelukast 10mg Tablets,nan,nan,nan,50.0
Bilastine Tablets 20 Mg,Nan,nan,10's,₹35.0 (10's),Jan Aushadhi,Bilastine Tablets 20 mg,nan,nan,nan,35.0
Bimatoprost 0.03% W/V And Timolol 0.5% W/V Ophthalmic Solution,Nan,nan,5ml Drops,₹170.0 (5ml Drops),Jan Aushadhi,Bimatoprost 0.03% w/v and Timolol 0.5% w/v Ophthalmic Solution,nan,nan,nan,170.0
Bimatoprost Ophthalmic Solution 0.01% W/V,Nan,nan,3 ml,₹0.0 (3 ml),Jan Aushadhi,Bimatoprost Ophthalmic Solution 0.01% w/v,nan,nan,nan,0.0
Bimatoprost Ophthalmic Solution 0.03% W/V,Nan,nan,3 ml,₹170.0 (3 ml),Jan Aushadhi,Bimatoprost Ophthalmic Solution 0.03% w/v,nan,nan,nan,170.0
Biotin Tablets 10Mg,Nan,nan,10's,₹34.0 (10's),Jan Aushadhi,Biotin Tablets 10mg,nan,nan,nan,34.0
Biphasic Insulin Lispro Injection IP 100IU Per Ml (25:75),Nan,nan,3ml Pre-Filled Cartridge,₹0.0 (3ml Pre-Filled Cartridge),Jan Aushadhi,Biphasic Insulin Lispro Injection IP 100IU per ml (25:75),nan,nan,nan,0.0
Biphasic Isophane Insulin Injection IP (50:50) 40 IU Per Ml,Nan,nan,10 ML VIAL,₹88.0 (10 ML VIAL),Jan Aushadhi,Biphasic Isophane Insulin Injection IP (50:50) 40 IU per ml,nan,nan,nan,88.0
Biphasic Isophane Insulin Injection IP 100 Iu/Ml (30:70 ) (30% Soluble Insulin And 70% Isophane Insu,Nan,nan,3 ml Catridge,₹165.0 (3 ml Catridge),Jan Aushadhi,Biphasic Isophane Insulin Injection IP 100 IU/ml (30:70 ) (30% Soluble Insulin and 70% Isophane Insu,nan,nan,nan,165.0
Bisacodyl Suppositories IP 10Mg,Nan,nan,5's,₹25.0 (5's),Jan Aushadhi,Bisacodyl Suppositories IP 10mg,nan,nan,nan,25.0
Bisacodyl Suppositories IP 5Mg,Nan,nan,5's,₹0.0 (5's),Jan Aushadhi,Bisacodyl Suppositories IP 5mg,nan,nan,nan,0.0
Bisacodyl Tablets IP 5Mg,Nan,nan,10's,₹6.0 (10's),Jan Aushadhi,Bisacodyl Tablets IP 5mg,nan,nan,nan,6.0
Bisoprolol 5Mg And Hydrochlorothiazide 12.5Mg Tablets,Nan,nan,10's,₹20.0 (10's),Jan Aushadhi,Bisoprolol 5mg and Hydrochlorothiazide 12.5mg Tablets,nan,nan,nan,20.0
Bisoprolol 5Mg And Hydrochlorothiazide 6.25Mg Tablets IP,Nan,nan,10's,₹16.5 (10's),Jan Aushadhi,Bisoprolol 5mg and Hydrochlorothiazide 6.25mg Tablets IP,nan,nan,nan,16.5
Bisoprolol Fumarate Tablets 2.5 Mg,Nan,nan,10's,₹11.0 (10's),Jan Aushadhi,Bisoprolol Fumarate Tablets 2.5 mg,nan,nan,nan,11.0
Bisoprolol Tablets 5 Mg,Nan,nan,10's,₹15.0 (10's),Jan Aushadhi,Bisoprolol Tablets 5 mg,nan,nan,nan,15.0
Bleomycin Injection IP 15 IU,Nan,nan,Vial,₹300.0 (Vial),Jan Aushadhi,Bleomycin Injection IP 15 IU,nan,nan,nan,300.0
Bortezomib 2.5Mg Powder For Injection,Nan,nan,Vial with WFI,₹0.0 (Vial with WFI),Jan Aushadhi,Bortezomib 2.5mg powder for Injection,nan,nan,nan,0.0
Bortezomib 2Mg Powder For Injection,Nan,nan,Vial with WFI,₹710.0 (Vial with WFI),Jan Aushadhi,Bortezomib 2mg powder for Injection,nan,nan,nan,710.0
Bortezomib Injection IP 3.5 Mg,Nan,nan,Vial,₹990.0 (Vial),Jan Aushadhi,Bortezomib Injection IP 3.5 mg,nan,nan,nan,990.0
Bosentan 62.5Mg Tablets,Nan,nan,10's,₹375.0 (10's),Jan Aushadhi,Bosentan 62.5mg Tablets,nan,nan,nan,375.0
Brimonidine Tartrate 0.2%W/V And Timolol Maleate 0.5%W/V Ophthalmic Solution,Nan,nan,5 ml,₹50.0 (5 ml),Jan Aushadhi,Brimonidine Tartrate 0.2%w/v and Timolol Maleate 0.5%w/v Ophthalmic Solution,nan,nan,nan,50.0
Brimonidine Tartrate Eye Drops IP 0.1% W/V,Nan,nan,5 ml,₹20.0 (5 ml),Jan Aushadhi,Brimonidine Tartrate Eye drops IP 0.1% w/v,nan,nan,nan,20.0
Brinzolamide 10Mg And Brimonidine 2Mg Ophthalmic Suspension 5Ml,Nan,nan,5ml in Mono Carton,₹0.0 (5ml in Mono Carton),Jan Aushadhi,Brinzolamide 10mg and Brimonidine 2mg Ophthalmic Suspension 5ml,nan,nan,nan,0.0
Brinzolamide Ophthalmic Suspension IP 1% W/V,Nan,nan,5ml Drops,₹40.0 (5ml Drops),Jan Aushadhi,Brinzolamide Ophthalmic Suspension IP 1% w/v,nan,nan,nan,40.0
Brivaracetam Tablets IP 50Mg,Nan,nan,10's,₹85.0 (10's),Jan Aushadhi,Brivaracetam Tablets IP 50mg,nan,nan,nan,85.0
Bromfenac 0.09% W/V And Moxifloxacin 0.5% W/V Eye Drops,Nan,nan,5ml Drops,₹45.0 (5ml Drops),Jan Aushadhi,Bromfenac 0.09% w/v and Moxifloxacin 0.5% w/v Eye Drops,nan,nan,nan,45.0
Bromfenac Sodium Eye Drop 0.09%W/V,Nan,nan,5 ml,₹66.0 (5 ml),Jan Aushadhi,Bromfenac Sodium Eye Drop 0.09%w/v,nan,nan,nan,66.0
Bromhexine Hydrochloride 8Mg And Phenylephrine Hydrochloride 5Mg Tablets,Nan,nan,15's,₹13.0 (15's),Jan Aushadhi,Bromhexine Hydrochloride 8mg and Phenylephrine Hydrochloride 5mg Tablets,nan,nan,nan,13.0
Bromocriptine Mesylate Tablets IP 1.25 Mg,Nan,nan,10's,₹35.0 (10's),Jan Aushadhi,Bromocriptine Mesylate Tablets IP 1.25 mg,nan,nan,nan,35.0
Bromocriptine Mesylate Tablets IP 2.5Mg,Nan,nan,10's,₹88.0 (10's),Jan Aushadhi,Bromocriptine Mesylate Tablets IP 2.5mg,nan,nan,nan,88.0
Budesonide 160 Mcg And Formoterol 4.5Mcg Inhalation Powder,Nan,nan,60 doses in MDI inhaler,₹0.0 (60 doses in MDI inhaler),Jan Aushadhi,Budesonide 160 mcg and Formoterol 4.5mcg Inhalation Powder,nan,nan,nan,0.0
Budesonide Inhalation IP 100Mcg,Nan,nan,200 MDI,₹123.0 (200 MDI),Jan Aushadhi,Budesonide Inhalation IP 100mcg,nan,nan,nan,123.0
Budesonide Inhalation IP 200Mcg,Nan,nan,200 md,₹160.0 (200 md),Jan Aushadhi,Budesonide Inhalation IP 200mcg,nan,nan,nan,160.0
Budesonide Nebuliser Suspension 1Mg Per 2Ml,Nan,nan,2 ml,₹13.2 (2 ml),Jan Aushadhi,Budesonide Nebuliser Suspension 1mg per 2ml,nan,nan,nan,13.2
Budesonide Powder For Inhalation IP 400Mcg (Rotacaps),Nan,nan,30's,₹109.38 (30's),Jan Aushadhi,Budesonide Powder for Inhalation IP 400mcg (Rotacaps),nan,nan,nan,109.38
Bupivacaine Hydrochloride Injection IP 5 Mg Per Ml,Nan,nan,20 ml,₹39.0 (20 ml),Jan Aushadhi,Bupivacaine Hydrochloride Injection IP 5 mg per ml,nan,nan,nan,39.0
Bupropion Prolonged-Release Tablets IP 150 Mg,Nan,nan,10's,₹45.0 (10's),Jan Aushadhi,Bupropion Prolonged-release Tablets IP 150 mg,nan,nan,nan,45.0
Buspirone Tablet (10 Mg),Nan,nan,10's,₹0.0 (10's),Jan Aushadhi,Buspirone Tablet (10 Mg),nan,nan,nan,0.0
Buspirone Tablet (5 Mg),Nan,nan,10's,₹0.0 (10's),Jan Aushadhi,Buspirone Tablet (5 Mg),nan,nan,nan,0.0
Cabergoline Tablets IP 0.5Mg,Nan,nan,4's,₹170.0 (4's),Jan Aushadhi,Cabergoline Tablets IP 0.5mg,nan,nan,nan,170.0
Cabozantinib Tablets 20 Mg,Nan,nan,30's bottle,₹1550.0 (30's bottle),Jan Aushadhi,Cabozantinib Tablets 20 mg,nan,nan,nan,1550.0
Cabozantinib Tablets 40 Mg,Nan,nan,30's bottle,₹2450.0 (30's bottle),Jan Aushadhi,Cabozantinib Tablets 40 mg,nan,nan,nan,2450.0
Cabozantinib Tablets 60 Mg,Nan,nan,30's bottle,₹3800.0 (30's bottle),Jan Aushadhi,Cabozantinib Tablets 60 mg,nan,nan,nan,3800.0
Caffeine (30Mg) + Diphenhydramine (25Mg) + Paracetamol (500Mg) + Phenylephrine (5Mg) Tablets,Calpol,GSK,10's,₹10.0 (10's),Jan Aushadhi,Caffeine (30mg) + Diphenhydramine (25mg) + Paracetamol (500mg) + Phenylephrine (5mg) Tablets,Paracetamol 500 mg,✅ Yes,"Pain relief, fever reducer",10.0
Caffeine (30Mg) + Diphenhydramine (25Mg) + Paracetamol (500Mg) + Phenylephrine (5Mg) Tablets,Crocin,GSK,10's,₹10.0 (10's),Jan Aushadhi,Caffeine (30mg) + Diphenhydramine (25mg) + Paracetamol (500mg) + Phenylephrine (5mg) Tablets,Paracetamol 500 mg,✅ Yes,"Pain relief, fever reducer",10.0
Caffeine (30Mg) + Diphenhydramine (25Mg) + Paracetamol (500Mg) + Phenylephrine (5Mg) Tablets,Dolo-650,Micro Labs,10's,₹10.0 (10's),Jan Aushadhi,Caffeine (30mg) + Diphenhydramine (25mg) + Paracetamol (500mg) + Phenylephrine (5mg) Tablets,Paracetamol 650 mg,✅ Yes,"Pain relief, fever reducer",10.0
Caffeine Citrate Injection 20Mg/Ml,Nan,nan,2ml vial,₹100.0 (2ml vial),Jan Aushadhi,Caffeine Citrate Injection 20mg/ml,nan,nan,nan,100.0
"Calamine 8% W/W, Aloe Vera Gel 10% W/W, Light Liquid Paraffin 10% W/W Lotion",Nan,nan,100ml,₹60.0 (100ml),Jan Aushadhi,"Calamine 8% w/w, Aloe Vera Gel 10% w/w, Light Liquid Paraffin 10% w/w Lotion",nan,nan,nan,60.0
Calamine Lotion IP,Nan,nan,100 ml,₹28.0 (100 ml),Jan Aushadhi,Calamine Lotion IP,nan,nan,nan,28.0
Calcipotriol 0.005% And Clobetasol Propionate 0.05 % Ointment,Nan,nan,15gm Lami-tube,₹182.0 (15gm Lami-tube),Jan Aushadhi,Calcipotriol 0.005% and Clobetasol Propionate 0.05 % Ointment,nan,nan,nan,182.0
Calcitriol 0.25Mcg And Calcium 200Mg Capsules,Nan,nan,15's,₹35.0 (15's),Jan Aushadhi,Calcitriol 0.25mcg and Calcium 200mg Capsules,nan,nan,nan,35.0
"Calcitriol 0.25Mcg, Calcium Carbonate 500Mg, Vitamin K27 45Mcg, Methylcobalamin 1500Mcg, Zinc 7.5Mg, Magnesium 50Mg And L- Methylfolate 800Mcg Capsules",Nan,nan,10's,₹50.0 (10's),Jan Aushadhi,"Calcitriol 0.25mcg, Calcium Carbonate 500mg, Vitamin K27 45mcg, Methylcobalamin 1500mcg, Zinc 7.5mg, Magnesium 50mg and L- Methylfolate 800mcg Capsules",nan,nan,nan,50.0
Calcitriol Capsules IP 0.25Mcg,Nan,nan,10's,₹29.7 (10's),Jan Aushadhi,Calcitriol Capsules IP 0.25mcg,nan,nan,nan,29.7
"Calcium (Calcium Carbonate) 1250Mg, Vitamin D3 2000 IU, Mecobalamin (Vitamin B12) 1500Mcg, L-Methylfolate Calcium (Vitamin B9) 1Mg, Pyridoxal-5-Phosphate (Vitamin B6) 20Mg Tablets",Nan,nan,10's,₹40.0 (10's),Jan Aushadhi,"Calcium (Calcium Carbonate) 1250mg, Vitamin D3 2000 IU, Mecobalamin (Vitamin B12) 1500mcg, L-Methylfolate Calcium (Vitamin B9) 1mg, Pyridoxal-5-Phosphate (Vitamin B6) 20mg Tablets",nan,nan,nan,40.0
Calcium (From Coral Grains) 500Mg And Vitamin D-3 500IU Tablets,Nan,nan,10's,₹30.0 (10's),Jan Aushadhi,Calcium (from Coral Grains) 500mg and Vitamin D-3 500IU Tablets,nan,nan,nan,30.0
"Calcium 1250Mg, Calcitriol 0.25Mcg And Vitamin K2-7 45Mcg Capsules",Nan,nan,10's,₹50.0 (10's),Jan Aushadhi,"Calcium 1250mg, Calcitriol 0.25mcg and Vitamin K2-7 45mcg Capsules",nan,nan,nan,50.0
Calcium 500Mg And Calcitriol 0.25Mcg Tablets,Nan,nan,15's,₹18.0 (15's),Jan Aushadhi,Calcium 500mg and Calcitriol 0.25mcg Tablets,nan,nan,nan,18.0
Calcium 500Mg And Vitamin D3 250IU Tablets IP,Nan,nan,10's,₹7.7 (10's),Jan Aushadhi,Calcium 500mg and Vitamin D3 250IU Tablets IP,nan,nan,nan,7.7
Calcium 500Mg And Vitamin D3 500IU Tablets IP,Nan,nan,10's,₹8.0 (10's),Jan Aushadhi,Calcium 500mg and Vitamin D3 500IU Tablets IP,nan,nan,nan,8.0
Calcium Acetate Tablets 667Mg,Nan,nan,10's,₹28.0 (10's),Jan Aushadhi,Calcium Acetate Tablets 667mg,nan,nan,nan,28.0
Calcium And Vitamin D3 Capsules,Nan,nan,10's,₹33.0 (10's),Jan Aushadhi,Calcium and Vitamin D3 Capsules,nan,nan,nan,33.0
"Calcium Aspartate (500Mg), Calcium Orotate (500Mg), Calcitriol (0.25Mcg), Minerals And Vitamins Tablets",Nan,nan,10's,₹60.0 (10's),Jan Aushadhi,"Calcium aspartate (500mg), Calcium Orotate (500mg), Calcitriol (0.25mcg), Minerals and Vitamins Tablets",nan,nan,nan,60.0
"Calcium Carbonate 1250Mg, Vitamin D3 250IU, Magnesium Oxide 40Mg, Manganese Sulphate 1.8Mg And Zinc 7.5Mg Tablets",Nan,nan,10's,₹14.3 (10's),Jan Aushadhi,"Calcium Carbonate 1250mg, Vitamin D3 250IU, Magnesium Oxide 40mg, Manganese Sulphate 1.8mg and Zinc 7.5mg Tablets",nan,nan,nan,14.3
"Calcium Carbonate 500Mg, Calcitriol 0.25Mcg And Zinc 7.5Mg Capsules",Nan,nan,10's,₹19.8 (10's),Jan Aushadhi,"Calcium Carbonate 500mg, Calcitriol 0.25mcg and Zinc 7.5mg Capsules",nan,nan,nan,19.8
"Calcium Citrate 1000Mg, Magnesium 100Mg, Zinc 4Mg And Vitamin D3 200 IU Tablets",Nan,nan,10's,₹15.0 (10's),Jan Aushadhi,"Calcium Citrate 1000mg, Magnesium 100mg, Zinc 4mg and Vitamin D3 200 IU Tablets",nan,nan,nan,15.0
Calcium Citrate And Vitamin D3 Chewable Tablets,Nan,nan,30's in container,₹35.0 (30's in container),Jan Aushadhi,Calcium Citrate and Vitamin D3 Chewable Tablets,nan,nan,nan,35.0
"Calcium Citrate Malate 250Mg , Vitamin D3 100IU And Folic Acid 50Mcg Tablets",Nan,nan,10's,₹20.0 (10's),Jan Aushadhi,"Calcium Citrate Malate 250mg , Vitamin D3 100IU and Folic Acid 50mcg Tablets",nan,nan,nan,20.0
"Calcium Citrate Malate 250Mg, Calcitriol 0.25Mcg And Vitamin K2-7 50Mcg Tablets",Nan,nan,10's,₹40.0 (10's),Jan Aushadhi,"Calcium Citrate Malate 250mg, Calcitriol 0.25mcg and Vitamin K2-7 50mcg Tablets",nan,nan,nan,40.0
Calcium Dobesilate Monohydrate Capsules 500Mg,Nan,nan,10's,₹40.0 (10's),Jan Aushadhi,Calcium Dobesilate Monohydrate Capsules 500mg,nan,nan,nan,40.0
Calcium Gluconate Injection IP 10 % W/V,Nan,nan,10 ml,₹5.0 (10 ml),Jan Aushadhi,Calcium Gluconate Injection IP 10 % w/v,nan,nan,nan,5.0
Calcium Pantothenate 100Mg Tablets IP,Nan,nan,10's,₹15.0 (10's),Jan Aushadhi,Calcium Pantothenate 100mg Tablets IP,nan,nan,nan,15.0
"Calcium Phosphate 82Mg, Vitamin D3 200IU And Vitamin B12 2.5Mcg Suspension",Nan,nan,200 ml,₹36.0 (200 ml),Jan Aushadhi,"Calcium Phosphate 82mg, Vitamin D3 200IU and Vitamin B12 2.5mcg Suspension",nan,nan,nan,36.0
Calcium Polystyrene Sulphonate Powder 15G Per Sachet,Nan,nan,15 gm,₹44.0 (15 gm),Jan Aushadhi,Calcium Polystyrene Sulphonate Powder 15g per sachet,nan,nan,nan,44.0
"Calcium, Magnesium, Zinc And Vitamin D-3 Oral Suspension",Nan,nan,200 ml,₹38.0 (200 ml),Jan Aushadhi,"Calcium, Magnesium, zinc and Vitamin D-3 Oral Suspension",nan,nan,nan,38.0
Camylofin Dihydrochloride 25Mg And Paracetamol 300Mg Tablets,Calpol,GSK,10's,₹20.0 (10's),Jan Aushadhi,Camylofin Dihydrochloride 25mg and Paracetamol 300mg Tablets,Paracetamol 500 mg,✅ Yes,"Pain relief, fever reducer",20.0
Camylofin Dihydrochloride 25Mg And Paracetamol 300Mg Tablets,Crocin,GSK,10's,₹20.0 (10's),Jan Aushadhi,Camylofin Dihydrochloride 25mg and Paracetamol 300mg Tablets,Paracetamol 500 mg,✅ Yes,"Pain relief, fever reducer",20.0
Camylofin Dihydrochloride 25Mg And Paracetamol 300Mg Tablets,Dolo-650,Micro Labs,10's,₹20.0 (10's),Jan Aushadhi,Camylofin Dihydrochloride 25mg and Paracetamol 300mg Tablets,Paracetamol 650 mg,✅ Yes,"Pain relief, fever reducer",20.0
Canagliflozin Tablets 100 Mg,Nan,nan,10's,₹186.0 (10's),Jan Aushadhi,Canagliflozin Tablets 100 mg,nan,nan,nan,186.0
Capecitabine Tablets IP 500Mg,Nan,nan,10's,₹250.0 (10's),Jan Aushadhi,Capecitabine Tablets IP 500mg,nan,nan,nan,250.0
Carbamazepine Prolonged Release Tablets IP 400Mg,Nan,nan,10's,₹26.1 (10's),Jan Aushadhi,Carbamazepine Prolonged release Tablets IP 400mg,nan,nan,nan,26.1
Carbamazepine Prolonged-Release Tablets IP 200Mg,Nan,nan,10's,₹15.0 (10's),Jan Aushadhi,Carbamazepine Prolonged-release Tablets IP 200mg,nan,nan,nan,15.0
Carbamazepine Tablets IP 100 Mg,Nan,nan,10's,₹8.0 (10's),Jan Aushadhi,Carbamazepine Tablets IP 100 mg,nan,nan,nan,8.0
Carbetocin Injection 100Mcg /Ml,Nan,nan,1ML,₹0.0 (1ML),Jan Aushadhi,Carbetocin Injection 100mcg /ml,nan,nan,nan,0.0
Carbidopa 10Mg And Levodopa 100Mg Tablets IP,Nan,nan,10's,₹0.0 (10's),Jan Aushadhi,Carbidopa 10mg and Levodopa 100mg Tablets IP,nan,nan,nan,0.0
Carbimazole Tablets IP 10 Mg,Nan,nan,100's,₹77.0 (100's),Jan Aushadhi,Carbimazole Tablets IP 10 mg,nan,nan,nan,77.0
Carbimazole Tablets IP 20Mg,Nan,nan,100's in Amber Coloured Glass Bottle,₹0.0 (100's in Amber Coloured Glass Bottle),Jan Aushadhi,Carbimazole Tablets IP 20mg,nan,nan,nan,0.0
Carbimazole Tablets IP 5 Mg,Nan,nan,10's,₹11.0 (10's),Jan Aushadhi,Carbimazole Tablets IP 5 mg,nan,nan,nan,11.0
"Carbonyl Iron 100Mg, Folic Acid 1.5Mg And Vitamin B12 15Mcg With Zinc Capsules",Nan,nan,10's,₹15.0 (10's),Jan Aushadhi,"Carbonyl Iron 100mg, Folic Acid 1.5mg and Vitamin B12 15mcg with Zinc Capsules",nan,nan,nan,15.0
"Carbonyl Iron 50Mg, Folic Acid 0.5Mg And Zinc 61.8Mg Capsules",Nan,nan,15's,₹22.0 (15's),Jan Aushadhi,"Carbonyl Iron 50mg, Folic Acid 0.5mg and Zinc 61.8mg Capsules",nan,nan,nan,22.0
Carboplatin Injection IP 150Mg,Nan,nan,15 ml Vial,₹412.5 (15 ml Vial),Jan Aushadhi,Carboplatin Injection IP 150mg,nan,nan,nan,412.5
Carboplatin Injection IP 450Mg,Nan,nan,45 ml Vial,₹1707.0 (45 ml Vial),Jan Aushadhi,Carboplatin Injection IP 450mg,nan,nan,nan,1707.0
Carboprost Injection 125Mcg,Nan,nan,0.5ml Ampoule,₹49.0 (0.5ml Ampoule),Jan Aushadhi,Carboprost Injection 125mcg,nan,nan,nan,49.0
Carboxymethlycellulose Eye Drops IP 1% W/V,Nan,nan,10 ml,₹30.0 (10 ml),Jan Aushadhi,Carboxymethlycellulose Eye drops IP 1% w/v,nan,nan,nan,30.0
Carboxymethylcellulose Sodium Eye Drops IP 0.5% W/V,Nan,nan,10 ml,₹26.4 (10 ml),Jan Aushadhi,Carboxymethylcellulose Sodium Eye Drops IP 0.5% w/v,nan,nan,nan,26.4
"Carica Papaya Leaf Extract 1100Mg, Goat Milk 250Mg And Tinospora Cordifolia 250Mg Extract Tablets",Nan,nan,10's,₹0.0 (10's),Jan Aushadhi,"Carica papaya leaf Extract 1100mg, Goat Milk 250mg and Tinospora Cordifolia 250mg Extract Tablets",nan,nan,nan,0.0
Cariprazine Capsules 1.5 Mg,Nan,nan,10's,₹54.0 (10's),Jan Aushadhi,Cariprazine Capsules 1.5 mg,nan,nan,nan,54.0
Cariprazine Capsules 3 Mg,Nan,nan,10's,₹87.0 (10's),Jan Aushadhi,Cariprazine Capsules 3 mg,nan,nan,nan,87.0
Cariprazine Capsules 4.5 Mg,Nan,nan,10's,₹0.0 (10's),Jan Aushadhi,Cariprazine Capsules 4.5 mg,nan,nan,nan,0.0
Cariprazine Capsules 6 Mg,Nan,nan,10's,₹0.0 (10's),Jan Aushadhi,Cariprazine Capsules 6 mg,nan,nan,nan,0.0
Carvedilol Phosphate Extended Release Tablets 10Mg,Nan,nan,10's,₹17.0 (10's),Jan Aushadhi,Carvedilol Phosphate Extended Release Tablets 10mg,nan,nan,nan,17.0
Carvedilol Phosphate Extended Release Tablets 20Mg,Nan,nan,10's,₹25.0 (10's),Jan Aushadhi,Carvedilol Phosphate Extended Release Tablets 20mg,nan,nan,nan,25.0
Carvedilol Tablets IP 12.5 Mg,Nan,nan,10's,₹15.0 (10's),Jan Aushadhi,Carvedilol Tablets IP 12.5 mg,nan,nan,nan,15.0
Carvedilol Tablets IP 3.125 Mg,Nan,nan,10's,₹7.7 (10's),Jan Aushadhi,Carvedilol Tablets IP 3.125 mg,nan,nan,nan,7.7
Carvedilol Tablets IP 6.25Mg,Nan,nan,10's,₹7.7 (10's),Jan Aushadhi,Carvedilol Tablets IP 6.25mg,nan,nan,nan,7.7
Cefaclor Dispersible Tablets 250 Mg,Nan,nan,10's,₹180.0 (10's),Jan Aushadhi,Cefaclor Dispersible Tablets 250 mg,nan,nan,nan,180.0
Cefadroxil Dispersible Tablets 250Mg,Nan,nan,10's,₹18.7 (10's),Jan Aushadhi,Cefadroxil Dispersible Tablets 250mg,nan,nan,nan,18.7
Cefadroxil Oral Suspension IP 125Mg Per 5Ml (Dry Syrup),Nan,nan,30ml,₹0.0 (30ml),Jan Aushadhi,Cefadroxil Oral Suspension IP 125mg per 5ml (dry syrup),nan,nan,nan,0.0
Cefadroxil Tablets IP 500 Mg,Nan,nan,10's,₹24.2 (10's),Jan Aushadhi,Cefadroxil Tablets IP 500 mg,nan,nan,nan,24.2
Cefazolin Sodium Injection IP 1G,Nan,nan,Vial with WFI,₹0.0 (Vial with WFI),Jan Aushadhi,Cefazolin Sodium Injection IP 1g,nan,nan,nan,0.0
Cefazolin Sodium Injection IP 250 Mg,Nan,nan,Vial with WFI,₹0.0 (Vial with WFI),Jan Aushadhi,Cefazolin Sodium Injection IP 250 mg,nan,nan,nan,0.0
Cefazolin Sodium Injection IP 500 Mg,Nan,nan,Vial with WFI,₹0.0 (Vial with WFI),Jan Aushadhi,Cefazolin Sodium Injection IP 500 mg,nan,nan,nan,0.0
Cefdinir Capsule IP 300Mg,Nan,nan,10's,₹150.0 (10's),Jan Aushadhi,Cefdinir Capsule IP 300mg,nan,nan,nan,150.0
Cefdinir Oral Suspension IP 125Mg Per 5Ml,Nan,nan,30ml with Water for Reconstitution,₹62.0 (30ml with Water for Reconstitution),Jan Aushadhi,Cefdinir Oral Suspension IP 125mg per 5ml,nan,nan,nan,62.0
Cefepime 1000Mg And Tazobactam 125Mg Injection,Nan,nan,1.0 Injection in 1 vial,₹0.0 (1.0 Injection in 1 vial),Jan Aushadhi,Cefepime 1000Mg and Tazobactam 125Mg Injection,nan,nan,nan,0.0
Cefepime 250 Mg Inection,Nan,nan,1.0 Injection in 1 vial,₹0.0 (1.0 Injection in 1 vial),Jan Aushadhi,Cefepime 250 Mg Inection,nan,nan,nan,0.0
Cefixime 100Mg And Clavulanic Acid 62.5 Mg Tablets,Suprax,Lupin,10's,₹70.0 (10's),Jan Aushadhi,Cefixime 100Mg And Clavulanic Acid 62.5 Mg Tablets,Cefixime 200 mg,✅ Yes,"Typhoid fever, urinary & respiratory infections",70.0
Cefixime 100Mg And Clavulanic Acid 62.5 Mg Tablets,Taxim-O,Alkem,10's,₹70.0 (10's),Jan Aushadhi,Cefixime 100Mg And Clavulanic Acid 62.5 Mg Tablets,Cefixime 200 mg,✅ Yes,"Typhoid fever, urinary & respiratory infections",70.0
"Cefixime 200 Mg, Cloxacillin 500 Mg (ER) And Lactic Acid Bacillus Tablets",Suprax,Lupin,10's,₹103.0 (10's),Jan Aushadhi,"Cefixime 200 mg, Cloxacillin 500 mg (ER) and Lactic Acid Bacillus Tablets",Cefixime 200 mg,✅ Yes,"Typhoid fever, urinary & respiratory infections",103.0
"Cefixime 200 Mg, Cloxacillin 500 Mg (ER) And Lactic Acid Bacillus Tablets",Taxim-O,Alkem,10's,₹103.0 (10's),Jan Aushadhi,"Cefixime 200 mg, Cloxacillin 500 mg (ER) and Lactic Acid Bacillus Tablets",Cefixime 200 mg,✅ Yes,"Typhoid fever, urinary & respiratory infections",103.0
Cefixime 200Mg And Ofloxacin 200Mg Tablets,Suprax,Lupin,10's,₹50.6 (10's),Jan Aushadhi,Cefixime 200mg and Ofloxacin 200mg Tablets,Cefixime 200 mg,✅ Yes,"Typhoid fever, urinary & respiratory infections",50.6
Cefixime 200Mg And Ofloxacin 200Mg Tablets,Taxim-O,Alkem,10's,₹50.6 (10's),Jan Aushadhi,Cefixime 200mg and Ofloxacin 200mg Tablets,Cefixime 200 mg,✅ Yes,"Typhoid fever, urinary & respiratory infections",50.6
Cefixime 200Mg And Potassium Clavulanate 125Mg Tablets,Suprax,Lupin,10's,₹128.0 (10's),Jan Aushadhi,Cefixime 200mg and Potassium Clavulanate 125mg Tablets,Cefixime 200 mg,✅ Yes,"Typhoid fever, urinary & respiratory infections",128.0
Cefixime 200Mg And Potassium Clavulanate 125Mg Tablets,Taxim-O,Alkem,10's,₹128.0 (10's),Jan Aushadhi,Cefixime 200mg and Potassium Clavulanate 125mg Tablets,Cefixime 200 mg,✅ Yes,"Typhoid fever, urinary & respiratory infections",128.0
Cefixime 50Mg And Clavulanic Acid 31.25 Mg Dry Syrup,Suprax,Lupin,30ml with Water for Reconstitution,₹40.0 (30ml with Water for Reconstitution),Jan Aushadhi,Cefixime 50Mg And Clavulanic Acid 31.25 Mg Dry syrup,Cefixime 200 mg,✅ Yes,"Typhoid fever, urinary & respiratory infections",40.0
Cefixime 50Mg And Clavulanic Acid 31.25 Mg Dry Syrup,Taxim-O,Alkem,30ml with Water for Reconstitution,₹40.0 (30ml with Water for Reconstitution),Jan Aushadhi,Cefixime 50Mg And Clavulanic Acid 31.25 Mg Dry syrup,Cefixime 200 mg,✅ Yes,"Typhoid fever, urinary & respiratory infections",40.0
Cefixime Oral Suspension IP 100 Mg Per 5Ml,Suprax,Lupin,30 ml,₹32.0 (30 ml),Jan Aushadhi,Cefixime Oral Suspension IP 100 mg per 5ml,Cefixime 200 mg,✅ Yes,"Typhoid fever, urinary & respiratory infections",32.0
Cefixime Oral Suspension IP 100 Mg Per 5Ml,Taxim-O,Alkem,30 ml,₹32.0 (30 ml),Jan Aushadhi,Cefixime Oral Suspension IP 100 mg per 5ml,Cefixime 200 mg,✅ Yes,"Typhoid fever, urinary & respiratory infections",32.0
Cefixime Oral Suspension IP 25 Mg Per Ml,Suprax,Lupin,10 ml,₹22.0 (10 ml),Jan Aushadhi,Cefixime Oral Suspension IP 25 mg per ml,Cefixime 200 mg,✅ Yes,"Typhoid fever, urinary & respiratory infections",22.0
Cefixime Oral Suspension IP 25 Mg Per Ml,Taxim-O,Alkem,10 ml,₹22.0 (10 ml),Jan Aushadhi,Cefixime Oral Suspension IP 25 mg per ml,Cefixime 200 mg,✅ Yes,"Typhoid fever, urinary & respiratory infections",22.0
Cefixime Oral Suspension IP 50Mg Per 5Ml,Suprax,Lupin,30 ml,₹20.0 (30 ml),Jan Aushadhi,Cefixime Oral Suspension IP 50mg per 5ml,Cefixime 200 mg,✅ Yes,"Typhoid fever, urinary & respiratory infections",20.0
Cefixime Oral Suspension IP 50Mg Per 5Ml,Taxim-O,Alkem,30 ml,₹20.0 (30 ml),Jan Aushadhi,Cefixime Oral Suspension IP 50mg per 5ml,Cefixime 200 mg,✅ Yes,"Typhoid fever, urinary & respiratory infections",20.0
Cefixime Tablets IP 100 Mg,Suprax,Lupin,10's,₹28.0 (10's),Jan Aushadhi,Cefixime Tablets IP 100 mg,Cefixime 200 mg,✅ Yes,"Typhoid fever, urinary & respiratory infections",28.0
Cefixime Tablets IP 100 Mg,Taxim-O,Alkem,10's,₹28.0 (10's),Jan Aushadhi,Cefixime Tablets IP 100 mg,Cefixime 200 mg,✅ Yes,"Typhoid fever, urinary & respiratory infections",28.0
Cefixime Tablets IP 200 Mg,Suprax,Lupin,10's,₹53.0 (10's),Jan Aushadhi,Cefixime Tablets IP 200 mg,Cefixime 200 mg,✅ Yes,"Typhoid fever, urinary & respiratory infections",53.0
Cefixime Tablets IP 200 Mg,Taxim-O,Alkem,10's,₹53.0 (10's),Jan Aushadhi,Cefixime Tablets IP 200 mg,Cefixime 200 mg,✅ Yes,"Typhoid fever, urinary & respiratory infections",53.0
Cefoperazone 1G And Sulbactam 1G Injection,Nan,nan,Vial & Wfi,₹88.0 (Vial & Wfi),Jan Aushadhi,Cefoperazone 1g and Sulbactam 1g Injection,nan,nan,nan,88.0
Cefoperazone 1G And Sulbactam 500Mg Injection,Nan,nan,1 Vial,₹65.0 (1 Vial),Jan Aushadhi,Cefoperazone 1g and Sulbactam 500mg Injection,nan,nan,nan,65.0
Cefoperazone 2G And Sulbactam 1G Injection,Nan,nan,1 Vial,₹115.0 (1 Vial),Jan Aushadhi,Cefoperazone 2g and Sulbactam 1g Injection,nan,nan,nan,115.0
Cefoperazone 500Mg And Sulbactam 500Mg Injection,Nan,nan,Vial & Wfi,₹50.0 (Vial & Wfi),Jan Aushadhi,Cefoperazone 500mg and Sulbactam 500mg Injection,nan,nan,nan,50.0
Cefoperazone Injection IP 1 G,Nan,nan,Vial & Wfi,₹46.0 (Vial & Wfi),Jan Aushadhi,Cefoperazone Injection IP 1 g,nan,nan,nan,46.0
Cefotaxime Sodium 1G And Sulbactam Sodium 500Mg Injection,Nan,nan,Vial & Wfi,₹28.0 (Vial & Wfi),Jan Aushadhi,Cefotaxime Sodium 1g and Sulbactam Sodium 500mg Injection,nan,nan,nan,28.0
Cefotaxime Sodium 250Mg And Sulbactam Sodium 125Mg Injection,Nan,nan,Vial & Wfi,₹12.1 (Vial & Wfi),Jan Aushadhi,Cefotaxime Sodium 250mg and Sulbactam Sodium 125mg Injection,nan,nan,nan,12.1
Cefotaxime Sodium 500Mg And Sulbactam Sodium 250Mg Injection,Nan,nan,Vial & Wfi,₹19.0 (Vial & Wfi),Jan Aushadhi,Cefotaxime Sodium 500mg and Sulbactam Sodium 250mg Injection,nan,nan,nan,19.0
Cefotaxime Sodium Injection IP 1G,Nan,nan,Vial & Wfi,₹19.0 (Vial & Wfi),Jan Aushadhi,Cefotaxime Sodium Injection IP 1g,nan,nan,nan,19.0
Cefotaxime Sodium Injection IP 250 Mg,Nan,nan,Vial & Wfi,₹10.0 (Vial & Wfi),Jan Aushadhi,Cefotaxime Sodium Injection IP 250 mg,nan,nan,nan,10.0
Cefotaxime Sodium Injection IP 500 Mg,Nan,nan,Vial & Wfi,₹12.0 (Vial & Wfi),Jan Aushadhi,Cefotaxime Sodium Injection IP 500 mg,nan,nan,nan,12.0
Cefpodoxime 200Mg And Ofloxacin 200Mg Tablets,Nan,nan,10's,₹107.0 (10's),Jan Aushadhi,Cefpodoxime 200mg and Ofloxacin 200mg Tablets,nan,nan,nan,107.0
Cefpodoxime 200Mg And Potassium Clavulanate 125Mg Tablets,Nan,nan,6's,₹72.0 (6's),Jan Aushadhi,Cefpodoxime 200mg and Potassium Clavulanate 125mg Tablets,nan,nan,nan,72.0
Cefpodoxime Oral Suspension IP 100Mg,Nan,nan,30 ml,₹40.0 (30 ml),Jan Aushadhi,Cefpodoxime Oral Suspension IP 100mg,nan,nan,nan,40.0
Cefpodoxime Proxetil Dispersible Tablets 100 Mg,Nan,nan,10's,₹40.0 (10's),Jan Aushadhi,Cefpodoxime Proxetil Dispersible Tablets 100 mg,nan,nan,nan,40.0
Cefpodoxime Proxetil Dispersible Tablets 50 Mg,Nan,nan,10's,₹29.0 (10's),Jan Aushadhi,Cefpodoxime Proxetil Dispersible Tablets 50 mg,nan,nan,nan,29.0
Cefpodoxime Proxetil Oral Suspension IP 50Mg,Nan,nan,30 ml,₹30.0 (30 ml),Jan Aushadhi,Cefpodoxime Proxetil Oral Suspension IP 50mg,nan,nan,nan,30.0
Cefpodoxime Tablets IP 200 Mg,Nan,nan,10's,₹70.0 (10's),Jan Aushadhi,Cefpodoxime Tablets IP 200 mg,nan,nan,nan,70.0
Cefprozil Oral Suspension 125Mg Per 5Ml,Nan,nan,30ml,₹55.0 (30ml),Jan Aushadhi,Cefprozil Oral Suspension 125mg per 5ml,nan,nan,nan,55.0
Cefprozil Oral Suspension 250Mg Per 5Ml,Nan,nan,30ml,₹100.0 (30ml),Jan Aushadhi,Cefprozil Oral Suspension 250mg per 5ml,nan,nan,nan,100.0
Cefprozil Tablet 250 Mg,Nan,nan,10's,₹150.0 (10's),Jan Aushadhi,Cefprozil Tablet 250 mg,nan,nan,nan,150.0
Cefprozil Tablet 500 Mg,Nan,nan,6's,₹180.0 (6's),Jan Aushadhi,Cefprozil Tablet 500 mg,nan,nan,nan,180.0
Ceftazidime 1000 Mg And Tazobactum 125 Mg Injection,Nan,nan,Vial with WFI,₹90.0 (Vial with WFI),Jan Aushadhi,Ceftazidime 1000 mg And Tazobactum 125 mg Injection,nan,nan,nan,90.0
Ceftazidime 250Mg And Tazobactum 31.25Mg Injection,Nan,nan,Vial & Wfi,₹35.0 (Vial & Wfi),Jan Aushadhi,Ceftazidime 250mg And Tazobactum 31.25mg Injection,nan,nan,nan,35.0
Ceftazidime 2Gm And Avibactam 0.5Gm For Concentrate For Solution For Infusion,Nan,nan,Vial with WFI,₹1250.0 (Vial with WFI),Jan Aushadhi,Ceftazidime 2gm and Avibactam 0.5gm for Concentrate for Solution for Infusion,nan,nan,nan,1250.0
Ceftazidime Injection IP 1G,Nan,nan,Vial & Wfi,₹80.0 (Vial & Wfi),Jan Aushadhi,Ceftazidime Injection IP 1g,nan,nan,nan,80.0
Ceftazidime Injection IP 250Mg,Nan,nan,Vial & Wfi,₹30.0 (Vial & Wfi),Jan Aushadhi,Ceftazidime Injection IP 250mg,nan,nan,nan,30.0
Ceftazidime Injection IP 500Mg,Nan,nan,Vial & Wfi,₹50.0 (Vial & Wfi),Jan Aushadhi,Ceftazidime Injection IP 500mg,nan,nan,nan,50.0
Ceftriaxone 1G And Sulbactam 500Mg Injection,Monocef,Aristo,Vial & Wfi,₹48.0 (Vial & Wfi),Jan Aushadhi,Ceftriaxone 1g and Sulbactam 500mg Injection,Ceftriaxone 1 g,✅ Yes,Severe bacterial infections (injection),48.0
Ceftriaxone 1G And Sulbactam 500Mg Injection,Rocephin,Roche,Vial & Wfi,₹48.0 (Vial & Wfi),Jan Aushadhi,Ceftriaxone 1g and Sulbactam 500mg Injection,Ceftriaxone 1 g,✅ Yes,Severe bacterial infections (injection),48.0
Ceftriaxone 1G And Tazobactam 125Mg Injection,Monocef,Aristo,Vial & Wfi,₹48.0 (Vial & Wfi),Jan Aushadhi,Ceftriaxone 1g and Tazobactam 125mg Injection,Ceftriaxone 1 g,✅ Yes,Severe bacterial infections (injection),48.0
Ceftriaxone 1G And Tazobactam 125Mg Injection,Rocephin,Roche,Vial & Wfi,₹48.0 (Vial & Wfi),Jan Aushadhi,Ceftriaxone 1g and Tazobactam 125mg Injection,Ceftriaxone 1 g,✅ Yes,Severe bacterial infections (injection),48.0
Ceftriaxone 250 Mg And Sulbactam 125 Mg Injection,Monocef,Aristo,Vial & Wfi,₹17.0 (Vial & Wfi),Jan Aushadhi,Ceftriaxone 250 mg and Sulbactam 125 mg Injection,Ceftriaxone 1 g,✅ Yes,Severe bacterial infections (injection),17.0
Ceftriaxone 250 Mg And Sulbactam 125 Mg Injection,Rocephin,Roche,Vial & Wfi,₹17.0 (Vial & Wfi),Jan Aushadhi,Ceftriaxone 250 mg and Sulbactam 125 mg Injection,Ceftriaxone 1 g,✅ Yes,Severe bacterial infections (injection),17.0
Ceftriaxone 250Mg And Tazobactam 31.25Mg Injection,Monocef,Aristo,1 Vial & wfi,₹24.0 (1 Vial & wfi),Jan Aushadhi,Ceftriaxone 250mg and Tazobactam 31.25mg Injection,Ceftriaxone 1 g,✅ Yes,Severe bacterial infections (injection),24.0
Ceftriaxone 250Mg And Tazobactam 31.25Mg Injection,Rocephin,Roche,1 Vial & wfi,₹24.0 (1 Vial & wfi),Jan Aushadhi,Ceftriaxone 250mg and Tazobactam 31.25mg Injection,Ceftriaxone 1 g,✅ Yes,Severe bacterial infections (injection),24.0
Ceftriaxone 500Mg And Sulbactam 250Mg Injection,Monocef,Aristo,Vial & Wfi,₹35.0 (Vial & Wfi),Jan Aushadhi,Ceftriaxone 500mg and Sulbactam 250mg Injection,Ceftriaxone 1 g,✅ Yes,Severe bacterial infections (injection),35.0
Ceftriaxone 500Mg And Sulbactam 250Mg Injection,Rocephin,Roche,Vial & Wfi,₹35.0 (Vial & Wfi),Jan Aushadhi,Ceftriaxone 500mg and Sulbactam 250mg Injection,Ceftriaxone 1 g,✅ Yes,Severe bacterial infections (injection),35.0
Ceftriaxone Injection IP 1 G,Monocef,Aristo,Vial & Wfi,₹28.0 (Vial & Wfi),Jan Aushadhi,Ceftriaxone Injection IP 1 g,Ceftriaxone 1 g,✅ Yes,Severe bacterial infections (injection),28.0
Ceftriaxone Injection IP 1 G,Rocephin,Roche,Vial & Wfi,₹28.0 (Vial & Wfi),Jan Aushadhi,Ceftriaxone Injection IP 1 g,Ceftriaxone 1 g,✅ Yes,Severe bacterial infections (injection),28.0
Ceftriaxone Injection IP 2 G,Monocef,Aristo,1 Vial & wfi,₹60.0 (1 Vial & wfi),Jan Aushadhi,Ceftriaxone Injection IP 2 g,Ceftriaxone 1 g,✅ Yes,Severe bacterial infections (injection),60.0
Ceftriaxone Injection IP 2 G,Rocephin,Roche,1 Vial & wfi,₹60.0 (1 Vial & wfi),Jan Aushadhi,Ceftriaxone Injection IP 2 g,Ceftriaxone 1 g,✅ Yes,Severe bacterial infections (injection),60.0
Ceftriaxone Injection IP 250 Mg,Monocef,Aristo,Vial & Wfi,₹13.0 (Vial & Wfi),Jan Aushadhi,Ceftriaxone Injection IP 250 mg,Ceftriaxone 1 g,✅ Yes,Severe bacterial infections (injection),13.0
Ceftriaxone Injection IP 250 Mg,Rocephin,Roche,Vial & Wfi,₹13.0 (Vial & Wfi),Jan Aushadhi,Ceftriaxone Injection IP 250 mg,Ceftriaxone 1 g,✅ Yes,Severe bacterial infections (injection),13.0
Ceftriaxone Injection IP 500 Mg,Monocef,Aristo,Vial & Wfi,₹24.0 (Vial & Wfi),Jan Aushadhi,Ceftriaxone injection IP 500 mg,Ceftriaxone 1 g,✅ Yes,Severe bacterial infections (injection),24.0
Ceftriaxone Injection IP 500 Mg,Rocephin,Roche,Vial & Wfi,₹24.0 (Vial & Wfi),Jan Aushadhi,Ceftriaxone injection IP 500 mg,Ceftriaxone 1 g,✅ Yes,Severe bacterial infections (injection),24.0
Cefuroxime Axetil 500Mg And Potassium Clavulanate 125Mg Tablets IP,Nan,nan,6's,₹109.0 (6's),Jan Aushadhi,Cefuroxime Axetil 500mg and Potassium Clavulanate 125mg Tablets IP,nan,nan,nan,109.0
Cefuroxime Axetil Oral Suspension 125Mg Per 5Ml,Nan,nan,30 ML,₹66.0 (30 ML),Jan Aushadhi,Cefuroxime Axetil Oral Suspension 125mg per 5ml,nan,nan,nan,66.0
Cefuroxime Axetil Tablets IP 125Mg,Nan,nan,6's,₹35.0 (6's),Jan Aushadhi,Cefuroxime Axetil Tablets IP 125mg,nan,nan,nan,35.0
Cefuroxime Axetil Tablets IP 250 Mg,Nan,nan,10's,₹75.0 (10's),Jan Aushadhi,Cefuroxime Axetil Tablets IP 250 mg,nan,nan,nan,75.0
Cefuroxime Axetil Tablets IP 500 Mg,Nan,nan,10's,₹142.0 (10's),Jan Aushadhi,Cefuroxime Axetil Tablets IP 500 mg,nan,nan,nan,142.0
Cefuroxime Injection IP 1500Mg,Nan,nan,Vial & Wfi,₹70.0 (Vial & Wfi),Jan Aushadhi,Cefuroxime Injection IP 1500mg,nan,nan,nan,70.0
Cephalexin Capsules IP 250Mg,Nan,nan,10's,₹33.0 (10's),Jan Aushadhi,Cephalexin Capsules IP 250mg,nan,nan,nan,33.0
Cephalexin Capsules IP 500Mg,Nan,nan,10's,₹50.0 (10's),Jan Aushadhi,Cephalexin Capsules IP 500mg,nan,nan,nan,50.0
Cephalexin Dry Syrup 125Mg Per 5Ml,Nan,nan,30 ml,₹19.0 (30 ml),Jan Aushadhi,Cephalexin Dry Syrup 125mg per 5ml,nan,nan,nan,19.0
Cephalexin Extended Release Tablets 750Mg,Nan,nan,10's,₹115.0 (10's),Jan Aushadhi,Cephalexin Extended Release Tablets 750mg,nan,nan,nan,115.0
Cephalexin Tablets IP 125Mg (Dispersible),Nan,nan,10's,₹21.0 (10's),Jan Aushadhi,Cephalexin Tablets IP 125mg (Dispersible),nan,nan,nan,21.0
Cereal Based Foods Products (For Baby Above 6 Months),Nan,nan,300g Mono Carton,₹0.0 (300g Mono Carton),Jan Aushadhi,Cereal Based Foods Products (for Baby above 6 months),nan,nan,nan,0.0
Cerebroprotein Hydrolysate Injection 30Mg,Nan,nan,1 vial,₹200.0 (1 vial),Jan Aushadhi,Cerebroprotein Hydrolysate Injection 30mg,nan,nan,nan,200.0
"Cetirizine Dihydrochloride 5Mg, Phenylephrine Hydrochloride 10Mg And Paracetamol 325Mg Tablets",Calpol,GSK,10's,₹18.7 (10's),Jan Aushadhi,"Cetirizine Dihydrochloride 5mg, Phenylephrine Hydrochloride 10mg and Paracetamol 325mg Tablets",Paracetamol 500 mg,✅ Yes,"Pain relief, fever reducer",18.7
"Cetirizine Dihydrochloride 5Mg, Phenylephrine Hydrochloride 10Mg And Paracetamol 325Mg Tablets",Cetzine,GSK,10's,₹18.7 (10's),Jan Aushadhi,"Cetirizine Dihydrochloride 5mg, Phenylephrine Hydrochloride 10mg and Paracetamol 325mg Tablets",Cetirizine 10 mg,✅ Yes,Allergy relief,18.7
"Cetirizine Dihydrochloride 5Mg, Phenylephrine Hydrochloride 10Mg And Paracetamol 325Mg Tablets",Crocin,GSK,10's,₹18.7 (10's),Jan Aushadhi,"Cetirizine Dihydrochloride 5mg, Phenylephrine Hydrochloride 10mg and Paracetamol 325mg Tablets",Paracetamol 500 mg,✅ Yes,"Pain relief, fever reducer",18.7
"Cetirizine Dihydrochloride 5Mg, Phenylephrine Hydrochloride 10Mg And Paracetamol 325Mg Tablets",Dolo-650,Micro Labs,10's,₹18.7 (10's),Jan Aushadhi,"Cetirizine Dihydrochloride 5mg, Phenylephrine Hydrochloride 10mg and Paracetamol 325mg Tablets",Paracetamol 650 mg,✅ Yes,"Pain relief, fever reducer",18.7
"Cetirizine Dihydrochloride 5Mg, Phenylephrine Hydrochloride 10Mg And Paracetamol 325Mg Tablets",Okacet,Cipla,10's,₹18.7 (10's),Jan Aushadhi,"Cetirizine Dihydrochloride 5mg, Phenylephrine Hydrochloride 10mg and Paracetamol 325mg Tablets",Cetirizine 10 mg,✅ Yes,Allergy relief,18.7
Cetirizine Syrup IP 5 Mg Per 5 Ml,Cetzine,GSK,60 ml,₹13.0 (60 ml),Jan Aushadhi,Cetirizine Syrup IP 5 mg per 5 ml,Cetirizine 10 mg,✅ Yes,Allergy relief,13.0
Cetirizine Syrup IP 5 Mg Per 5 Ml,Okacet,Cipla,60 ml,₹13.0 (60 ml),Jan Aushadhi,Cetirizine Syrup IP 5 mg per 5 ml,Cetirizine 10 mg,✅ Yes,Allergy relief,13.0
Cetirizine Tablets IP 5Mg,Cetzine,GSK,10's,₹0.0 (10's),Jan Aushadhi,Cetirizine Tablets IP 5mg,Cetirizine 10 mg,✅ Yes,Allergy relief,0.0
Cetirizine Tablets IP 5Mg,Okacet,Cipla,10's,₹0.0 (10's),Jan Aushadhi,Cetirizine Tablets IP 5mg,Cetirizine 10 mg,✅ Yes,Allergy relief,0.0
Cetrizine Hydrochloride Tablets IP 10Mg,Nan,nan,10's,₹5.5 (10's),Jan Aushadhi,Cetrizine Hydrochloride Tablets IP 10mg,nan,nan,nan,5.5
Chloramphenicol 0.5% W/V And Dexamethasone 0.1% W/V Eye/Ear Drops,Nan,nan,5ml Drops,₹15.0 (5ml Drops),Jan Aushadhi,Chloramphenicol 0.5% w/v and Dexamethasone 0.1% w/v Eye/Ear Drops,nan,nan,nan,15.0
Chloramphenicol Capsules IP 250 Mg,Nan,nan,10's,₹40.0 (10's),Jan Aushadhi,Chloramphenicol Capsules IP 250 mg,nan,nan,nan,40.0
Chloramphenicol Capsules IP 500 Mg,Nan,nan,10's,₹65.0 (10's),Jan Aushadhi,Chloramphenicol Capsules IP 500 mg,nan,nan,nan,65.0
Chloramphenicol Eye Ointment IP 1%W/W,Nan,nan,5 gm,₹17.0 (5 gm),Jan Aushadhi,Chloramphenicol Eye Ointment IP 1%w/w,nan,nan,nan,17.0
Chlordiazepoxide 10Mg And Trifluoperazine 1Mg Tablets,Nan,nan,10's,₹15.0 (10's),Jan Aushadhi,Chlordiazepoxide 10mg and Trifluoperazine 1mg Tablets,nan,nan,nan,15.0
Chlordiazepoxide 5Mg And Amitriptyline Hydrochloride 12.5Mg Tablets,Nan,nan,10's,₹9.0 (10's),Jan Aushadhi,Chlordiazepoxide 5mg and Amitriptyline Hydrochloride 12.5mg Tablets,nan,nan,nan,9.0
Chlordiazepoxide 5Mg And Clidinium Bromide 2.5Mg Tablets,Nan,nan,10's,₹9.0 (10's),Jan Aushadhi,Chlordiazepoxide 5mg and Clidinium Bromide 2.5mg Tablets,nan,nan,nan,9.0
Chlordiazepoxide Tablets IP 10 Mg,Nan,nan,10's,₹21.0 (10's),Jan Aushadhi,Chlordiazepoxide Tablets IP 10 mg,nan,nan,nan,21.0
Chlordiazepoxide Tablets IP 25 Mg,Nan,nan,10's,₹25.0 (10's),Jan Aushadhi,Chlordiazepoxide Tablets IP 25 mg,nan,nan,nan,25.0
"Chlorhexidine Gluconate 0.2% W/V, Sodium Fluoride 0.05% W/V And Zinc Chloride 0.09% W/V Mouthwash (Sugar Free)",Nan,nan,150ml,₹40.0 (150ml),Jan Aushadhi,"Chlorhexidine Gluconate 0.2% w/v, Sodium Fluoride 0.05% w/v and Zinc Chloride 0.09% w/v Mouthwash (Sugar Free)",nan,nan,nan,40.0
Chlorhexidine Gluconate 0.3%V/V And Cetrimide 0.6%W/V Antiseptic Liquid,Nan,nan,100 ML,₹12.0 (100 ML),Jan Aushadhi,Chlorhexidine Gluconate 0.3%v/v and Cetrimide 0.6%w/v Antiseptic Liquid,nan,nan,nan,12.0
"Chlorhexidine Gluconate 1% W/W, Metronidazole 1% W/W And Lidocaine 2% W/W Dental Gel",Nan,nan,15 gm Lami Tube,₹20.0 (15 gm Lami Tube),Jan Aushadhi,"Chlorhexidine Gluconate 1% w/w, Metronidazole 1% w/w and Lidocaine 2% w/w dental Gel",nan,nan,nan,20.0
Chlorhexidine Mouthwash IP 0.2 % W/V,Nan,nan,100 ml,₹23.0 (100 ml),Jan Aushadhi,Chlorhexidine Mouthwash IP 0.2 % w/v,nan,nan,nan,23.0
Chloroquine Phosphate Tablets IP 250 Mg,Nan,nan,10's,₹5.0 (10's),Jan Aushadhi,Chloroquine Phosphate Tablets IP 250 mg,nan,nan,nan,5.0
"Chloroxylenol 4.80% W/V, Terpineol 9% V/V, Absolute Alcohol 13.10% V/V Liquid",Nan,nan,60ml,₹20.0 (60ml),Jan Aushadhi,"Chloroxylenol 4.80% w/v, Terpineol 9% v/v, Absolute Alcohol 13.10% v/v Liquid",nan,nan,nan,20.0
Chlorpromazine Tablets IP 100 Mg,Nan,nan,10's,₹6.6 (10's),Jan Aushadhi,Chlorpromazine Tablets IP 100 mg,nan,nan,nan,6.6
Chlorpromazine Tablets IP 25 Mg,Nan,nan,10's,₹3.6 (10's),Jan Aushadhi,Chlorpromazine Tablets IP 25 mg,nan,nan,nan,3.6
Chlorpromazine Tablets IP 50 Mg,Nan,nan,10's,₹5.5 (10's),Jan Aushadhi,Chlorpromazine Tablets IP 50 mg,nan,nan,nan,5.5
Chlorthalidone Tablets IP 12.5Mg,Nan,nan,10's,₹14.3 (10's),Jan Aushadhi,Chlorthalidone Tablets IP 12.5mg,nan,nan,nan,14.3
Chlorthalidone Tablets IP 6.25 Mg,Nan,nan,10's,₹10.0 (10's),Jan Aushadhi,Chlorthalidone Tablets IP 6.25 mg,nan,nan,nan,10.0
"Chlorzoxazone 500Mg, Diclofenac 50Mg And Paracetamol 325Mg Tablets",Calpol,GSK,10's,₹25.0 (10's),Jan Aushadhi,"Chlorzoxazone 500mg, Diclofenac 50mg and Paracetamol 325mg Tablets",Paracetamol 500 mg,✅ Yes,"Pain relief, fever reducer",25.0
"Chlorzoxazone 500Mg, Diclofenac 50Mg And Paracetamol 325Mg Tablets",Crocin,GSK,10's,₹25.0 (10's),Jan Aushadhi,"Chlorzoxazone 500mg, Diclofenac 50mg and Paracetamol 325mg Tablets",Paracetamol 500 mg,✅ Yes,"Pain relief, fever reducer",25.0
"Chlorzoxazone 500Mg, Diclofenac 50Mg And Paracetamol 325Mg Tablets",Dicloran,Torrent,10's,₹25.0 (10's),Jan Aushadhi,"Chlorzoxazone 500mg, Diclofenac 50mg and Paracetamol 325mg Tablets",Diclofenac 50 mg,✅ Yes,"Pain relief, inflammation, arthritis",25.0
"Chlorzoxazone 500Mg, Diclofenac 50Mg And Paracetamol 325Mg Tablets",Dolo-650,Micro Labs,10's,₹25.0 (10's),Jan Aushadhi,"Chlorzoxazone 500mg, Diclofenac 50mg and Paracetamol 325mg Tablets",Paracetamol 650 mg,✅ Yes,"Pain relief, fever reducer",25.0
"Chlorzoxazone 500Mg, Diclofenac 50Mg And Paracetamol 325Mg Tablets",Voveran,Novartis,10's,₹25.0 (10's),Jan Aushadhi,"Chlorzoxazone 500mg, Diclofenac 50mg and Paracetamol 325mg Tablets",Diclofenac 50 mg,✅ Yes,"Pain relief, inflammation, arthritis",25.0
Cholecalciferol (Vitamin D3) Drops 400 IU Per Ml,Nan,nan,15 ml,₹20.0 (15 ml),Jan Aushadhi,Cholecalciferol (Vitamin D3) Drops 400 IU per ml,nan,nan,nan,20.0
Cholecalciferol (Vitamin D3) Drops 800 IU Per Ml,Nan,nan,15 ml,₹27.0 (15 ml),Jan Aushadhi,Cholecalciferol (Vitamin D3) Drops 800 IU per ml,nan,nan,nan,27.0
Cholecalciferol Chewable Tablets 60000 IU,Nan,nan,4'S,₹16.5 (4'S),Jan Aushadhi,Cholecalciferol Chewable Tablets 60000 IU,nan,nan,nan,16.5
Cholecalciferol Granules 60000 IU Per Gm,Nan,nan,1 Sachet,₹9.9 (1 Sachet),Jan Aushadhi,Cholecalciferol Granules 60000 IU per gm,nan,nan,nan,9.9
Cholecalciferol Soft Gelatin Capsule 60000 IU,Nan,nan,4's,₹20.0 (4's),Jan Aushadhi,Cholecalciferol Soft Gelatin Capsule 60000 IU,nan,nan,nan,20.0
Chyawanprash Special 1Kg Jar,Nan,nan,1kg Jar,₹226.0 (1kg Jar),Jan Aushadhi,Chyawanprash Special 1Kg Jar,nan,nan,nan,226.0
Chyawanprash Special 500G Jar,Nan,nan,500g Jar,₹125.0 (500g Jar),Jan Aushadhi,Chyawanprash Special 500g Jar,nan,nan,nan,125.0
Chymotrypsin And Trypsin (1:6 ) Tablets 100K AU,Nan,nan,20's,₹50.0 (20's),Jan Aushadhi,Chymotrypsin and Trypsin (1:6 ) Tablets 100K AU,nan,nan,nan,50.0
Ciclesonide (200Mcg) + Formoterol (6Mcg) + Tiotropium (9Mcg) Inhaler,Nan,nan,200 MDI in 1 packet,₹0.0 (200 MDI in 1 packet),Jan Aushadhi,Ciclesonide (200Mcg) + Formoterol (6Mcg) + Tiotropium (9Mcg) Inhaler,nan,nan,nan,0.0
Ciclopirox Olamine Cream 1% W/V,Nan,nan,50 gm Lami Tube in Mono Carton,₹100.0 (50 gm Lami Tube in Mono Carton),Jan Aushadhi,Ciclopirox Olamine Cream 1% w/v,nan,nan,nan,100.0
Ciclopirox Olamine Nail Lacquer 8% W/V,Nan,nan,2.5ml with applicator,₹0.0 (2.5ml with applicator),Jan Aushadhi,Ciclopirox Olamine Nail Lacquer 8% w/v,nan,nan,nan,0.0
Cilnidipine 10Mg And Chlorthalidone 12.5Mg Tablets,Nan,nan,10's,₹20.0 (10's),Jan Aushadhi,Cilnidipine 10mg and Chlorthalidone 12.5mg Tablets,nan,nan,nan,20.0
Cilnidipine 10Mg And Olmesartan Medoxomil 20Mg Tablets,Nan,nan,10's,₹25.0 (10's),Jan Aushadhi,Cilnidipine 10mg and Olmesartan Medoxomil 20mg Tablets,nan,nan,nan,25.0
Cilnidipine 10Mg And Olmesartan Medoxomil 40Mg Tablets,Nan,nan,10's,₹30.0 (10's),Jan Aushadhi,Cilnidipine 10mg and Olmesartan Medoxomil 40mg Tablets,nan,nan,nan,30.0
Cilnidipine 10Mg And Telmisartan 40Mg Tablets,Micardis,Boehringer,10's,₹24.2 (10's),Jan Aushadhi,Cilnidipine 10mg and Telmisartan 40mg Tablets,Telmisartan 40 mg,✅ Yes,"High blood pressure, heart protection",24.2
Cilnidipine 10Mg And Telmisartan 40Mg Tablets,Telma,Glenmark,10's,₹24.2 (10's),Jan Aushadhi,Cilnidipine 10mg and Telmisartan 40mg Tablets,Telmisartan 40 mg,✅ Yes,"High blood pressure, heart protection",24.2
Cilnidipine Tablets IP 10 Mg,Nan,nan,10's,₹16.5 (10's),Jan Aushadhi,Cilnidipine Tablets IP 10 mg,nan,nan,nan,16.5
Cilnidipine Tablets IP 20Mg,Nan,nan,10's,₹19.8 (10's),Jan Aushadhi,Cilnidipine Tablets IP 20mg,nan,nan,nan,19.8
Cilnidipine Tablets IP 5 Mg,Nan,nan,10's,₹11.0 (10's),Jan Aushadhi,Cilnidipine Tablets IP 5 mg,nan,nan,nan,11.0
Cilostazol Tablets IP 50Mg,Nan,nan,10's,₹66.0 (10's),Jan Aushadhi,Cilostazol Tablets IP 50mg,nan,nan,nan,66.0
Cinitapride Tablets 1 Mg,Nan,nan,10's,₹30.0 (10's),Jan Aushadhi,Cinitapride Tablets 1 mg,nan,nan,nan,30.0
Cinnarizine 20Mg And Dimenhydrinate 40Mg Tablets,Nan,nan,10's,₹20.0 (10's),Jan Aushadhi,Cinnarizine 20mg and Dimenhydrinate 40mg Tablets,nan,nan,nan,20.0
Cinnarizine 20Mg And Domperidone 15Mg Tablet,Domstal,Torrent,10's,₹10.0 (10's),Jan Aushadhi,Cinnarizine 20mg and Domperidone 15mg Tablet,Domperidone 10 mg,✅ Yes,"Nausea, vomiting, gastric motility",10.0
Cinnarizine 20Mg And Domperidone 15Mg Tablet,Vomistop,Cipla,10's,₹10.0 (10's),Jan Aushadhi,Cinnarizine 20mg and Domperidone 15mg Tablet,Domperidone 10 mg,✅ Yes,"Nausea, vomiting, gastric motility",10.0
Cinnarizine Tablets IP 25Mg,Nan,nan,10's,₹7.7 (10's),Jan Aushadhi,Cinnarizine Tablets IP 25mg,nan,nan,nan,7.7
Cinnarizine Tablets IP 75Mg,Nan,nan,10's,₹15.0 (10's),Jan Aushadhi,Cinnarizine Tablets IP 75mg,nan,nan,nan,15.0
Ciprofloxacin 0.3% W/V And Dexamethasone 0.1% W/V Eye/Ear Drops,Cifran,Ranbaxy/Sun,10 ml,₹11.0 (10 ml),Jan Aushadhi,Ciprofloxacin 0.3% w/v and Dexamethasone 0.1% w/v Eye/Ear Drops,Ciprofloxacin 500 mg,✅ Yes,"Bacterial infections (urinary, respiratory, GI)",11.0
Ciprofloxacin 0.3% W/V And Dexamethasone 0.1% W/V Eye/Ear Drops,Cipro,Bayer,10 ml,₹11.0 (10 ml),Jan Aushadhi,Ciprofloxacin 0.3% w/v and Dexamethasone 0.1% w/v Eye/Ear Drops,Ciprofloxacin 500 mg,✅ Yes,"Bacterial infections (urinary, respiratory, GI)",11.0
Ciprofloxacin 250Mg And Tinidazole 300Mg Tablets,Cifran,Ranbaxy/Sun,10's,₹28.0 (10's),Jan Aushadhi,Ciprofloxacin 250mg and Tinidazole 300mg Tablets,Ciprofloxacin 500 mg,✅ Yes,"Bacterial infections (urinary, respiratory, GI)",28.0
Ciprofloxacin 250Mg And Tinidazole 300Mg Tablets,Cipro,Bayer,10's,₹28.0 (10's),Jan Aushadhi,Ciprofloxacin 250mg and Tinidazole 300mg Tablets,Ciprofloxacin 500 mg,✅ Yes,"Bacterial infections (urinary, respiratory, GI)",28.0
Ciprofloxacin 500Mg And Tinidazole 600Mg Tablets,Cifran,Ranbaxy/Sun,10's,₹39.0 (10's),Jan Aushadhi,Ciprofloxacin 500mg and Tinidazole 600mg Tablets,Ciprofloxacin 500 mg,✅ Yes,"Bacterial infections (urinary, respiratory, GI)",39.0
Ciprofloxacin 500Mg And Tinidazole 600Mg Tablets,Cipro,Bayer,10's,₹39.0 (10's),Jan Aushadhi,Ciprofloxacin 500mg and Tinidazole 600mg Tablets,Ciprofloxacin 500 mg,✅ Yes,"Bacterial infections (urinary, respiratory, GI)",39.0
Ciprofloxacin Eye Drops IP 0.3% W/V,Cifran,Ranbaxy/Sun,5 ml,₹7.0 (5 ml),Jan Aushadhi,Ciprofloxacin Eye Drops IP 0.3% w/v,Ciprofloxacin 500 mg,✅ Yes,"Bacterial infections (urinary, respiratory, GI)",7.0
Ciprofloxacin Eye Drops IP 0.3% W/V,Cipro,Bayer,5 ml,₹7.0 (5 ml),Jan Aushadhi,Ciprofloxacin Eye Drops IP 0.3% w/v,Ciprofloxacin 500 mg,✅ Yes,"Bacterial infections (urinary, respiratory, GI)",7.0
Ciprofloxacin Hydrochloride Tablets IP 250 Mg,Cifran,Ranbaxy/Sun,10's,₹11.0 (10's),Jan Aushadhi,Ciprofloxacin Hydrochloride Tablets IP 250 mg,Ciprofloxacin 500 mg,✅ Yes,"Bacterial infections (urinary, respiratory, GI)",11.0
Ciprofloxacin Hydrochloride Tablets IP 250 Mg,Cipro,Bayer,10's,₹11.0 (10's),Jan Aushadhi,Ciprofloxacin Hydrochloride Tablets IP 250 mg,Ciprofloxacin 500 mg,✅ Yes,"Bacterial infections (urinary, respiratory, GI)",11.0
Ciprofloxacin Hydrochloride Tablets IP 500 Mg,Cifran,Ranbaxy/Sun,10's,₹20.0 (10's),Jan Aushadhi,Ciprofloxacin Hydrochloride Tablets IP 500 mg,Ciprofloxacin 500 mg,✅ Yes,"Bacterial infections (urinary, respiratory, GI)",20.0
Ciprofloxacin Hydrochloride Tablets IP 500 Mg,Cipro,Bayer,10's,₹20.0 (10's),Jan Aushadhi,Ciprofloxacin Hydrochloride Tablets IP 500 mg,Ciprofloxacin 500 mg,✅ Yes,"Bacterial infections (urinary, respiratory, GI)",20.0
Ciprofloxacin Injection IP 200Mg,Cifran,Ranbaxy/Sun,100 ml,₹12.0 (100 ml),Jan Aushadhi,Ciprofloxacin Injection IP 200mg,Ciprofloxacin 500 mg,✅ Yes,"Bacterial infections (urinary, respiratory, GI)",12.0
Ciprofloxacin Injection IP 200Mg,Cipro,Bayer,100 ml,₹12.0 (100 ml),Jan Aushadhi,Ciprofloxacin Injection IP 200mg,Ciprofloxacin 500 mg,✅ Yes,"Bacterial infections (urinary, respiratory, GI)",12.0
Cisplatin Injection 50Mg Per 50Ml,Nan,nan,Vial,₹171.6 (Vial),Jan Aushadhi,Cisplatin Injection 50mg per 50ml,nan,nan,nan,171.6
Cisplatin Injection IP 10 Mg Per10Ml,Nan,nan,Vial,₹35.0 (Vial),Jan Aushadhi,Cisplatin Injection IP 10 mg per10ml,nan,nan,nan,35.0
Citalopram Tablets IP 20Mg,Nan,nan,10's,₹20.0 (10's),Jan Aushadhi,Citalopram Tablets IP 20mg,nan,nan,nan,20.0
Citicoline 500Mg And Piracetam 800Mg Tablets,Nan,nan,10's,₹220.0 (10's),Jan Aushadhi,Citicoline 500mg and Piracetam 800mg Tablets,nan,nan,nan,220.0
Citicoline Injection IP 250Mg Per Ml,Nan,nan,2ml Ampoule,₹40.0 (2ml Ampoule),Jan Aushadhi,Citicoline Injection IP 250mg per ml,nan,nan,nan,40.0
Citicoline Oral Drops 100Ml Per Ml,Nan,nan,Citicoline Oral Drops 100mg per ml,₹0.0 (Citicoline Oral Drops 100mg per ml),Jan Aushadhi,Citicoline Oral Drops 100ml per ml,nan,nan,nan,0.0
Citicoline Tablets IP 500Mg,Nan,nan,10's,₹221.1 (10's),Jan Aushadhi,Citicoline Tablets IP 500mg,nan,nan,nan,221.1
Citric Acid 334Mg And Potassium Citrate 1100Mg Syrup Per 5Ml,Nan,nan,200ml Bottle,₹50.0 (200ml Bottle),Jan Aushadhi,Citric Acid 334mg and Potassium Citrate 1100mg Syrup per 5ml,nan,nan,nan,50.0
Clarithromycin Tablets IP 250 Mg,Nan,nan,10's,₹82.0 (10's),Jan Aushadhi,Clarithromycin Tablets IP 250 mg,nan,nan,nan,82.0
Clarithromycin Tablets IP 500 Mg,Nan,nan,4's,₹72.0 (4's),Jan Aushadhi,Clarithromycin Tablets IP 500 mg,nan,nan,nan,72.0
"Clidinium Bromide 2.5Mg, Chlordiazepoxide 5Mg And Dicyclomine Hydrochloride 10Mg Tablets",Nan,nan,10's,₹14.0 (10's),Jan Aushadhi,"Clidinium Bromide 2.5mg, Chlordiazepoxide 5mg and Dicyclomine Hydrochloride 10mg Tablets",nan,nan,nan,14.0
Clindamycin 1%W/W And Nicotinamide 4%W/W Gel,Nan,nan,15 g,₹20.0 (15 g),Jan Aushadhi,Clindamycin 1%w/w and Nicotinamide 4%w/w Gel,nan,nan,nan,20.0
"Clindamycin 100Mg, Clotrimazole 100Mg And Tinidazole 100Mg Soft Gelatin Capsule (For Vaginal Use)",Nan,nan,7's,₹70.0 (7's),Jan Aushadhi,"Clindamycin 100mg, Clotrimazole 100mg and Tinidazole 100mg Soft Gelatin Capsule (For Vaginal Use)",nan,nan,nan,70.0
Clindamycin Capsules IP 300 Mg,Nan,nan,10's,₹90.0 (10's),Jan Aushadhi,Clindamycin Capsules IP 300 mg,nan,nan,nan,90.0
Clindamycin Injection IP 300Mg Per 2Ml,Nan,nan,2 ML,₹55.0 (2 ML),Jan Aushadhi,Clindamycin Injection IP 300mg per 2ml,nan,nan,nan,55.0
Clindamycin Phosphate Gel 1%W/W,Nan,nan,20gm Tube,₹30.0 (20gm Tube),Jan Aushadhi,Clindamycin Phosphate Gel 1%w/w,nan,nan,nan,30.0
Clobazam Tablet IP 5Mg,Nan,nan,10's,₹15.0 (10's),Jan Aushadhi,Clobazam Tablet IP 5mg,nan,nan,nan,15.0
Clobazam Tablets IP 10 Mg,Nan,nan,15's,₹32.0 (15's),Jan Aushadhi,Clobazam Tablets IP 10 mg,nan,nan,nan,32.0
Clobetasol Propionate 0.05%W/W And Gentamicin 0.1%W/W Cream,Nan,nan,25 g,₹13.0 (25 g),Jan Aushadhi,Clobetasol Propionate 0.05%w/w and Gentamicin 0.1%w/w Cream,nan,nan,nan,13.0
Clobetasol Propionate 0.05%W/W And Miconazole Nitrate 2%W/W Cream,Nan,nan,15 g,₹28.0 (15 g),Jan Aushadhi,Clobetasol Propionate 0.05%w/w and Miconazole Nitrate 2%w/w Cream,nan,nan,nan,28.0
Clobetasol Propionate 0.05%W/W And Neomycin Sulphate 0.5%W/W Cream,Nan,nan,10 g,₹15.0 (10 g),Jan Aushadhi,Clobetasol Propionate 0.05%w/w and Neomycin Sulphate 0.5%w/w Cream,nan,nan,nan,15.0
Clobetasol Propionate 0.05%W/W And Salicylic Acid 3%W/W Ointment,Nan,nan,20g,₹30.0 (20g),Jan Aushadhi,Clobetasol Propionate 0.05%w/w and Salicylic Acid 3%w/w Ointment,nan,nan,nan,30.0
Clobetasol Propionate 0.05%W/W And Salicylic Acid 6%W/W Ointment,Nan,nan,20g,₹35.0 (20g),Jan Aushadhi,Clobetasol Propionate 0.05%w/w and Salicylic Acid 6%w/w Ointment,nan,nan,nan,35.0
"Clobetasol Propionate 0.05%W/W, Gentamicin 0.1%W/W And Miconazole Nitrate 2%W/W Cream",Nan,nan,15 g,₹22.0 (15 g),Jan Aushadhi,"Clobetasol Propionate 0.05%w/w, Gentamicin 0.1%w/w and Miconazole Nitrate 2%w/w Cream",nan,nan,nan,22.0
"Clobetasol Propionate 0.05%W/W, Neomycin 0.50%W/W, Miconazole 2%W/W And Chlorocresol 0.10%W/W Cream",Nan,nan,20 gms.,₹28.6 (20 gms.),Jan Aushadhi,"Clobetasol Propionate 0.05%w/w, Neomycin 0.50%w/w, Miconazole 2%w/w and Chlorocresol 0.10%w/w Cream",nan,nan,nan,28.6
Clobetasol Propionate Cream IP 0.05 % W/W,Nan,nan,15 gm Tube,₹15.0 (15 gm Tube),Jan Aushadhi,Clobetasol Propionate Cream IP 0.05 % w/w,nan,nan,nan,15.0
Clomiphene Citrate Tablets IP 50Mg,Nan,nan,10's,₹22.0 (10's),Jan Aushadhi,Clomiphene Citrate Tablets IP 50mg,nan,nan,nan,22.0
Clomipramine Hydrochloride Sustained Release Tablets 75Mg,Nan,nan,10's,₹55.0 (10's),Jan Aushadhi,Clomipramine Hydrochloride Sustained release Tablets 75mg,nan,nan,nan,55.0
Clomipramine Hydrochloride Tablets 10Mg,Nan,nan,10's,₹12.0 (10's),Jan Aushadhi,Clomipramine Hydrochloride Tablets 10mg,nan,nan,nan,12.0
Clomipramine Hydrochloride Tablets 25Mg,Nan,nan,10's,₹20.0 (10's),Jan Aushadhi,Clomipramine Hydrochloride Tablets 25mg,nan,nan,nan,20.0
Clomipramine Hydrochloride Tablets 50Mg,Nan,nan,10's,₹35.0 (10's),Jan Aushadhi,Clomipramine Hydrochloride Tablets 50mg,nan,nan,nan,35.0
Clonazepam + Propranolol Tablet (0.25/10 Mg),Nan,nan,10's,₹0.0 (10's),Jan Aushadhi,Clonazepam + Propranolol Tablet (0.25/10 Mg),nan,nan,nan,0.0
Clonazepam + Propranolol Tablet (0.25/20 Mg),Nan,nan,10's,₹0.0 (10's),Jan Aushadhi,Clonazepam + Propranolol Tablet (0.25/20 Mg),nan,nan,nan,0.0
Clonazepam + Propranolol Tablet (0.5/20 Mg),Nan,nan,10's,₹0.0 (10's),Jan Aushadhi,Clonazepam + Propranolol Tablet (0.5/20 Mg),nan,nan,nan,0.0
Clonazepam Mouth Dissolving Tablets 0.25 Mg,Nan,nan,10's,₹10.0 (10's),Jan Aushadhi,Clonazepam Mouth Dissolving Tablets 0.25 mg,nan,nan,nan,10.0
Clonazepam Tablets IP 0.5 Mg,Nan,nan,10's,₹5.5 (10's),Jan Aushadhi,Clonazepam Tablets IP 0.5 mg,nan,nan,nan,5.5
Clonazepam Tablets IP 1Mg,Nan,nan,10's,₹8.8 (10's),Jan Aushadhi,Clonazepam Tablets IP 1mg,nan,nan,nan,8.8
Clonidine Tablets IP 100 Mcg,Nan,nan,10's,₹11.0 (10's),Jan Aushadhi,Clonidine Tablets IP 100 mcg,nan,nan,nan,11.0
Clopidogrel 150Mg Tablets,Clopilet,Sun Pharma,10's,₹36.0 (10's),Jan Aushadhi,Clopidogrel 150mg Tablets,Clopidogrel 75 mg,✅ Yes,Prevents blood clots after heart attack/stroke,36.0
Clopidogrel 150Mg Tablets,Deplatt,Torrent,10's,₹36.0 (10's),Jan Aushadhi,Clopidogrel 150mg Tablets,Clopidogrel 75 mg,✅ Yes,Prevents blood clots after heart attack/stroke,36.0
Clopidogrel 75Mg And Aspirin 150Mg Capsules,Clopilet,Sun Pharma,15's,₹62.0 (15's),Jan Aushadhi,Clopidogrel 75mg and Aspirin 150mg Capsules,Clopidogrel 75 mg,✅ Yes,Prevents blood clots after heart attack/stroke,62.0
Clopidogrel 75Mg And Aspirin 150Mg Capsules,Deplatt,Torrent,15's,₹62.0 (15's),Jan Aushadhi,Clopidogrel 75mg and Aspirin 150mg Capsules,Clopidogrel 75 mg,✅ Yes,Prevents blood clots after heart attack/stroke,62.0
Clopidogrel 75Mg And Aspirin 75Mg Tablets IP,Clopilet,Sun Pharma,10's,₹21.0 (10's),Jan Aushadhi,Clopidogrel 75mg and Aspirin 75mg Tablets IP,Clopidogrel 75 mg,✅ Yes,Prevents blood clots after heart attack/stroke,21.0
Clopidogrel 75Mg And Aspirin 75Mg Tablets IP,Deplatt,Torrent,10's,₹21.0 (10's),Jan Aushadhi,Clopidogrel 75mg and Aspirin 75mg Tablets IP,Clopidogrel 75 mg,✅ Yes,Prevents blood clots after heart attack/stroke,21.0
Clopidogrel Tablets IP 75Mg,Clopilet,Sun Pharma,10's,₹18.7 (10's),Jan Aushadhi,Clopidogrel Tablets IP 75mg,Clopidogrel 75 mg,✅ Yes,Prevents blood clots after heart attack/stroke,18.7
Clopidogrel Tablets IP 75Mg,Deplatt,Torrent,10's,₹18.7 (10's),Jan Aushadhi,Clopidogrel Tablets IP 75mg,Clopidogrel 75 mg,✅ Yes,Prevents blood clots after heart attack/stroke,18.7
Clotrimazole 1% W/V And Lignocaine Hydrochloride 2% W/V Ear Drops,Nan,nan,10ml Drops,₹15.0 (10ml Drops),Jan Aushadhi,Clotrimazole 1% w/v and Lignocaine Hydrochloride 2% w/v Ear Drops,nan,nan,nan,15.0
Clotrimazole 1% W/V And Selenium Sulfide 2.5% W/V Suspension,Nan,nan,75 ml,₹120.0 (75 ml),Jan Aushadhi,Clotrimazole 1% w/v and Selenium Sulfide 2.5% w/v Suspension,nan,nan,nan,120.0
Clotrimazole 1%W/V And Beclometasone Dipropionate 0.025%W/V Lotion,Nan,nan,15 ml,₹28.0 (15 ml),Jan Aushadhi,Clotrimazole 1%w/v and Beclometasone Dipropionate 0.025%w/v Lotion,nan,nan,nan,28.0
Clotrimazole 1%W/W And Beclomethasone Dipropionate 0.025%W/W Cream,Nan,nan,15 gm,₹13.2 (15 gm),Jan Aushadhi,Clotrimazole 1%w/w and Beclomethasone Dipropionate 0.025%w/w Cream,nan,nan,nan,13.2
Clotrimazole Cream IP 1% W/W,Nan,nan,15 g tubes,₹15.4 (15 g tubes),Jan Aushadhi,Clotrimazole Cream IP 1% w/w,nan,nan,nan,15.4
Clotrimazole Mouth Paint 1% W/V,Nan,nan,25 ml,₹20.0 (25 ml),Jan Aushadhi,Clotrimazole Mouth Paint 1% w/v,nan,nan,nan,20.0
Clotrimazole Powder 1%,Nan,nan,100 gm Powder,₹60.5 (100 gm Powder),Jan Aushadhi,Clotrimazole Powder 1%,nan,nan,nan,60.5
Clotrimazole Vaginal Gel 2% W/W,Nan,nan,30g in Mono-carton with Applicator,₹45.0 (30g in Mono-carton with Applicator),Jan Aushadhi,Clotrimazole Vaginal Gel 2% w/w,nan,nan,nan,45.0
Clotrimazole Vaginal Tablets IP 100Mg,Nan,nan,10's,₹15.0 (10's),Jan Aushadhi,Clotrimazole Vaginal Tablets IP 100mg,nan,nan,nan,15.0
Clozapine Tablets IP 100 Mg,Nan,nan,10's,₹40.0 (10's),Jan Aushadhi,Clozapine Tablets IP 100 mg,nan,nan,nan,40.0
Clozapine Tablets IP 200Mg,Nan,nan,10's,₹80.0 (10's),Jan Aushadhi,Clozapine tablets IP 200mg,nan,nan,nan,80.0
Clozapine Tablets IP 25 Mg,Nan,nan,10's,₹15.0 (10's),Jan Aushadhi,Clozapine Tablets IP 25 mg,nan,nan,nan,15.0
Clozapine Tablets IP 50 Mg,Nan,nan,10's,₹25.0 (10's),Jan Aushadhi,Clozapine Tablets IP 50 mg,nan,nan,nan,25.0
Co-Trimoxazole (Sulphamethoxazole 100Mg And Trimethoprim 20Mg) Tablets IP,Nan,nan,10's,₹2.2 (10's),Jan Aushadhi,Co-trimoxazole (Sulphamethoxazole 100mg and Trimethoprim 20mg) Tablets IP,nan,nan,nan,2.2
Co-Trimoxazole (Sulphamethoxazole 200Mg And Trimethoprim 40Mg Per 5Ml) Oral Suspension IP,Nan,nan,50 ml,₹15.0 (50 ml),Jan Aushadhi,Co-trimoxazole (Sulphamethoxazole 200mg and Trimethoprim 40mg per 5ml) Oral Suspension IP,nan,nan,nan,15.0
Co-Trimoxazole (Sulphamethoxazole 800Mg And Trimethoprim 160Mg) Tablets IP,Nan,nan,10's,₹12.1 (10's),Jan Aushadhi,Co-trimoxazole (Sulphamethoxazole 800mg and Trimethoprim 160mg) Tablets IP,nan,nan,nan,12.1
"Cod Liver Oil 300MG, Evening Primrose Oil 300MG, Omega-3 Fatty Acid 90MG And Vitamin E 10MG Soft Gelatin Capsules",Nan,nan,10's,₹45.0 (10's),Jan Aushadhi,"Cod liver oil 300MG, Evening primrose oil 300MG, Omega-3 fatty acid 90MG and Vitamin E 10MG Soft Gelatin Capsules",nan,nan,nan,45.0
Coenzyme Q10 (Ubidecarenone) And L-Carnitine Tablets,Nan,nan,10's,₹100.0 (10's),Jan Aushadhi,Coenzyme Q10 (Ubidecarenone) and L-Carnitine Tablets,nan,nan,nan,100.0
"Coenzyme Q10 100Mg, Lycopene 4000Mcg, Selenium 70Mcg And Omega-3 Fatty Acids (EPA 90Mg And DHA 60Mg) Capsules",Nan,nan,10's,₹150.0 (10's),Jan Aushadhi,"Coenzyme Q10 100mg, Lycopene 4000mcg, Selenium 70mcg and Omega-3 Fatty Acids (EPA 90mg and DHA 60mg) Capsules",nan,nan,nan,150.0
Colchicine Tablets 0.5Mg,Nan,nan,10's,₹10.0 (10's),Jan Aushadhi,Colchicine Tablets 0.5mg,nan,nan,nan,10.0
Colistimethate Sodium For Injection IP 1 Million IU,Nan,nan,Vial (10 ml),₹180.0 (Vial (10 ml)),Jan Aushadhi,Colistimethate Sodium for Injection IP 1 Million IU,nan,nan,nan,180.0
Colistimethate Sodium For Injection IP 4.5 Million IU,Nan,nan,Vial (10 ml),₹450.0 (Vial (10 ml)),Jan Aushadhi,Colistimethate Sodium for Injection IP 4.5 Million IU,nan,nan,nan,450.0
Colistin Sulphate Oral Suspension IP 12.5 Mg Per 5Ml,Nan,nan,30 ml,₹29.0 (30 ml),Jan Aushadhi,Colistin Sulphate Oral Suspension IP 12.5 mg per 5ml,nan,nan,nan,29.0
"Collagen Peptide(Type I) 40Mg, Sodium Hyaluronate 30Mg, Chondroitin Sulfate 200Mg And Vitamin C 35Mg Tablets",Nan,nan,10's,₹0.0 (10's),Jan Aushadhi,"Collagen Peptide(Type I) 40mg, Sodium Hyaluronate 30mg, Chondroitin Sulfate 200mg and Vitamin C 35mg Tablets",nan,nan,nan,0.0
Combi Kit Of Torasemide 20Mg Tablets And Eplerenone 25Mg Tablets,Nan,nan,20's in Combikit,₹0.0 (20's in Combikit),Jan Aushadhi,Combi kit of Torasemide 20mg Tablets and Eplerenone 25mg Tablets,nan,nan,nan,0.0
Combikit Of Eplerenone Tablets 25Mg And Torsemide Tablets IP 10Mg,Nan,nan,Combikit of 20 Tablets in Mono Carton,₹0.0 (Combikit of 20 Tablets in Mono Carton),Jan Aushadhi,Combikit of Eplerenone Tablets 25mg and Torsemide Tablets IP 10mg,nan,nan,nan,0.0
Combipack Of Ambrisentan 5Mg And Tadalafil 20Mg Tablets,Nan,nan,20's in Combikit,₹0.0 (20's in Combikit),Jan Aushadhi,Combipack of Ambrisentan 5mg and Tadalafil 20mg Tablets,nan,nan,nan,0.0
"Combipack Of Clarithromycin 500Mg Tablets IP, Esomeprazole 40Mg Tablets IP (Gastro Resistant) And Amoxycillin 750Mg Tablets IP",Omez,Dr. Reddy's,Combipack of 6 Tablets in Mono Carton,₹85.0 (Combipack of 6 Tablets in Mono Carton),Jan Aushadhi,"Combipack of Clarithromycin 500mg Tablets IP, Esomeprazole 40mg Tablets IP (Gastro resistant) and Amoxycillin 750mg Tablets IP",Omeprazole 20 mg,✅ Yes,"Acidity, GERD, ulcers",85.0
"Combipack Of Clarithromycin 500Mg Tablets IP, Esomeprazole 40Mg Tablets IP (Gastro Resistant) And Amoxycillin 750Mg Tablets IP",Prilosec,AstraZeneca,Combipack of 6 Tablets in Mono Carton,₹85.0 (Combipack of 6 Tablets in Mono Carton),Jan Aushadhi,"Combipack of Clarithromycin 500mg Tablets IP, Esomeprazole 40mg Tablets IP (Gastro resistant) and Amoxycillin 750mg Tablets IP",Omeprazole 20 mg,✅ Yes,"Acidity, GERD, ulcers",85.0
Combipack Of Mifepristone Tablets IP 200Mg (1 Tablet) & Misoprostol Tablets IP 200Mcg (4 Tablets),Nan,nan,1's,₹74.0 (1's),Jan Aushadhi,Combipack of Mifepristone Tablets IP 200mg (1 Tablet) & Misoprostol Tablets IP 200mcg (4 Tablets),nan,nan,nan,74.0
"Combo Pack Of Vitamin C Injection IP And Vitamin B12, Folic Acid And Niacinamide Injection",Nan,nan,1's,₹0.0 (1's),Jan Aushadhi,"Combo pack of Vitamin C Injection IP and Vitamin B12, Folic acid and Niacinamide injection",nan,nan,nan,0.0
Conjugated Estrogens 0.625Mg Tablets,Nan,nan,28's,₹0.0 (28's),Jan Aushadhi,Conjugated Estrogens 0.625mg Tablets,nan,nan,nan,0.0
Crizotinib Capsules 250Mg,Nan,nan,10's Bottle,₹0.0 (10's Bottle),Jan Aushadhi,Crizotinib Capsules 250mg,nan,nan,nan,0.0
Cyclobenzaprine Extended-Release Capsules 15Mg,Nan,nan,10's,₹0.0 (10's),Jan Aushadhi,Cyclobenzaprine Extended-release Capsules 15mg,nan,nan,nan,0.0
Cyclophosphamide Injection IP 500 Mg,Nan,nan,VIAL,₹35.0 (VIAL),Jan Aushadhi,Cyclophosphamide Injection IP 500 mg,nan,nan,nan,35.0
Cyclosporin Capsules IP 50Mg,Nan,nan,5's,₹120.0 (5's),Jan Aushadhi,Cyclosporin capsules IP 50mg,nan,nan,nan,120.0
Cyclosporin Capulses IP 25Mg,Nan,nan,5's,₹72.0 (5's),Jan Aushadhi,Cyclosporin Capulses IP 25mg,nan,nan,nan,72.0
Cyclosporine Capsules IP 100 Mg,Nan,nan,5's,₹230.0 (5's),Jan Aushadhi,Cyclosporine Capsules IP 100 mg,nan,nan,nan,230.0
Cyproheptadine Hydrochloride Syrup IP 2Mg,Nan,nan,200 ml,₹30.0 (200 ml),Jan Aushadhi,Cyproheptadine Hydrochloride Syrup IP 2mg,nan,nan,nan,30.0
Cyproheptadine Tablets IP 4 Mg,Nan,nan,10's,₹4.0 (10's),Jan Aushadhi,Cyproheptadine Tablets IP 4 mg,nan,nan,nan,4.0
Dabigatran Etexilate Mesilate Capsules 110 Mg,Nan,nan,10's,₹137.5 (10's),Jan Aushadhi,Dabigatran Etexilate Mesilate Capsules 110 mg,nan,nan,nan,137.5
Dabigatran Etexilate Mesilate Capsules 150 Mg,Nan,nan,10's,₹176.0 (10's),Jan Aushadhi,Dabigatran Etexilate Mesilate Capsules 150 mg,nan,nan,nan,176.0
Dabigatran Etexilate Mesilate Capsules 75 Mg,Nan,nan,10's,₹131.0 (10's),Jan Aushadhi,Dabigatran Etexilate Mesilate Capsules 75 mg,nan,nan,nan,131.0
Dacarbazine Injection IP 200Mg,Nan,nan,VIAL,₹188.0 (VIAL),Jan Aushadhi,Dacarbazine Injection IP 200mg,nan,nan,nan,188.0
Daclatasvir Tablets 60 Mg,Nan,nan,28's Bottle,₹930.0 (28's Bottle),Jan Aushadhi,Daclatasvir Tablets 60 mg,nan,nan,nan,930.0
Dapagliflozin 10Mg And Metformin Hydrochloride (Extended Release) 1000Mg Tablets,Gluformin,Abbott,10's,₹55.0 (10's),Jan Aushadhi,Dapagliflozin 10mg and Metformin Hydrochloride (Extended Release) 1000mg Tablets,Metformin 500 mg,✅ Yes,Type 2 diabetes (first-line therapy),55.0
Dapagliflozin 10Mg And Metformin Hydrochloride (Extended Release) 1000Mg Tablets,Glycomet,USV,10's,₹55.0 (10's),Jan Aushadhi,Dapagliflozin 10mg and Metformin Hydrochloride (Extended Release) 1000mg Tablets,Metformin 500 mg,✅ Yes,Type 2 diabetes (first-line therapy),55.0
Dapagliflozin 10Mg And Metformin Hydrochloride (Extended Release) 500Mg Tablets,Gluformin,Abbott,10's,₹51.0 (10's),Jan Aushadhi,Dapagliflozin 10mg and Metformin Hydrochloride (Extended Release) 500mg Tablets,Metformin 500 mg,✅ Yes,Type 2 diabetes (first-line therapy),51.0
Dapagliflozin 10Mg And Metformin Hydrochloride (Extended Release) 500Mg Tablets,Glycomet,USV,10's,₹51.0 (10's),Jan Aushadhi,Dapagliflozin 10mg and Metformin Hydrochloride (Extended Release) 500mg Tablets,Metformin 500 mg,✅ Yes,Type 2 diabetes (first-line therapy),51.0
Dapagliflozin 10Mg And Sitagliptin 100Mg Tablets,Nan,nan,10's,₹70.0 (10's),Jan Aushadhi,Dapagliflozin 10mg and Sitagliptin 100mg Tablets,nan,nan,nan,70.0
Dapagliflozin 10Mg And Sitagliptin 50Mg Tablets,Nan,nan,10's,₹30.0 (10's),Jan Aushadhi,Dapagliflozin 10mg and Sitagliptin 50mg Tablets,nan,nan,nan,30.0
Dapagliflozin 10Mg+ Vildagliptin (Sustained Release)100Mg Tablets,Nan,nan,10's,₹60.0 (10's),Jan Aushadhi,Dapagliflozin 10mg+ Vildagliptin (Sustained release)100mg Tablets,nan,nan,nan,60.0
"Dapagliflozin 10Mg, Sitagliptin 100Mg And Metformin Hydrochloride (Extended Release) 1000Mg Tablets",Gluformin,Abbott,10's,₹75.0 (10's),Jan Aushadhi,"Dapagliflozin 10mg, Sitagliptin 100mg and Metformin Hydrochloride (Extended Release) 1000mg Tablets",Metformin 500 mg,✅ Yes,Type 2 diabetes (first-line therapy),75.0
"Dapagliflozin 10Mg, Sitagliptin 100Mg And Metformin Hydrochloride (Extended Release) 1000Mg Tablets",Glycomet,USV,10's,₹75.0 (10's),Jan Aushadhi,"Dapagliflozin 10mg, Sitagliptin 100mg and Metformin Hydrochloride (Extended Release) 1000mg Tablets",Metformin 500 mg,✅ Yes,Type 2 diabetes (first-line therapy),75.0
"Dapagliflozin 10Mg, Sitagliptin 100Mg And Metformin Hydrochloride (Extended Release) 500Mg Tablets",Gluformin,Abbott,10's,₹72.0 (10's),Jan Aushadhi,"Dapagliflozin 10mg, Sitagliptin 100mg and Metformin Hydrochloride (Extended Release) 500mg Tablets",Metformin 500 mg,✅ Yes,Type 2 diabetes (first-line therapy),72.0
"Dapagliflozin 10Mg, Sitagliptin 100Mg And Metformin Hydrochloride (Extended Release) 500Mg Tablets",Glycomet,USV,10's,₹72.0 (10's),Jan Aushadhi,"Dapagliflozin 10mg, Sitagliptin 100mg and Metformin Hydrochloride (Extended Release) 500mg Tablets",Metformin 500 mg,✅ Yes,Type 2 diabetes (first-line therapy),72.0
"Dapagliflozin 10Mg, Vildagliptin 100Mg (SR) And Metformin Hydrochloride 1000Mg (SR) Tablets",Gluformin,Abbott,15's,₹70.0 (15's),Jan Aushadhi,"Dapagliflozin 10mg, Vildagliptin 100mg (SR) and Metformin Hydrochloride 1000mg (SR) Tablets",Metformin 500 mg,✅ Yes,Type 2 diabetes (first-line therapy),70.0
"Dapagliflozin 10Mg, Vildagliptin 100Mg (SR) And Metformin Hydrochloride 1000Mg (SR) Tablets",Glycomet,USV,15's,₹70.0 (15's),Jan Aushadhi,"Dapagliflozin 10mg, Vildagliptin 100mg (SR) and Metformin Hydrochloride 1000mg (SR) Tablets",Metformin 500 mg,✅ Yes,Type 2 diabetes (first-line therapy),70.0
"Dapagliflozin 10Mg, Vildagliptin 100Mg (SR) And Metformin Hydrochloride 500Mg (SR) Tablets",Gluformin,Abbott,15's,₹65.0 (15's),Jan Aushadhi,"Dapagliflozin 10mg, Vildagliptin 100mg (SR) and Metformin Hydrochloride 500mg (SR) Tablets",Metformin 500 mg,✅ Yes,Type 2 diabetes (first-line therapy),65.0
"Dapagliflozin 10Mg, Vildagliptin 100Mg (SR) And Metformin Hydrochloride 500Mg (SR) Tablets",Glycomet,USV,15's,₹65.0 (15's),Jan Aushadhi,"Dapagliflozin 10mg, Vildagliptin 100mg (SR) and Metformin Hydrochloride 500mg (SR) Tablets",Metformin 500 mg,✅ Yes,Type 2 diabetes (first-line therapy),65.0
Dapagliflozin 5Mg And Metformin Hydrochloride (Extended Release) 1000Mg Tablets,Gluformin,Abbott,10's,₹35.0 (10's),Jan Aushadhi,Dapagliflozin 5mg and Metformin Hydrochloride (Extended Release) 1000mg Tablets,Metformin 500 mg,✅ Yes,Type 2 diabetes (first-line therapy),35.0
Dapagliflozin 5Mg And Metformin Hydrochloride (Extended Release) 1000Mg Tablets,Glycomet,USV,10's,₹35.0 (10's),Jan Aushadhi,Dapagliflozin 5mg and Metformin Hydrochloride (Extended Release) 1000mg Tablets,Metformin 500 mg,✅ Yes,Type 2 diabetes (first-line therapy),35.0
Dapagliflozin 5Mg And Metformin Hydrochloride (Extended Release) 500Mg Tablets,Gluformin,Abbott,10's,₹30.0 (10's),Jan Aushadhi,Dapagliflozin 5mg and Metformin Hydrochloride (Extended Release) 500mg Tablets,Metformin 500 mg,✅ Yes,Type 2 diabetes (first-line therapy),30.0
Dapagliflozin 5Mg And Metformin Hydrochloride (Extended Release) 500Mg Tablets,Glycomet,USV,10's,₹30.0 (10's),Jan Aushadhi,Dapagliflozin 5mg and Metformin Hydrochloride (Extended Release) 500mg Tablets,Metformin 500 mg,✅ Yes,Type 2 diabetes (first-line therapy),30.0
Dapagliflozin 5Mg And Sitagliptin 100Mg Tablets,Nan,nan,10's,₹50.0 (10's),Jan Aushadhi,Dapagliflozin 5mg and Sitagliptin 100mg Tablets,nan,nan,nan,50.0
Dapagliflozin 5Mg And Sitagliptin 50Mg Tablets,Nan,nan,10's,₹40.0 (10's),Jan Aushadhi,Dapagliflozin 5mg and Sitagliptin 50mg Tablets,nan,nan,nan,40.0
Dapagliflozin 5Mg+ Vildagliptin (Sustained Release)100Mg Tablets,Nan,nan,10's,₹50.0 (10's),Jan Aushadhi,Dapagliflozin 5mg+ Vildagliptin (Sustained release)100mg Tablets,nan,nan,nan,50.0
Dapagliflozin Tablets 10 Mg,Nan,nan,10's,₹32.0 (10's),Jan Aushadhi,Dapagliflozin Tablets 10 mg,nan,nan,nan,32.0
Dapagliflozin Tablets 5Mg,Nan,nan,10's,₹25.0 (10's),Jan Aushadhi,Dapagliflozin Tablets 5mg,nan,nan,nan,25.0
Dapoxetine Tablets IP 30Mg,Nan,nan,4's,₹15.0 (4's),Jan Aushadhi,Dapoxetine Tablets IP 30mg,nan,nan,nan,15.0
Darifenacin Prolonged Release Tablets IP 7.5Mg,Nan,nan,10's,₹95.0 (10's),Jan Aushadhi,Darifenacin Prolonged Release Tablets IP 7.5mg,nan,nan,nan,95.0
Dasatinib 50Mg Tablets,Nan,nan,60's Bottle,₹1100.0 (60's Bottle),Jan Aushadhi,Dasatinib 50mg Tablets,nan,nan,nan,1100.0
Dasatinib Tablets 20Mg,Nan,nan,60's Bottle in Monopack,₹1285.0 (60's Bottle in Monopack),Jan Aushadhi,Dasatinib Tablets 20mg,nan,nan,nan,1285.0
Dasatinib Tablets 50Mg,Nan,nan,60's Bottle in Monopack,₹2365.0 (60's Bottle in Monopack),Jan Aushadhi,Dasatinib Tablets 50mg,nan,nan,nan,2365.0
Dasatinib Tablets 70Mg,Nan,nan,60's Bottle in Monopack,₹2999.0 (60's Bottle in Monopack),Jan Aushadhi,Dasatinib Tablets 70mg,nan,nan,nan,2999.0
Daunorubicin Hydrochloride Injection IP 20Mg,Nan,nan,vial,₹204.0 (vial),Jan Aushadhi,Daunorubicin Hydrochloride Injection IP 20mg,nan,nan,nan,204.0
Deferasirox Dispersible Tablets 180Mg,Nan,nan,10's,₹50.0 (10's),Jan Aushadhi,Deferasirox Dispersible Tablets 180mg,nan,nan,nan,50.0
Deferasirox Dispersible Tablets 250Mg,Nan,nan,30's,₹70.0 (30's),Jan Aushadhi,Deferasirox Dispersible Tablets 250mg,nan,nan,nan,70.0
Deferasirox Dispersible Tablets 360Mg,Nan,nan,10's,₹85.0 (10's),Jan Aushadhi,Deferasirox Dispersible Tablets 360mg,nan,nan,nan,85.0
Deferasirox Dispersible Tablets 400Mg,Nan,nan,10's,₹97.0 (10's),Jan Aushadhi,Deferasirox Dispersible Tablets 400mg,nan,nan,nan,97.0
Deferasirox Dispersible Tablets 500Mg,Nan,nan,30's,₹120.0 (30's),Jan Aushadhi,Deferasirox Dispersible Tablets 500mg,nan,nan,nan,120.0
Deferiprone Capsules 250Mg,Nan,nan,50's,₹133.0 (50's),Jan Aushadhi,Deferiprone Capsules 250mg,nan,nan,nan,133.0
Deferiprone Capsules 500Mg,Nan,nan,50's,₹250.0 (50's),Jan Aushadhi,Deferiprone Capsules 500mg,nan,nan,nan,250.0
Deflazacort 30Mg And Tamsulosin 0.4Mg Tablets,Nan,nan,10's,₹200.0 (10's),Jan Aushadhi,Deflazacort 30mg and Tamsulosin 0.4mg Tablets,nan,nan,nan,200.0
Deflazacort Oral Suspension 6Mg Per 5Ml,Nan,nan,30ml in Mono-carton with measuring cap,₹30.0 (30ml in Mono-carton with measuring cap),Jan Aushadhi,Deflazacort oral Suspension 6mg per 5ml,nan,nan,nan,30.0
Deflazacort Tablets 6 Mg,Nan,nan,6's,₹14.3 (6's),Jan Aushadhi,Deflazacort Tablets 6 mg,nan,nan,nan,14.3
Dehydroepiandrosterone (Micronized) 25 Mg Capsule,Nan,nan,10's,₹70.0 (10's),Jan Aushadhi,Dehydroepiandrosterone (Micronized) 25 mg Capsule,nan,nan,nan,70.0
Denosumab (R-Dna Origin) 60Mg/Ml In Pre-Filled Syringe,Nan,nan,1ml Pre-filled Syringe in Mono-carton,₹5200.0 (1ml Pre-filled Syringe in Mono-carton),Jan Aushadhi,Denosumab (r-DNA origin) 60mg/ml in Pre-filled Syringe,nan,nan,nan,5200.0
Desloratadine 5Mg And Montelukast 10Mg Tablets,Nan,nan,10's,₹25.0 (10's),Jan Aushadhi,Desloratadine 5mg and Montelukast 10mg Tablets,nan,nan,nan,25.0
Desloratadine Tablets 10 Mg,Nan,nan,10's,₹25.0 (10's),Jan Aushadhi,Desloratadine Tablets 10 mg,nan,nan,nan,25.0
Desloratadine Tablets 5Mg,Nan,nan,10's,₹15.0 (10's),Jan Aushadhi,Desloratadine Tablets 5mg,nan,nan,nan,15.0
Desmopressin Tablets 0.1 Mg,Nan,nan,15's in bottle,₹0.0 (15's in bottle),Jan Aushadhi,Desmopressin Tablets 0.1 mg,nan,nan,nan,0.0
Desvenlafaxine Extended Release 100Mg And Clonazepam 0.5Mg Tablets,Nan,nan,10's,₹60.0 (10's),Jan Aushadhi,Desvenlafaxine Extended Release 100mg and Clonazepam 0.5mg Tablets,nan,nan,nan,60.0
Desvenlafaxine Extended Release 50Mg And Clonazepam 0.5Mg Tablets,Nan,nan,10's,₹33.0 (10's),Jan Aushadhi,Desvenlafaxine Extended Release 50mg and Clonazepam 0.5mg Tablets,nan,nan,nan,33.0
Desvenlafaxine Extended Release Tablets 100Mg,Nan,nan,10's,₹45.0 (10's),Jan Aushadhi,Desvenlafaxine Extended Release Tablets 100mg,nan,nan,nan,45.0
Desvenlafaxine Extended Release Tablets 50Mg,Nan,nan,10's,₹25.0 (10's),Jan Aushadhi,Desvenlafaxine Extended Release Tablets 50mg,nan,nan,nan,25.0
Dexamethasone Injection IP 4Mg Per Ml,Nan,nan,2 ml,₹6.0 (2 ml),Jan Aushadhi,Dexamethasone Injection IP 4mg per ml,nan,nan,nan,6.0
Dexamethasone Tablets IP 0.5 Mg,Nan,nan,10's,₹2.0 (10's),Jan Aushadhi,Dexamethasone Tablets IP 0.5 mg,nan,nan,nan,2.0
Dexchlorpheniramine Maleate Sustained Release Tablets 6Mg,Nan,nan,10's,₹0.0 (10's),Jan Aushadhi,Dexchlorpheniramine Maleate Sustained Release Tablets 6mg,nan,nan,nan,0.0
Dexchlorpheniramine Maleate Tablets IP 2Mg,Nan,nan,10's,₹0.0 (10's),Jan Aushadhi,Dexchlorpheniramine Maleate Tablets IP 2mg,nan,nan,nan,0.0
Dexlansoprazole MR Capsules 60Mg,Nan,nan,10's,₹100.0 (10's),Jan Aushadhi,Dexlansoprazole MR Capsules 60mg,nan,nan,nan,100.0
Dextromethorphan Hydrobromide Lozenges 5Mg,Nan,nan,10's,₹0.0 (10's),Jan Aushadhi,Dextromethorphan Hydrobromide Lozenges 5mg,nan,nan,nan,0.0
Dextromethorphan Hydrobromide Syrup IP 13.5Mg Per 5Ml,Nan,nan,50 ml,₹23.0 (50 ml),Jan Aushadhi,Dextromethorphan Hydrobromide Syrup IP 13.5mg per 5ml,nan,nan,nan,23.0
Dextrose 5%W/V And Sodium Chloride 0.9%W/V Injection IP,Nan,nan,500 ml,₹20.0 (500 ml),Jan Aushadhi,Dextrose 5%w/v and Sodium Chloride 0.9%w/v Injection IP,nan,nan,nan,20.0
Dextrose Injection IP 10% W/V,Nan,nan,500 ml,₹16.5 (500 ml),Jan Aushadhi,Dextrose Injection IP 10% w/v,nan,nan,nan,16.5
Dextrose Injection IP 25%W/V,Nan,nan,100 ml,₹12.0 (100 ml),Jan Aushadhi,Dextrose Injection IP 25%w/v,nan,nan,nan,12.0
Dextrose Intravenouse Infusion IP 5% W/V,Nan,nan,500 ml,₹20.0 (500 ml),Jan Aushadhi,Dextrose Intravenouse Infusion IP 5% w/v,nan,nan,nan,20.0
Dextrose Monohydrate IP Powder,Nan,nan,75 gm,₹23.0 (75 gm),Jan Aushadhi,Dextrose Monohydrate IP Powder,nan,nan,nan,23.0
Di-Hydralazine Hydrochloride 25Mg Tablets USP,Nan,nan,10's,₹0.0 (10's),Jan Aushadhi,Di-Hydralazine Hydrochloride 25mg Tablets USP,nan,nan,nan,0.0
Diabetes Care Protein Powder,Nan,nan,400g Jar,₹400.0 (400g Jar),Jan Aushadhi,Diabetes Care Protein Powder,nan,nan,nan,400.0
Diacerein 50Mg And Glucosamine Sulphate 750Mg Tablets,Nan,nan,10's,₹50.0 (10's),Jan Aushadhi,Diacerein 50mg and Glucosamine Sulphate 750mg Tablets,nan,nan,nan,50.0
Diacerein Capsules IP 50Mg,Nan,nan,10's,₹45.0 (10's),Jan Aushadhi,Diacerein Capsules IP 50mg,nan,nan,nan,45.0
Diastase And Pepsin Enzyme Drops,Nan,nan,15 ml,₹18.0 (15 ml),Jan Aushadhi,Diastase and Pepsin Enzyme Drops,nan,nan,nan,18.0
Diazepam Injection IP 5Mg Per Ml,Nan,nan,2 ML,₹8.0 (2 ML),Jan Aushadhi,Diazepam Injection IP 5mg per ml,nan,nan,nan,8.0
Diazepam Tablets IP 10 Mg,Nan,nan,10's,₹20.0 (10's),Jan Aushadhi,Diazepam Tablets IP 10 mg,nan,nan,nan,20.0
Diazepam Tablets IP 2 Mg,Nan,nan,10's,₹7.0 (10's),Jan Aushadhi,Diazepam Tablets IP 2 mg,nan,nan,nan,7.0
Diazepam Tablets IP 5 Mg,Nan,nan,10's,₹6.0 (10's),Jan Aushadhi,Diazepam Tablets IP 5 mg,nan,nan,nan,6.0
"Diclofenac 1.16%W/W, Linceed Oil 3%W/W, Methyl Salicylate 10%W/W And Menthol 5%W/W Gel",Dicloran,Torrent,30 GM,₹24.0 (30 GM),Jan Aushadhi,"Diclofenac 1.16%w/w, Linceed Oil 3%w/w, Methyl Salicylate 10%w/w and Menthol 5%w/w Gel",Diclofenac 50 mg,✅ Yes,"Pain relief, inflammation, arthritis",24.0
"Diclofenac 1.16%W/W, Linceed Oil 3%W/W, Methyl Salicylate 10%W/W And Menthol 5%W/W Gel",Voveran,Novartis,30 GM,₹24.0 (30 GM),Jan Aushadhi,"Diclofenac 1.16%w/w, Linceed Oil 3%w/w, Methyl Salicylate 10%w/w and Menthol 5%w/w Gel",Diclofenac 50 mg,✅ Yes,"Pain relief, inflammation, arthritis",24.0
Diclofenac 200Mg Transdermal Patch,Dicloran,Torrent,10's in Mono-carton,₹0.0 (10's in Mono-carton),Jan Aushadhi,Diclofenac 200mg Transdermal patch,Diclofenac 50 mg,✅ Yes,"Pain relief, inflammation, arthritis",0.0
Diclofenac 200Mg Transdermal Patch,Voveran,Novartis,10's in Mono-carton,₹0.0 (10's in Mono-carton),Jan Aushadhi,Diclofenac 200mg Transdermal patch,Diclofenac 50 mg,✅ Yes,"Pain relief, inflammation, arthritis",0.0
"Diclofenac Diethylamine 1.16% W/W, Sesame Oil 2.5% W/W, Linseed Oil 0.5% W/W, Methyl Salicylate 10% W/W & Menthol 5% W/W Gel",Dicloran,Torrent,30g in Mono-carton,₹0.0 (30g in Mono-carton),Jan Aushadhi,"Diclofenac Diethylamine 1.16% w/w, Sesame oil 2.5% w/w, Linseed oil 0.5% w/w, Methyl Salicylate 10% w/w & Menthol 5% w/w Gel",Diclofenac 50 mg,✅ Yes,"Pain relief, inflammation, arthritis",0.0
"Diclofenac Diethylamine 1.16% W/W, Sesame Oil 2.5% W/W, Linseed Oil 0.5% W/W, Methyl Salicylate 10% W/W & Menthol 5% W/W Gel",Voveran,Novartis,30g in Mono-carton,₹0.0 (30g in Mono-carton),Jan Aushadhi,"Diclofenac Diethylamine 1.16% w/w, Sesame oil 2.5% w/w, Linseed oil 0.5% w/w, Methyl Salicylate 10% w/w & Menthol 5% w/w Gel",Diclofenac 50 mg,✅ Yes,"Pain relief, inflammation, arthritis",0.0
"Diclofenac Diethylamine 1.16% W/W, Sesame Oil 2.50% W/W, Linseed Oil 0.50% W/W, Methylsalicylate 10% W/W And Menthol 5% W/W Gel",Dicloran,Torrent,30gm Lami-Tube in Monopack,₹75.0 (30gm Lami-Tube in Monopack),Jan Aushadhi,"Diclofenac Diethylamine 1.16% w/w, Sesame Oil 2.50% w/w, Linseed Oil 0.50% w/w, Methylsalicylate 10% w/w and Menthol 5% w/w Gel",Diclofenac 50 mg,✅ Yes,"Pain relief, inflammation, arthritis",75.0
"Diclofenac Diethylamine 1.16% W/W, Sesame Oil 2.50% W/W, Linseed Oil 0.50% W/W, Methylsalicylate 10% W/W And Menthol 5% W/W Gel",Voveran,Novartis,30gm Lami-Tube in Monopack,₹75.0 (30gm Lami-Tube in Monopack),Jan Aushadhi,"Diclofenac Diethylamine 1.16% w/w, Sesame Oil 2.50% w/w, Linseed Oil 0.50% w/w, Methylsalicylate 10% w/w and Menthol 5% w/w Gel",Diclofenac 50 mg,✅ Yes,"Pain relief, inflammation, arthritis",75.0
"Diclofenac Diethylamine 1.16% W/W, Thiocholchicoside 0.125% W/W, Linseed Oil 3% W/W, Methylsalicylate 10% W/W And Menthol 5% W/W Gel",Dicloran,Torrent,30 gm,₹50.0 (30 gm),Jan Aushadhi,"Diclofenac Diethylamine 1.16% w/w, Thiocholchicoside 0.125% w/w, Linseed Oil 3% w/w, Methylsalicylate 10% w/w and Menthol 5% w/w Gel",Diclofenac 50 mg,✅ Yes,"Pain relief, inflammation, arthritis",50.0
"Diclofenac Diethylamine 1.16% W/W, Thiocholchicoside 0.125% W/W, Linseed Oil 3% W/W, Methylsalicylate 10% W/W And Menthol 5% W/W Gel",Voveran,Novartis,30 gm,₹50.0 (30 gm),Jan Aushadhi,"Diclofenac Diethylamine 1.16% w/w, Thiocholchicoside 0.125% w/w, Linseed Oil 3% w/w, Methylsalicylate 10% w/w and Menthol 5% w/w Gel",Diclofenac 50 mg,✅ Yes,"Pain relief, inflammation, arthritis",50.0
"Diclofenac Dithylamine 1.16%W/W, Linseed Oil 3%W/W, Methyl Salicylate 10%W/W And Menthol 5%W/W Spray",Dicloran,Torrent,35 gm,₹55.0 (35 gm),Jan Aushadhi,"Diclofenac Dithylamine 1.16%w/w, Linseed Oil 3%w/w, Methyl Salicylate 10%w/w and Menthol 5%w/w Spray",Diclofenac 50 mg,✅ Yes,"Pain relief, inflammation, arthritis",55.0
"Diclofenac Dithylamine 1.16%W/W, Linseed Oil 3%W/W, Methyl Salicylate 10%W/W And Menthol 5%W/W Spray",Voveran,Novartis,35 gm,₹55.0 (35 gm),Jan Aushadhi,"Diclofenac Dithylamine 1.16%w/w, Linseed Oil 3%w/w, Methyl Salicylate 10%w/w and Menthol 5%w/w Spray",Diclofenac 50 mg,✅ Yes,"Pain relief, inflammation, arthritis",55.0
Diclofenac Gastro-Resistant Tablets IP 50 Mg,Dicloran,Torrent,10's,₹5.5 (10's),Jan Aushadhi,Diclofenac Gastro-Resistant Tablets IP 50 mg,Diclofenac 50 mg,✅ Yes,"Pain relief, inflammation, arthritis",5.5
Diclofenac Gastro-Resistant Tablets IP 50 Mg,Voveran,Novartis,10's,₹5.5 (10's),Jan Aushadhi,Diclofenac Gastro-Resistant Tablets IP 50 mg,Diclofenac 50 mg,✅ Yes,"Pain relief, inflammation, arthritis",5.5
Diclofenac Gel IP 1.16%W/W (Diclofenac Diethylamine),Dicloran,Torrent,15 g,₹12.0 (15 g),Jan Aushadhi,Diclofenac Gel IP 1.16%w/w (Diclofenac Diethylamine),Diclofenac 50 mg,✅ Yes,"Pain relief, inflammation, arthritis",12.0
Diclofenac Gel IP 1.16%W/W (Diclofenac Diethylamine),Voveran,Novartis,15 g,₹12.0 (15 g),Jan Aushadhi,Diclofenac Gel IP 1.16%w/w (Diclofenac Diethylamine),Diclofenac 50 mg,✅ Yes,"Pain relief, inflammation, arthritis",12.0
Diclofenac Potassium 50Mg And Metaxalone 400Mg Tablets,Dicloran,Torrent,10's,₹50.0 (10's),Jan Aushadhi,Diclofenac Potassium 50mg and Metaxalone 400mg Tablets,Diclofenac 50 mg,✅ Yes,"Pain relief, inflammation, arthritis",50.0
Diclofenac Potassium 50Mg And Metaxalone 400Mg Tablets,Voveran,Novartis,10's,₹50.0 (10's),Jan Aushadhi,Diclofenac Potassium 50mg and Metaxalone 400mg Tablets,Diclofenac 50 mg,✅ Yes,"Pain relief, inflammation, arthritis",50.0
"Diclofenac Potassium 50Mg, Paracetamol 325Mg And Serratiopeptidase 10Mg Tablets",Calpol,GSK,10's,₹19.8 (10's),Jan Aushadhi,"Diclofenac Potassium 50mg, Paracetamol 325mg and Serratiopeptidase 10mg Tablets",Paracetamol 500 mg,✅ Yes,"Pain relief, fever reducer",19.8
"Diclofenac Potassium 50Mg, Paracetamol 325Mg And Serratiopeptidase 10Mg Tablets",Crocin,GSK,10's,₹19.8 (10's),Jan Aushadhi,"Diclofenac Potassium 50mg, Paracetamol 325mg and Serratiopeptidase 10mg Tablets",Paracetamol 500 mg,✅ Yes,"Pain relief, fever reducer",19.8
"Diclofenac Potassium 50Mg, Paracetamol 325Mg And Serratiopeptidase 10Mg Tablets",Dicloran,Torrent,10's,₹19.8 (10's),Jan Aushadhi,"Diclofenac Potassium 50mg, Paracetamol 325mg and Serratiopeptidase 10mg Tablets",Diclofenac 50 mg,✅ Yes,"Pain relief, inflammation, arthritis",19.8
"Diclofenac Potassium 50Mg, Paracetamol 325Mg And Serratiopeptidase 10Mg Tablets",Dolo-650,Micro Labs,10's,₹19.8 (10's),Jan Aushadhi,"Diclofenac Potassium 50mg, Paracetamol 325mg and Serratiopeptidase 10mg Tablets",Paracetamol 650 mg,✅ Yes,"Pain relief, fever reducer",19.8
"Diclofenac Potassium 50Mg, Paracetamol 325Mg And Serratiopeptidase 10Mg Tablets",Voveran,Novartis,10's,₹19.8 (10's),Jan Aushadhi,"Diclofenac Potassium 50mg, Paracetamol 325mg and Serratiopeptidase 10mg Tablets",Diclofenac 50 mg,✅ Yes,"Pain relief, inflammation, arthritis",19.8
Diclofenac Prolonged Release Tablets IP 75 Mg,Dicloran,Torrent,10's,₹10.0 (10's),Jan Aushadhi,Diclofenac Prolonged release Tablets IP 75 mg,Diclofenac 50 mg,✅ Yes,"Pain relief, inflammation, arthritis",10.0
Diclofenac Prolonged Release Tablets IP 75 Mg,Voveran,Novartis,10's,₹10.0 (10's),Jan Aushadhi,Diclofenac Prolonged release Tablets IP 75 mg,Diclofenac 50 mg,✅ Yes,"Pain relief, inflammation, arthritis",10.0
"Diclofenac Sodium 2% W/V, Methyl Salicylate 10% W/V, Menthol 5%, Absolute Alcohol 10% V/V Spray",Dicloran,Torrent,50ml,₹0.0 (50ml),Jan Aushadhi,"Diclofenac Sodium 2% w/v, Methyl Salicylate 10% w/v, Menthol 5%, Absolute alcohol 10% v/v Spray",Diclofenac 50 mg,✅ Yes,"Pain relief, inflammation, arthritis",0.0
"Diclofenac Sodium 2% W/V, Methyl Salicylate 10% W/V, Menthol 5%, Absolute Alcohol 10% V/V Spray",Voveran,Novartis,50ml,₹0.0 (50ml),Jan Aushadhi,"Diclofenac Sodium 2% w/v, Methyl Salicylate 10% w/v, Menthol 5%, Absolute alcohol 10% v/v Spray",Diclofenac 50 mg,✅ Yes,"Pain relief, inflammation, arthritis",0.0
Diclofenac Sodium 50Mg And Paracetamol 325Mg Tablets IP,Calpol,GSK,10's,₹9.9 (10's),Jan Aushadhi,Diclofenac Sodium 50mg and Paracetamol 325mg Tablets IP,Paracetamol 500 mg,✅ Yes,"Pain relief, fever reducer",9.9
Diclofenac Sodium 50Mg And Paracetamol 325Mg Tablets IP,Crocin,GSK,10's,₹9.9 (10's),Jan Aushadhi,Diclofenac Sodium 50mg and Paracetamol 325mg Tablets IP,Paracetamol 500 mg,✅ Yes,"Pain relief, fever reducer",9.9
Diclofenac Sodium 50Mg And Paracetamol 325Mg Tablets IP,Dicloran,Torrent,10's,₹9.9 (10's),Jan Aushadhi,Diclofenac Sodium 50mg and Paracetamol 325mg Tablets IP,Diclofenac 50 mg,✅ Yes,"Pain relief, inflammation, arthritis",9.9
Diclofenac Sodium 50Mg And Paracetamol 325Mg Tablets IP,Dolo-650,Micro Labs,10's,₹9.9 (10's),Jan Aushadhi,Diclofenac Sodium 50mg and Paracetamol 325mg Tablets IP,Paracetamol 650 mg,✅ Yes,"Pain relief, fever reducer",9.9
Diclofenac Sodium 50Mg And Paracetamol 325Mg Tablets IP,Voveran,Novartis,10's,₹9.9 (10's),Jan Aushadhi,Diclofenac Sodium 50mg and Paracetamol 325mg Tablets IP,Diclofenac 50 mg,✅ Yes,"Pain relief, inflammation, arthritis",9.9
Diclofenac Sodium 50Mg And Thiocolchicoside 4Mg Tablets,Dicloran,Torrent,10's,₹47.0 (10's),Jan Aushadhi,Diclofenac Sodium 50mg and Thiocolchicoside 4mg Tablets,Diclofenac 50 mg,✅ Yes,"Pain relief, inflammation, arthritis",47.0
Diclofenac Sodium 50Mg And Thiocolchicoside 4Mg Tablets,Voveran,Novartis,10's,₹47.0 (10's),Jan Aushadhi,Diclofenac Sodium 50mg and Thiocolchicoside 4mg Tablets,Diclofenac 50 mg,✅ Yes,"Pain relief, inflammation, arthritis",47.0
Diclofenac Sodium 50Mg And Thiocolchicoside 8Mg Tablets,Dicloran,Torrent,10's,₹60.0 (10's),Jan Aushadhi,Diclofenac Sodium 50mg and Thiocolchicoside 8mg Tablets,Diclofenac 50 mg,✅ Yes,"Pain relief, inflammation, arthritis",60.0
Diclofenac Sodium 50Mg And Thiocolchicoside 8Mg Tablets,Voveran,Novartis,10's,₹60.0 (10's),Jan Aushadhi,Diclofenac Sodium 50mg and Thiocolchicoside 8mg Tablets,Diclofenac 50 mg,✅ Yes,"Pain relief, inflammation, arthritis",60.0
Diclofenac Sodium Injection IP 25Mg Per Ml,Dicloran,Torrent,3 ml,₹4.0 (3 ml),Jan Aushadhi,Diclofenac Sodium Injection IP 25mg per ml,Diclofenac 50 mg,✅ Yes,"Pain relief, inflammation, arthritis",4.0
Diclofenac Sodium Injection IP 25Mg Per Ml,Voveran,Novartis,3 ml,₹4.0 (3 ml),Jan Aushadhi,Diclofenac Sodium Injection IP 25mg per ml,Diclofenac 50 mg,✅ Yes,"Pain relief, inflammation, arthritis",4.0
Diclofenac Sodium Prolonged Release Tablets IP 100 Mg,Dicloran,Torrent,10's,₹12.1 (10's),Jan Aushadhi,Diclofenac Sodium Prolonged Release Tablets IP 100 mg,Diclofenac 50 mg,✅ Yes,"Pain relief, inflammation, arthritis",12.1
Diclofenac Sodium Prolonged Release Tablets IP 100 Mg,Voveran,Novartis,10's,₹12.1 (10's),Jan Aushadhi,Diclofenac Sodium Prolonged Release Tablets IP 100 mg,Diclofenac 50 mg,✅ Yes,"Pain relief, inflammation, arthritis",12.1
Diclofenac Sodium Suppositories 100Mg,Dicloran,Torrent,5's,₹0.0 (5's),Jan Aushadhi,Diclofenac Sodium Suppositories 100mg,Diclofenac 50 mg,✅ Yes,"Pain relief, inflammation, arthritis",0.0
Diclofenac Sodium Suppositories 100Mg,Voveran,Novartis,5's,₹0.0 (5's),Jan Aushadhi,Diclofenac Sodium Suppositories 100mg,Diclofenac 50 mg,✅ Yes,"Pain relief, inflammation, arthritis",0.0
Dicyclomine Hydrochloride (Dicycloverine) Injection IP 10Mg Per Ml,Nan,nan,2 ml,₹4.0 (2 ml),Jan Aushadhi,Dicyclomine Hydrochloride (Dicycloverine) Injection IP 10mg per ml,nan,nan,nan,4.0
Dicyclomine Hydrochloride 10Mg And Activated Dimethicone 40Mg Per 5 Ml Suspension,Nan,nan,30 ML,₹17.0 (30 ML),Jan Aushadhi,Dicyclomine Hydrochloride 10mg and Activated Dimethicone 40mg per 5 ml Suspension,nan,nan,nan,17.0
Dicyclomine Hydrochloride 10Mg And Mefenamic Acid 250Mg Tablets IP,Nan,nan,10's,₹13.2 (10's),Jan Aushadhi,Dicyclomine Hydrochloride 10mg and Mefenamic Acid 250mg Tablets IP,nan,nan,nan,13.2
Dicyclomine Hydrochloride 10Mg And Simethicone 40Mg Oral Drops,Nan,nan,10 ml Bottle,₹10.0 (10 ml Bottle),Jan Aushadhi,Dicyclomine Hydrochloride 10mg and Simethicone 40mg Oral Drops,nan,nan,nan,10.0
Dicyclomine Tablets IP 10Mg,Nan,nan,10's,₹1.0 (10's),Jan Aushadhi,Dicyclomine Tablets IP 10mg,nan,nan,nan,1.0
Diethylcarbamazine 150Mg Tablets,Nan,nan,10's,₹10.0 (10's),Jan Aushadhi,Diethylcarbamazine 150mg Tablets,nan,nan,nan,10.0
Diethylcarbamazine Citrate Tablets IP 100Mg,Nan,nan,30's,₹17.0 (30's),Jan Aushadhi,Diethylcarbamazine Citrate Tablets IP 100mg,nan,nan,nan,17.0
Diethylcarbamazine Tablets IP 50 Mg,Nan,nan,30's,₹9.0 (30's),Jan Aushadhi,Diethylcarbamazine Tablets IP 50 mg,nan,nan,nan,9.0
Digoxin Tablets IP 0.25 Mg,Nan,nan,10's,₹9.0 (10's),Jan Aushadhi,Digoxin Tablets IP 0.25 mg,nan,nan,nan,9.0
Diltiazem Hydrochloride Extended Release Capsules 120 Mg,Nan,nan,10's,₹35.0 (10's),Jan Aushadhi,Diltiazem Hydrochloride Extended Release Capsules 120 mg,nan,nan,nan,35.0
Diltiazem Sustained Release Tablets 90 Mg,Nan,nan,10's,₹36.3 (10's),Jan Aushadhi,Diltiazem Sustained Release Tablets 90 mg,nan,nan,nan,36.3
Diltiazem Tablets IP 30 Mg,Nan,nan,10's,₹12.1 (10's),Jan Aushadhi,Diltiazem Tablets IP 30 mg,nan,nan,nan,12.1
Diltiazem Tablets IP 60 Mg,Nan,nan,10's,₹17.0 (10's),Jan Aushadhi,Diltiazem Tablets IP 60 mg,nan,nan,nan,17.0
Dinoprostone Gel 0.5 Mg (Pre-Filled Syringe),Nan,nan,3gm Pre-filled Syringe,₹121.0 (3gm Pre-filled Syringe),Jan Aushadhi,Dinoprostone Gel 0.5 mg (Pre-filled syringe),nan,nan,nan,121.0
"Diphenhydramine 13-15Mg, Ammonium Chloride 135-150Mg , Sodium Citrate 57-85Mg, Menthol 0.9-2.6Mg Cough Syrup",Nan,nan,100 ml Bottle,₹18.0 (100 ml Bottle),Jan Aushadhi,"Diphenhydramine 13-15mg, Ammonium Chloride 135-150mg , Sodium Citrate 57-85mg, Menthol 0.9-2.6mg Cough Syrup",nan,nan,nan,18.0
Diphenoxylate Hydrochloride 2.5Mg And Atropine Sulphate 0.025Mg Tablet,Nan,nan,10's,₹6.0 (10's),Jan Aushadhi,Diphenoxylate Hydrochloride 2.5mg and Atropine sulphate 0.025mg Tablet,nan,nan,nan,6.0
Disodium Hydrogen Citrate Syrup (Alkalyser) 1.4 Gm Per 5 Ml,Nan,nan,100 ml,₹22.0 (100 ml),Jan Aushadhi,Disodium Hydrogen Citrate Syrup (Alkalyser) 1.4 gm per 5 ml,nan,nan,nan,22.0
Disodium Hydrogen Citrate Syrup 1.37Gm Per 5Ml,Nan,nan,100ml Bottle,₹45.0 (100ml Bottle),Jan Aushadhi,Disodium Hydrogen Citrate Syrup 1.37gm per 5ml,nan,nan,nan,45.0
Disodium Hydrogen Citrate Syrup 1.53Gm Per 5Ml,Nan,nan,100ml Bottle,₹30.0 (100ml Bottle),Jan Aushadhi,Disodium Hydrogen Citrate Syrup 1.53gm per 5ml,nan,nan,nan,30.0
Disulfiram Tablets IP 500 Mg,Nan,nan,4's,₹7.0 (4's),Jan Aushadhi,Disulfiram Tablets IP 500 mg,nan,nan,nan,7.0
Divalproex Prolonged Release Tablets IP 500Mg,Nan,nan,10's,₹65.0 (10's),Jan Aushadhi,Divalproex Prolonged release Tablets IP 500mg,nan,nan,nan,65.0
Divalproex Sodium Extended Release Tablets IP 250 Mg,Nan,nan,10's,₹25.0 (10's),Jan Aushadhi,Divalproex Sodium Extended Release Tablets IP 250 mg,nan,nan,nan,25.0
Divalproex Tablets IP 500 Mg,Nan,nan,10's,₹35.0 (10's),Jan Aushadhi,Divalproex Tablets IP 500 mg,nan,nan,nan,35.0
Dobutamine Injection IP 250Mg Per 20Ml (For Intravenous Infusion),Nan,nan,Vial,₹38.0 (Vial),Jan Aushadhi,Dobutamine Injection IP 250mg per 20ml (for Intravenous Infusion),nan,nan,nan,38.0
Docetaxel Injection IP 120 Mg,Nan,nan,VIAL,₹2700.0 (VIAL),Jan Aushadhi,Docetaxel Injection IP 120 mg,nan,nan,nan,2700.0
Docetaxel Injection IP 80 Mg,Nan,nan,VIAL,₹1800.0 (VIAL),Jan Aushadhi,Docetaxel Injection IP 80 mg,nan,nan,nan,1800.0
Dolutegravir (50 Mg) + Emtricitabine (200 Mg) + Tenofovir Alafenamide (25 Mg) Tablets,Nan,nan,30's in Bottle,₹0.0 (30's in Bottle),Jan Aushadhi,Dolutegravir (50 Mg) + Emtricitabine (200 Mg) + Tenofovir Alafenamide (25 Mg) Tablets,nan,nan,nan,0.0
Dolutegravir (50Mg) + Lamivudine (300Mg) + Tenofovir Disoproxil Fumarate (300Mg) Tablets,Nan,nan,30's in Bottle,₹0.0 (30's in Bottle),Jan Aushadhi,Dolutegravir (50Mg) + Lamivudine (300Mg) + Tenofovir Disoproxil Fumarate (300Mg) Tablets,nan,nan,nan,0.0
Dolutegravir Tablets 50Mg,Nan,nan,30's Bottle,₹200.0 (30's Bottle),Jan Aushadhi,Dolutegravir Tablets 50mg,nan,nan,nan,200.0
Domperidone 10Mg And Paracetamol 325Mg Tablets,Calpol,GSK,10's,₹0.0 (10's),Jan Aushadhi,Domperidone 10mg and Paracetamol 325mg Tablets,Paracetamol 500 mg,✅ Yes,"Pain relief, fever reducer",0.0
Domperidone 10Mg And Paracetamol 325Mg Tablets,Crocin,GSK,10's,₹0.0 (10's),Jan Aushadhi,Domperidone 10mg and Paracetamol 325mg Tablets,Paracetamol 500 mg,✅ Yes,"Pain relief, fever reducer",0.0
Domperidone 10Mg And Paracetamol 325Mg Tablets,Dolo-650,Micro Labs,10's,₹0.0 (10's),Jan Aushadhi,Domperidone 10mg and Paracetamol 325mg Tablets,Paracetamol 650 mg,✅ Yes,"Pain relief, fever reducer",0.0
Domperidone 10Mg And Paracetamol 325Mg Tablets,Domstal,Torrent,10's,₹0.0 (10's),Jan Aushadhi,Domperidone 10mg and Paracetamol 325mg Tablets,Domperidone 10 mg,✅ Yes,"Nausea, vomiting, gastric motility",0.0
Domperidone 10Mg And Paracetamol 325Mg Tablets,Vomistop,Cipla,10's,₹0.0 (10's),Jan Aushadhi,Domperidone 10mg and Paracetamol 325mg Tablets,Domperidone 10 mg,✅ Yes,"Nausea, vomiting, gastric motility",0.0
Domperidone Suspension IP 5Mg Per 5Ml,Domstal,Torrent,30 ml,₹13.0 (30 ml),Jan Aushadhi,Domperidone Suspension IP 5mg per 5ml,Domperidone 10 mg,✅ Yes,"Nausea, vomiting, gastric motility",13.0
Domperidone Suspension IP 5Mg Per 5Ml,Vomistop,Cipla,30 ml,₹13.0 (30 ml),Jan Aushadhi,Domperidone Suspension IP 5mg per 5ml,Domperidone 10 mg,✅ Yes,"Nausea, vomiting, gastric motility",13.0
Domperidone Tablets IP 10 Mg,Domstal,Torrent,10's,₹4.4 (10's),Jan Aushadhi,Domperidone Tablets IP 10 mg,Domperidone 10 mg,✅ Yes,"Nausea, vomiting, gastric motility",4.4
Domperidone Tablets IP 10 Mg,Vomistop,Cipla,10's,₹4.4 (10's),Jan Aushadhi,Domperidone Tablets IP 10 mg,Domperidone 10 mg,✅ Yes,"Nausea, vomiting, gastric motility",4.4
Donepezil 5Mg And Memantine 10Mg Tablets,Nan,nan,10's,₹25.0 (10's),Jan Aushadhi,Donepezil 5mg and Memantine 10mg Tablets,nan,nan,nan,25.0
Donepezil 5Mg And Memantine 5Mg Tablets,Nan,nan,10's,₹20.0 (10's),Jan Aushadhi,Donepezil 5mg and Memantine 5mg Tablets,nan,nan,nan,20.0
Donepezil Hydrochloride Orally Disintegrating Strips 10 Mg,Nan,nan,10's in mono-carton,₹88.0 (10's in mono-carton),Jan Aushadhi,Donepezil Hydrochloride Orally Disintegrating Strips 10 mg,nan,nan,nan,88.0
Donepezil Hydrochloride Orally Disintegrating Strips 5 Mg,Nan,nan,10's in mono-carton,₹61.0 (10's in mono-carton),Jan Aushadhi,Donepezil Hydrochloride Orally Disintegrating Strips 5 mg,nan,nan,nan,61.0
Donepezil Hydrochloride Tablets IP 10Mg,Nan,nan,10's,₹25.0 (10's),Jan Aushadhi,Donepezil Hydrochloride Tablets IP 10mg,nan,nan,nan,25.0
Donepezil Tablets IP 5 Mg,Nan,nan,10's,₹20.0 (10's),Jan Aushadhi,Donepezil Tablets IP 5 mg,nan,nan,nan,20.0
Dopamine Hydrochloride Injection IP 200 Mg Per 5Ml,Nan,nan,5 ml,₹15.0 (5 ml),Jan Aushadhi,Dopamine Hydrochloride Injection IP 200 mg per 5ml,nan,nan,nan,15.0
Dorzolamide 2% W/V And Timolol 0.5% W/V Eye Drops IP,Nan,nan,5 ml,₹160.0 (5 ml),Jan Aushadhi,Dorzolamide 2% w/v and Timolol 0.5% w/v Eye Drops IP,nan,nan,nan,160.0
Dorzolamide Eye Drops IP 2% W/V,Nan,nan,5 ml,₹110.0 (5 ml),Jan Aushadhi,Dorzolamide Eye Drops IP 2% w/v,nan,nan,nan,110.0
Dosulepin (Dothiepin) Tablets IP 50Mg,Nan,nan,10's,₹30.0 (10's),Jan Aushadhi,Dosulepin (Dothiepin) Tablets IP 50mg,nan,nan,nan,30.0
Dosulepin (Or Dothiepin) Tablets 25 Mg,Nan,nan,10's,₹17.6 (10's),Jan Aushadhi,Dosulepin (or Dothiepin) Tablets 25 mg,nan,nan,nan,17.6
Dosulepine (Or Dothiepin) Tablets IP 75Mg,Nan,nan,10's,₹72.0 (10's),Jan Aushadhi,Dosulepine (or Dothiepin) Tablets IP 75mg,nan,nan,nan,72.0
Doxepin Capsules IP 10Mg,Nan,nan,10's,₹15.0 (10's),Jan Aushadhi,Doxepin Capsules IP 10mg,nan,nan,nan,15.0
Doxepin Capsules IP 25Mg,Nan,nan,10's,₹40.0 (10's),Jan Aushadhi,Doxepin Capsules IP 25mg,nan,nan,nan,40.0
Doxepin Capsules IP 75Mg,Nan,nan,10's,₹60.0 (10's),Jan Aushadhi,Doxepin Capsules IP 75mg,nan,nan,nan,60.0
Doxofylline (Sustained-Release) 400Mg And Montelukast 10Mg Tablets,Nan,nan,10's,₹65.0 (10's),Jan Aushadhi,Doxofylline (Sustained-release) 400mg and Montelukast 10mg Tablets,nan,nan,nan,65.0
Doxofylline Tablets IP 400 Mg,Nan,nan,10's,₹17.0 (10's),Jan Aushadhi,Doxofylline Tablets IP 400 mg,nan,nan,nan,17.0
Doxorubicin Injection IP 50Mg (2Mg Per Ml),Nan,nan,Vial,₹300.0 (Vial),Jan Aushadhi,Doxorubicin Injection IP 50mg (2mg per ml),nan,nan,nan,300.0
Doxycycline Capsules IP 100Mg,Doxicip,Cipla,10's,₹15.4 (10's),Jan Aushadhi,Doxycycline Capsules IP 100mg,Doxycycline 100 mg,✅ Yes,"Bacterial infections, acne, malaria prophylaxis",15.4
Doxycycline Capsules IP 100Mg,Vibramycin,Pfizer,10's,₹15.4 (10's),Jan Aushadhi,Doxycycline Capsules IP 100mg,Doxycycline 100 mg,✅ Yes,"Bacterial infections, acne, malaria prophylaxis",15.4
Doxylamine Succinate 10Mg And Pyridoxine Hydrochloride 10Mg Tablets,Nan,nan,30's,₹23.0 (30's),Jan Aushadhi,Doxylamine Succinate 10mg and Pyridoxine Hydrochloride 10mg Tablets,nan,nan,nan,23.0
Doxylamine Succinate 20Mg And Pyridoxine Hydrochloride 20Mg Tablets,Nan,nan,10's,₹15.0 (10's),Jan Aushadhi,Doxylamine Succinate 20mg and Pyridoxine Hydrochloride 20mg Tablets,nan,nan,nan,15.0
"Dried Aluminium Hydroxide 250Mg, Magnesium Hydroxide 250Mg And Activated Dimethicone 50Mg Per 5Ml Suspension",Nan,nan,170 ml,₹32.0 (170 ml),Jan Aushadhi,"Dried Aluminium Hydroxide 250mg, Magnesium Hydroxide 250mg and Activated Dimethicone 50mg per 5ml Suspension",nan,nan,nan,32.0
"Dried Aluminium Hydroxide 250Mg, Magnesium Hydroxide 250Mg And Activated Dimethicone 50Mg Tablets",Nan,nan,10's,₹6.0 (10's),Jan Aushadhi,"Dried Aluminium Hydroxide 250mg, Magnesium Hydroxide 250mg and Activated Dimethicone 50mg Tablets",nan,nan,nan,6.0
Drotaverine 80Mg And Aceclofenac 100Mg Tablets,Nan,nan,10's,₹33.0 (10's),Jan Aushadhi,Drotaverine 80mg and Aceclofenac 100mg Tablets,nan,nan,nan,33.0
Drotaverine Hydrochloride 80Mg And Mefenamic Acid 250Mg Tablets,Nan,nan,10's,₹20.0 (10's),Jan Aushadhi,Drotaverine Hydrochloride 80mg and Mefenamic Acid 250mg Tablets,nan,nan,nan,20.0
Drotaverine Hydrochloride Injection 40Mg Per 2Ml,Nan,nan,2ml Ampoule,₹10.0 (2ml Ampoule),Jan Aushadhi,Drotaverine Hydrochloride Injection 40mg per 2ml,nan,nan,nan,10.0
Drotaverine Hydrochloride Tablets IP 40Mg,Nan,nan,10's,₹8.0 (10's),Jan Aushadhi,Drotaverine Hydrochloride Tablets IP 40mg,nan,nan,nan,8.0
Drotaverine Hydrochloride Tablets IP 80 Mg,Nan,nan,15's,₹20.0 (15's),Jan Aushadhi,Drotaverine Hydrochloride Tablets IP 80 mg,nan,nan,nan,20.0
Duloxetin Hydrochloride (Delayed Release) 20Mg And Mecobalamin 1.5Mg Capsules,Nan,nan,10's,₹0.0 (10's),Jan Aushadhi,Duloxetin Hydrochloride (Delayed Release) 20mg and Mecobalamin 1.5mg Capsules,nan,nan,nan,0.0
Duloxetin Hydrochloride (Delayed Release) 30Mg And Mecobalamin 1.5Mg Capsules,Nan,nan,10's,₹0.0 (10's),Jan Aushadhi,Duloxetin Hydrochloride (Delayed Release) 30mg and Mecobalamin 1.5mg Capsules,nan,nan,nan,0.0
Duloxetine Gastro Resistant Tablets IP 30Mg,Nan,nan,10's,₹30.0 (10's),Jan Aushadhi,Duloxetine Gastro Resistant Tablets IP 30mg,nan,nan,nan,30.0
Duloxetine Gastro-Resistant Tablets IP 20 Mg,Nan,nan,10's,₹27.0 (10's),Jan Aushadhi,Duloxetine Gastro-resistant Tablets IP 20 mg,nan,nan,nan,27.0
Dutasteride Capsule IP 0.5 Mg,Nan,nan,10's,₹50.0 (10's),Jan Aushadhi,Dutasteride Capsule IP 0.5 mg,nan,nan,nan,50.0
Dydrogesterone Tablets IP 10 Mg,Nan,nan,10's,₹350.0 (10's),Jan Aushadhi,Dydrogesterone Tablets IP 10 mg,nan,nan,nan,350.0
Ebastine 10Mg And Phenylephrine 10Mg Tablets,Nan,nan,10's,₹0.0 (10's),Jan Aushadhi,Ebastine 10mg and Phenylephrine 10mg Tablets,nan,nan,nan,0.0
Ebastine Tablets IP 10Mg,Nan,nan,10's,₹20.0 (10's),Jan Aushadhi,Ebastine Tablets IP 10mg,nan,nan,nan,20.0
Eberconazole Cream 1% W/W,Nan,nan,30g Lemitube,₹130.0 (30g Lemitube),Jan Aushadhi,Eberconazole Cream 1% w/w,nan,nan,nan,130.0
"Efavirenz 600Mg, Emtricitabine 200Mg And Tenofovir Disoproxil Fumarate 300Mg Tablets IP",Nan,nan,30's,₹1100.0 (30's),Jan Aushadhi,"Efavirenz 600mg, Emtricitabine 200mg and Tenofovir Disoproxil Fumarate 300mg Tablets IP",nan,nan,nan,1100.0
Efavirenz Tablets IP 600Mg,Nan,nan,30's,₹510.0 (30's),Jan Aushadhi,Efavirenz Tablets IP 600mg,nan,nan,nan,510.0
Efonidipine Hydrochloride Ethanolate 20Mg Tablets,Nan,nan,10's,₹0.0 (10's),Jan Aushadhi,Efonidipine Hydrochloride Ethanolate 20mg Tablets,nan,nan,nan,0.0
Efonidipine Hydrochloride Ethanolate 40Mg Tablets,Nan,nan,10's,₹75.0 (10's),Jan Aushadhi,Efonidipine Hydrochloride Ethanolate 40mg Tablets,nan,nan,nan,75.0
Eicosapentaenoic Acid 180Mg And Docosahexaenoic Acid 120Mg Soft Gelatin Capsule,Nan,nan,30's Bottle,₹120.0 (30's Bottle),Jan Aushadhi,Eicosapentaenoic Acid 180mg and Docosahexaenoic Acid 120mg Soft Gelatin Capsule,nan,nan,nan,120.0
Eltrombopag Tablets 25Mg,Nan,nan,7's,₹290.0 (7's),Jan Aushadhi,Eltrombopag Tablets 25mg,nan,nan,nan,290.0
Eltrombopag Tablets 50Mg,Nan,nan,7's,₹450.0 (7's),Jan Aushadhi,Eltrombopag Tablets 50mg,nan,nan,nan,450.0
Empagliflozin 10Mg And Linagliptin 5Mg Tablets,Nan,nan,10's,₹0.0 (10's),Jan Aushadhi,Empagliflozin 10mg and Linagliptin 5mg Tablets,nan,nan,nan,0.0
Empagliflozin 25Mg And Linagliptin 5Mg Tablets,Nan,nan,10's,₹0.0 (10's),Jan Aushadhi,Empagliflozin 25mg and Linagliptin 5mg Tablets,nan,nan,nan,0.0
Empagliflozin Tablets 10 Mg,Nan,nan,10's,₹40.0 (10's),Jan Aushadhi,Empagliflozin Tablets 10 mg,nan,nan,nan,40.0
Empagliflozin Tablets 25 Mg,Nan,nan,10's,₹66.0 (10's),Jan Aushadhi,Empagliflozin Tablets 25 mg,nan,nan,nan,66.0
Emtricitabine 200Mg And Tenofovir Disoproxil Fumarate 300Mg Tablets IP,Nan,nan,30's,₹1050.0 (30's),Jan Aushadhi,Emtricitabine 200mg and Tenofovir Disoproxil Fumarate 300mg Tablets IP,nan,nan,nan,1050.0
Enalapril 10Mg And Hydrochlorothiazide 25Mg Tablets IP,Nan,nan,30's,₹60.0 (30's),Jan Aushadhi,Enalapril 10mg and Hydrochlorothiazide 25mg Tablets IP,nan,nan,nan,60.0
Enalapril Maleate Tablets IP 2.5Mg,Nan,nan,10's,₹7.0 (10's),Jan Aushadhi,Enalapril Maleate Tablets IP 2.5mg,nan,nan,nan,7.0
Enalapril Tablets IP 5 Mg,Nan,nan,10's,₹5.5 (10's),Jan Aushadhi,Enalapril Tablets IP 5 mg,nan,nan,nan,5.5
Enoxaparin Injection IP 40 Mg Per 0.4 Ml,Nan,nan,0.4 ml,₹187.0 (0.4 ml),Jan Aushadhi,Enoxaparin Injection IP 40 mg per 0.4 ml,nan,nan,nan,187.0
Enoxaparin Injection IP 60 Mg Per 0.6 Ml,Nan,nan,0.6 ml,₹217.8 (0.6 ml),Jan Aushadhi,Enoxaparin Injection IP 60 mg per 0.6 ml,nan,nan,nan,217.8
Entacapone Tablets IP 200Mg,Nan,nan,10's,₹0.0 (10's),Jan Aushadhi,Entacapone Tablets IP 200mg,nan,nan,nan,0.0
Entecavir Tablets IP 0.5 Mg,Nan,nan,10's,₹100.0 (10's),Jan Aushadhi,Entecavir Tablets IP 0.5 mg,nan,nan,nan,100.0
Enzalutamide Tablet 40Mg,Nan,nan,28's in Bottle,₹0.0 (28's in Bottle),Jan Aushadhi,Enzalutamide Tablet 40Mg,nan,nan,nan,0.0
Enzyme Syrup Mixed Fruit Flavour,Nan,nan,200 ml,₹48.0 (200 ml),Jan Aushadhi,Enzyme syrup mixed fruit flavour,nan,nan,nan,48.0
Epalrestat Sustained Release Tablets 150 Mg,Nan,nan,10's,₹85.0 (10's),Jan Aushadhi,Epalrestat Sustained Release Tablets 150 mg,nan,nan,nan,85.0
Eplerenone 50Mg Tablets,Nan,nan,10's,₹250.0 (10's),Jan Aushadhi,Eplerenone 50mg Tablets,nan,nan,nan,250.0
Eplerenone Tablets IP 25 Mg,Nan,nan,10's,₹130.0 (10's),Jan Aushadhi,Eplerenone Tablets IP 25 mg,nan,nan,nan,130.0
Erlotinib Tablets IP 150 Mg,Nan,nan,10's Bottle,₹700.0 (10's Bottle),Jan Aushadhi,Erlotinib Tablets IP 150 mg,nan,nan,nan,700.0
Erythromycin Estolate Tablets 500 Mg,Althrocin,Alembic,10's,₹57.0 (10's),Jan Aushadhi,Erythromycin Estolate Tablets 500 mg,Erythromycin 250 mg,✅ Yes,"Respiratory infections, skin infections, STDs",57.0
Erythromycin Estolate Tablets 500 Mg,Erycin,Pfizer,10's,₹57.0 (10's),Jan Aushadhi,Erythromycin Estolate Tablets 500 mg,Erythromycin 250 mg,✅ Yes,"Respiratory infections, skin infections, STDs",57.0
Erythromycin Stearate Tablets IP 250Mg,Althrocin,Alembic,10's,₹20.9 (10's),Jan Aushadhi,Erythromycin Stearate Tablets IP 250mg,Erythromycin 250 mg,✅ Yes,"Respiratory infections, skin infections, STDs",20.9
Erythromycin Stearate Tablets IP 250Mg,Erycin,Pfizer,10's,₹20.9 (10's),Jan Aushadhi,Erythromycin Stearate Tablets IP 250mg,Erythromycin 250 mg,✅ Yes,"Respiratory infections, skin infections, STDs",20.9
Erythropoietin Injection IP 2000 IU,Nan,nan,Vial,₹230.0 (Vial),Jan Aushadhi,Erythropoietin Injection IP 2000 IU,nan,nan,nan,230.0
Erythropoietin Injection IP 4000 IU,Nan,nan,Vial,₹297.0 (Vial),Jan Aushadhi,Erythropoietin Injection IP 4000 IU,nan,nan,nan,297.0
Escitalopram Oxalate 5Mg And Clonazepam 0.5Mg Tablets IP,Nan,nan,10's,₹14.3 (10's),Jan Aushadhi,Escitalopram Oxalate 5mg and Clonazepam 0.5mg Tablets IP,nan,nan,nan,14.3
Escitalopram Oxelate 10Mg And Clonazepam 0.5Mg Tablets IP,Nan,nan,10's,₹15.0 (10's),Jan Aushadhi,Escitalopram Oxelate 10mg and Clonazepam 0.5mg Tablets IP,nan,nan,nan,15.0
Escitalopram Tablets IP 10 Mg,Nan,nan,10's,₹10.0 (10's),Jan Aushadhi,Escitalopram Tablets IP 10 mg,nan,nan,nan,10.0
Escitalopram Tablets IP 20 Mg,Nan,nan,10's,₹20.0 (10's),Jan Aushadhi,Escitalopram Tablets IP 20 mg,nan,nan,nan,20.0
Escitalopram Tablets IP 5 Mg,Nan,nan,10's,₹8.0 (10's),Jan Aushadhi,Escitalopram Tablets IP 5 mg,nan,nan,nan,8.0
Esomeprazole 40Mg (Enteric-Coated) And Domperidone 30Mg (Sustained Release) Capsules,Domstal,Torrent,10's,₹22.0 (10's),Jan Aushadhi,Esomeprazole 40mg (Enteric-Coated) and Domperidone 30mg (Sustained Release) Capsules,Domperidone 10 mg,✅ Yes,"Nausea, vomiting, gastric motility",22.0
Esomeprazole 40Mg (Enteric-Coated) And Domperidone 30Mg (Sustained Release) Capsules,Omez,Dr. Reddy's,10's,₹22.0 (10's),Jan Aushadhi,Esomeprazole 40mg (Enteric-Coated) and Domperidone 30mg (Sustained Release) Capsules,Omeprazole 20 mg,✅ Yes,"Acidity, GERD, ulcers",22.0
Esomeprazole 40Mg (Enteric-Coated) And Domperidone 30Mg (Sustained Release) Capsules,Prilosec,AstraZeneca,10's,₹22.0 (10's),Jan Aushadhi,Esomeprazole 40mg (Enteric-Coated) and Domperidone 30mg (Sustained Release) Capsules,Omeprazole 20 mg,✅ Yes,"Acidity, GERD, ulcers",22.0
Esomeprazole 40Mg (Enteric-Coated) And Domperidone 30Mg (Sustained Release) Capsules,Vomistop,Cipla,10's,₹22.0 (10's),Jan Aushadhi,Esomeprazole 40mg (Enteric-Coated) and Domperidone 30mg (Sustained Release) Capsules,Domperidone 10 mg,✅ Yes,"Nausea, vomiting, gastric motility",22.0
Esomeprazole 40Mg (Enteric-Coated) And Levosulpiride 75Mg (Sustained Release) Capsules,Omez,Dr. Reddy's,10's,₹66.0 (10's),Jan Aushadhi,Esomeprazole 40mg (Enteric-coated) and Levosulpiride 75mg (Sustained release) Capsules,Omeprazole 20 mg,✅ Yes,"Acidity, GERD, ulcers",66.0
Esomeprazole 40Mg (Enteric-Coated) And Levosulpiride 75Mg (Sustained Release) Capsules,Prilosec,AstraZeneca,10's,₹66.0 (10's),Jan Aushadhi,Esomeprazole 40mg (Enteric-coated) and Levosulpiride 75mg (Sustained release) Capsules,Omeprazole 20 mg,✅ Yes,"Acidity, GERD, ulcers",66.0
Esomeprazole Gastro-Resistance Tablets IP 20Mg,Omez,Dr. Reddy's,10's,₹10.0 (10's),Jan Aushadhi,Esomeprazole Gastro-Resistance Tablets IP 20mg,Omeprazole 20 mg,✅ Yes,"Acidity, GERD, ulcers",10.0
Esomeprazole Gastro-Resistance Tablets IP 20Mg,Prilosec,AstraZeneca,10's,₹10.0 (10's),Jan Aushadhi,Esomeprazole Gastro-Resistance Tablets IP 20mg,Omeprazole 20 mg,✅ Yes,"Acidity, GERD, ulcers",10.0
Esomeprazole Magnessium 40Mg (Enteric Coated ) And Itopride Hydrochloride 150Mg (Sustained Release) Capsules.,Omez,Dr. Reddy's,10's,₹50.0 (10's),Jan Aushadhi,Esomeprazole Magnessium 40mg (Enteric Coated ) and Itopride Hydrochloride 150mg (Sustained Release) Capsules.,Omeprazole 20 mg,✅ Yes,"Acidity, GERD, ulcers",50.0
Esomeprazole Magnessium 40Mg (Enteric Coated ) And Itopride Hydrochloride 150Mg (Sustained Release) Capsules.,Prilosec,AstraZeneca,10's,₹50.0 (10's),Jan Aushadhi,Esomeprazole Magnessium 40mg (Enteric Coated ) and Itopride Hydrochloride 150mg (Sustained Release) Capsules.,Omeprazole 20 mg,✅ Yes,"Acidity, GERD, ulcers",50.0
Esomeprazole Tablets IP 40 Mg,Omez,Dr. Reddy's,10's,₹20.9 (10's),Jan Aushadhi,Esomeprazole Tablets IP 40 mg,Omeprazole 20 mg,✅ Yes,"Acidity, GERD, ulcers",20.9
Esomeprazole Tablets IP 40 Mg,Prilosec,AstraZeneca,10's,₹20.9 (10's),Jan Aushadhi,Esomeprazole Tablets IP 40 mg,Omeprazole 20 mg,✅ Yes,"Acidity, GERD, ulcers",20.9
Estradiol Tablets 2Mg,Nan,nan,28's,₹110.0 (28's),Jan Aushadhi,Estradiol Tablets 2mg,nan,nan,nan,110.0
Etamsylate Tablets 250 Mg,Nan,nan,10's,₹9.0 (10's),Jan Aushadhi,Etamsylate Tablets 250 mg,nan,nan,nan,9.0
Etamsylate Tablets 500 Mg,Nan,nan,10's,₹13.0 (10's),Jan Aushadhi,Etamsylate Tablets 500 mg,nan,nan,nan,13.0
Ethinylestradiol 0.035 Mg And Cyproterone 2 Mg Tablet,Nan,nan,21's Monopack,₹90.0 (21's Monopack),Jan Aushadhi,Ethinylestradiol 0.035 Mg And Cyproterone 2 Mg Tablet,nan,nan,nan,90.0
Ethinylestradiol 0.03Mg And Desogestrel 0.15Mg Tablets,Nan,nan,21's,₹90.0 (21's),Jan Aushadhi,Ethinylestradiol 0.03mg and Desogestrel 0.15mg Tablets,nan,nan,nan,90.0
Ethinylestradiol 0.03Mg And Levonorgestrel 0.15Mg Tablets IP,Nan,nan,21's,₹35.0 (21's),Jan Aushadhi,Ethinylestradiol 0.03mg and Levonorgestrel 0.15mg Tablets IP,nan,nan,nan,35.0
Ethinylestradiol 0.05Mg And Levonorgestrel 0.25Mg Tablets IP,Nan,nan,21's,₹30.0 (21's),Jan Aushadhi,Ethinylestradiol 0.05mg and Levonorgestrel 0.25mg Tablets IP,nan,nan,nan,30.0
Etizolam 0.5Mg And Escitalopram Oxalate 10Mg Tablets,Nan,nan,10's,₹20.0 (10's),Jan Aushadhi,Etizolam 0.5mg and Escitalopram Oxalate 10mg Tablets,nan,nan,nan,20.0
Etizolam 0.5Mg And Escitalopram Oxalate 5Mg Tablets,Nan,nan,10's,₹15.0 (10's),Jan Aushadhi,Etizolam 0.5mg and Escitalopram Oxalate 5mg Tablets,nan,nan,nan,15.0
Etizolam 0.5Mg And Propranolol Hydrochloride 20Mg Tablets,Nan,nan,10's,₹20.0 (10's),Jan Aushadhi,Etizolam 0.5mg and Propranolol Hydrochloride 20mg Tablets,nan,nan,nan,20.0
Etizolam 0.5Mg And Propranolol Hydrochloride 40Mg Tablets,Nan,nan,10's,₹30.0 (10's),Jan Aushadhi,Etizolam 0.5mg and Propranolol Hydrochloride 40mg Tablets,nan,nan,nan,30.0
Etizolam Controlled Release Tablets IP 1.5Mg,Nan,nan,10's,₹0.0 (10's),Jan Aushadhi,Etizolam Controlled release Tablets IP 1.5mg,nan,nan,nan,0.0
Etizolam Tablets IP 0.25Mg,Nan,nan,10's,₹7.0 (10's),Jan Aushadhi,Etizolam Tablets IP 0.25mg,nan,nan,nan,7.0
Etizolam Tablets IP 0.5Mg,Nan,nan,10's,₹9.9 (10's),Jan Aushadhi,Etizolam Tablets IP 0.5mg,nan,nan,nan,9.9
Etodolac Tablets IP 300Mg,Nan,nan,10's,₹37.4 (10's),Jan Aushadhi,Etodolac Tablets IP 300mg,nan,nan,nan,37.4
Etophyllin 77Mg And Theophylline 23Mg Tablets,Nan,nan,10's,₹5.0 (10's),Jan Aushadhi,Etophyllin 77mg and Theophylline 23mg Tablets,nan,nan,nan,5.0
Etophyllin 84.7Mg And Theophylline 25.3Mg Injection Per Ml,Nan,nan,2 ml,₹4.0 (2 ml),Jan Aushadhi,Etophyllin 84.7mg and Theophylline 25.3mg Injection per ml,nan,nan,nan,4.0
Etophylline 115Mg And Theophylline 35Mg Prolonged Release Tablets IP,Nan,nan,10's,₹8.0 (10's),Jan Aushadhi,Etophylline 115mg and Theophylline 35mg Prolonged Release Tablets IP,nan,nan,nan,8.0
Etophylline 231Mg And Theophylline 69Mg Prolonged Release Tablets IP,Nan,nan,10's,₹14.3 (10's),Jan Aushadhi,Etophylline 231mg and Theophylline 69mg Prolonged Release Tablets IP,nan,nan,nan,14.3
Etoposide Capsules IP 50 Mg,Nan,nan,8's,₹216.0 (8's),Jan Aushadhi,Etoposide Capsules IP 50 mg,nan,nan,nan,216.0
Etoposide Injection IP 100 Mg Per 5 Ml,Nan,nan,Vial,₹99.0 (Vial),Jan Aushadhi,Etoposide Injection IP 100 mg per 5 ml,nan,nan,nan,99.0
Etoricoxib 60Mg And Paracetamol 325Mg Tablets,Calpol,GSK,10's,₹27.0 (10's),Jan Aushadhi,Etoricoxib 60mg and Paracetamol 325mg Tablets,Paracetamol 500 mg,✅ Yes,"Pain relief, fever reducer",27.0
Etoricoxib 60Mg And Paracetamol 325Mg Tablets,Crocin,GSK,10's,₹27.0 (10's),Jan Aushadhi,Etoricoxib 60mg and Paracetamol 325mg Tablets,Paracetamol 500 mg,✅ Yes,"Pain relief, fever reducer",27.0
Etoricoxib 60Mg And Paracetamol 325Mg Tablets,Dolo-650,Micro Labs,10's,₹27.0 (10's),Jan Aushadhi,Etoricoxib 60mg and Paracetamol 325mg Tablets,Paracetamol 650 mg,✅ Yes,"Pain relief, fever reducer",27.0
Etoricoxib 60Mg And Pregabalin 75Mg (SR) Tablets,Nan,nan,10's,₹40.0 (10's),Jan Aushadhi,Etoricoxib 60mg and Pregabalin 75mg (SR) Tablets,nan,nan,nan,40.0
Etoricoxib 60Mg And Thiocolchicoside 4Mg Tablets,Nan,nan,10's,₹60.0 (10's),Jan Aushadhi,Etoricoxib 60mg and Thiocolchicoside 4mg Tablets,nan,nan,nan,60.0
Etoricoxib Tablets IP 120 Mg,Nan,nan,10's,₹38.0 (10's),Jan Aushadhi,Etoricoxib Tablets IP 120 mg,nan,nan,nan,38.0
Etoricoxib Tablets IP 90 Mg,Nan,nan,10's,₹31.0 (10's),Jan Aushadhi,Etoricoxib Tablets IP 90 mg,nan,nan,nan,31.0
Evening Primrose Oil 1000 Mg,Nan,nan,15's,₹85.0 (15's),Jan Aushadhi,Evening Primrose Oil 1000 mg,nan,nan,nan,85.0
Evening Primrose Oil 500 Mg,Nan,nan,15's,₹55.0 (15's),Jan Aushadhi,Evening Primrose Oil 500 mg,nan,nan,nan,55.0
Everolimus Tablets 0.25 Mg,Nan,nan,10's,₹250.0 (10's),Jan Aushadhi,Everolimus Tablets 0.25 mg,nan,nan,nan,250.0
Everolimus Tablets 0.5 Mg,Nan,nan,10's,₹450.0 (10's),Jan Aushadhi,Everolimus Tablets 0.5 mg,nan,nan,nan,450.0
Everolimus Tablets 10 Mg,Nan,nan,10's,₹7000.0 (10's),Jan Aushadhi,Everolimus Tablets 10 mg,nan,nan,nan,7000.0
Everolimus Tablets 5 Mg,Nan,nan,10's,₹3600.0 (10's),Jan Aushadhi,Everolimus Tablets 5 mg,nan,nan,nan,3600.0
Evogliptin 5Mg And Metformin Hydrochloride Sustained Release 1000Mg Tablets,Gluformin,Abbott,10's,₹0.0 (10's),Jan Aushadhi,Evogliptin 5mg and Metformin Hydrochloride Sustained Release 1000mg Tablets,Metformin 500 mg,✅ Yes,Type 2 diabetes (first-line therapy),0.0
Evogliptin 5Mg And Metformin Hydrochloride Sustained Release 1000Mg Tablets,Glycomet,USV,10's,₹0.0 (10's),Jan Aushadhi,Evogliptin 5mg and Metformin Hydrochloride Sustained Release 1000mg Tablets,Metformin 500 mg,✅ Yes,Type 2 diabetes (first-line therapy),0.0
Evogliptin 5Mg And Metformin Hydrochloride Sustained Release 500Mg Tablets,Gluformin,Abbott,10's,₹0.0 (10's),Jan Aushadhi,Evogliptin 5mg and Metformin Hydrochloride Sustained Release 500mg Tablets,Metformin 500 mg,✅ Yes,Type 2 diabetes (first-line therapy),0.0
Evogliptin 5Mg And Metformin Hydrochloride Sustained Release 500Mg Tablets,Glycomet,USV,10's,₹0.0 (10's),Jan Aushadhi,Evogliptin 5mg and Metformin Hydrochloride Sustained Release 500mg Tablets,Metformin 500 mg,✅ Yes,Type 2 diabetes (first-line therapy),0.0
Evogliptin Tartarate 5Mg Tablets,Nan,nan,10's,₹0.0 (10's),Jan Aushadhi,Evogliptin Tartarate 5mg Tablets,nan,nan,nan,0.0
Ezetimibe Tablets IP 10Mg,Nan,nan,10's,₹20.0 (10's),Jan Aushadhi,Ezetimibe Tablets IP 10mg,nan,nan,nan,20.0
Ezetimibe Tablets IP 5Mg,Nan,nan,10's,₹0.0 (10's),Jan Aushadhi,Ezetimibe Tablets IP 5mg,nan,nan,nan,0.0
Famotidine Tablets IP 20 Mg,Nan,nan,14's,₹3.0 (14's),Jan Aushadhi,Famotidine Tablets IP 20 mg,nan,nan,nan,3.0
Famotidine Tablets IP 40 Mg,Nan,nan,14's,₹4.84 (14's),Jan Aushadhi,Famotidine Tablets IP 40 mg,nan,nan,nan,4.84
Faropenem (200Mg) + Clavulanic Acid (125Mg) Tablets,Nan,nan,6's,₹360.0 (6's),Jan Aushadhi,Faropenem (200mg) + Clavulanic Acid (125mg) Tablets,nan,nan,nan,360.0
Faropenem Tablets 200Mg,Nan,nan,6's,₹300.0 (6's),Jan Aushadhi,Faropenem Tablets 200mg,nan,nan,nan,300.0
Febuxostat Tablets 40Mg,Nan,nan,10's,₹20.0 (10's),Jan Aushadhi,Febuxostat Tablets 40mg,nan,nan,nan,20.0
Febuxostat Tablets 80Mg,Nan,nan,10's,₹34.0 (10's),Jan Aushadhi,Febuxostat Tablets 80mg,nan,nan,nan,34.0
Fenofibrate Capsules IP 200Mg,Nan,nan,10's,₹25.0 (10's),Jan Aushadhi,Fenofibrate Capsules IP 200mg,nan,nan,nan,25.0
Fenofibrate Tablets IP 145 Mg,Nan,nan,10's,₹22.0 (10's),Jan Aushadhi,Fenofibrate Tablets IP 145 mg,nan,nan,nan,22.0
Fenofibrate Tablets IP 160 Mg,Nan,nan,10's,₹29.7 (10's),Jan Aushadhi,Fenofibrate Tablets IP 160 mg,nan,nan,nan,29.7
Feracrylum 1% W/W Gel,Nan,nan,15g in Mono-carton,₹100.0 (15g in Mono-carton),Jan Aushadhi,Feracrylum 1% w/w Gel,nan,nan,nan,100.0
"Feracrylum 3% W/W, Centbucridine 0.5% W/W Gel",Nan,nan,20g in Mono-carton,₹47.75 (20g in Mono-carton),Jan Aushadhi,"Feracrylum 3% w/w, Centbucridine 0.5% w/w Gel",nan,nan,nan,47.75
Feracrylum Mouth Wash/Gargle 1% W/V (Mint Flavour),Nan,nan,50ml,₹105.0 (50ml),Jan Aushadhi,Feracrylum mouth wash/Gargle 1% w/v (Mint Flavour),nan,nan,nan,105.0
Feracrylum Sterile Antiseptic Solution 1% W/V,Nan,nan,100ml,₹150.0 (100ml),Jan Aushadhi,Feracrylum Sterile Antiseptic Solution 1% w/v,nan,nan,nan,150.0
Ferric Carboxymaltose Injection 50Mg/Ml,Nan,nan,10ml Vial,₹450.0 (10ml Vial),Jan Aushadhi,Ferric Carboxymaltose Injection 50mg/ml,nan,nan,nan,450.0
Ferrous Ascorbate 100Mg And Folic Acid 1.5Mg Tablets,Nan,nan,10's,₹23.1 (10's),Jan Aushadhi,Ferrous Ascorbate 100mg and Folic Acid 1.5mg Tablets,nan,nan,nan,23.1
"Ferrous Ascorbate 100Mg, Folic Acid 1.5Mg And Zinc Sulphate 22.5Mg Tablets",Nan,nan,10's,₹33.0 (10's),Jan Aushadhi,"Ferrous Ascorbate 100mg, Folic Acid 1.5mg and Zinc Sulphate 22.5mg Tablets",nan,nan,nan,33.0
"Ferrous Asparto Glycinate 100 Mg, L-Methylfolate Calcium 300Mcg, Methylcobalamin 500Mcg Tablet",Nan,nan,10's,₹40.0 (10's),Jan Aushadhi,"Ferrous Asparto Glycinate 100 mg, L-Methylfolate Calcium 300mcg, Methylcobalamin 500mcg Tablet",nan,nan,nan,40.0
Fexofenadine Hydrochloride Suspension (30Mg/5Ml),Nan,nan,100 ml,₹30.0 (100 ml),Jan Aushadhi,Fexofenadine Hydrochloride Suspension (30mg/5ml),nan,nan,nan,30.0
Fexofenadine Hydrochloride Tablets IP 120Mg,Nan,nan,10's,₹24.0 (10's),Jan Aushadhi,Fexofenadine Hydrochloride Tablets IP 120mg,nan,nan,nan,24.0
Fexofenadine Tablets IP 180 Mg,Nan,nan,10's,₹37.4 (10's),Jan Aushadhi,Fexofenadine Tablets IP 180 mg,nan,nan,nan,37.4
Filgrastim Injection 300Mcg,Nan,nan,1ML Vial,₹0.0 (1ML Vial),Jan Aushadhi,Filgrastim injection 300mcg,nan,nan,nan,0.0
Finasteride Tablets IP 1Mg,Nan,nan,10's,₹15.0 (10's),Jan Aushadhi,Finasteride Tablets IP 1mg,nan,nan,nan,15.0
Finasteride Tablets IP 5Mg,Nan,nan,10's,₹44.0 (10's),Jan Aushadhi,Finasteride Tablets IP 5mg,nan,nan,nan,44.0
Flavoxate Tablets IP 200 Mg,Nan,nan,15's,₹60.0 (15's),Jan Aushadhi,Flavoxate Tablets IP 200 mg,nan,nan,nan,60.0
Flecanide Tablets 100Mg,Nan,nan,10's,₹0.0 (10's),Jan Aushadhi,Flecanide Tablets 100Mg,nan,nan,nan,0.0
Flecanide Tablets 50Mg,Nan,nan,10's,₹0.0 (10's),Jan Aushadhi,Flecanide Tablets 50Mg,nan,nan,nan,0.0
Fluconazole Dusting Powder 2% W/W,Nan,nan,30g,₹0.0 (30g),Jan Aushadhi,Fluconazole Dusting Powder 2% w/w,nan,nan,nan,0.0
Fluconazole Injection 2Mg Per Ml,Nan,nan,100ml Bottle,₹0.0 (100ml Bottle),Jan Aushadhi,Fluconazole Injection 2mg per ml,nan,nan,nan,0.0
Fluconazole Tablets IP 150 Mg,Nan,nan,1's,₹5.5 (1's),Jan Aushadhi,Fluconazole Tablets IP 150 mg,nan,nan,nan,5.5
Fluconazole Tablets IP 200 Mg,Nan,nan,4's,₹24.0 (4's),Jan Aushadhi,Fluconazole Tablets IP 200 mg,nan,nan,nan,24.0
Fluconazole Tablets IP 400 Mg,Nan,nan,1's,₹10.0 (1's),Jan Aushadhi,Fluconazole Tablets IP 400 mg,nan,nan,nan,10.0
Fluconazole Tablets IP 50 Mg,Nan,nan,4's,₹8.0 (4's),Jan Aushadhi,Fluconazole Tablets IP 50 mg,nan,nan,nan,8.0
Flunarizine Tablets IP 10 Mg,Nan,nan,10's,₹8.0 (10's),Jan Aushadhi,Flunarizine Tablets IP 10 mg,nan,nan,nan,8.0
Flunarizine Tablets IP 5 Mg,Nan,nan,10's,₹7.0 (10's),Jan Aushadhi,Flunarizine Tablets IP 5 mg,nan,nan,nan,7.0
"Fluocinolone Acetonide 0.01% W/W, Miconazole 2% W/W And Neomycin 0.5% W/W Ointment, 10G",Nan,nan,15g,₹0.0 (15g),Jan Aushadhi,"Fluocinolone acetonide 0.01% w/w, Miconazole 2% w/w and Neomycin 0.5% w/w ointment, 10g",nan,nan,nan,0.0
Fluocinonide Topical Gel 0.05%W/W,Nan,nan,15gm Tube,₹0.0 (15gm Tube),Jan Aushadhi,Fluocinonide Topical Gel 0.05%w/w,nan,nan,nan,0.0
Fluoxetine 10 Mg Tablet,Nan,nan,10's,₹0.0 (10's),Jan Aushadhi,Fluoxetine 10 Mg Tablet,nan,nan,nan,0.0
Fluoxetine Capsules 60Mg,Nan,nan,10's,₹0.0 (10's),Jan Aushadhi,Fluoxetine Capsules 60Mg,nan,nan,nan,0.0
Fluoxetine Hydrochloride Capsules IP 20Mg,Nan,nan,10's,₹8.8 (10's),Jan Aushadhi,Fluoxetine Hydrochloride Capsules IP 20mg,nan,nan,nan,8.8
Flupentixol 0.5Mg And Melitracen 10Mg Tablets,Nan,nan,10's,₹20.0 (10's),Jan Aushadhi,Flupentixol 0.5mg and Melitracen 10mg Tablets,nan,nan,nan,20.0
Flupentixol Tablets 0.5 Mg,Nan,nan,10's,₹11.0 (10's),Jan Aushadhi,Flupentixol Tablets 0.5 mg,nan,nan,nan,11.0
Flupentixole 0.5Mg And Nortriptyline 10Mg Tablets,Nan,nan,10's,₹15.0 (10's),Jan Aushadhi,Flupentixole 0.5mg and Nortriptyline 10mg Tablets,nan,nan,nan,15.0
Flupirtine Maleate Capsules 100Mg,Nan,nan,10's,₹35.0 (10's),Jan Aushadhi,Flupirtine Maleate Capsules 100mg,nan,nan,nan,35.0
Flurbiprofen 0.03% W/V Eye Drop 5Ml,Nan,nan,5ml Drop bottle in Mono Carton,₹15.0 (5ml Drop bottle in Mono Carton),Jan Aushadhi,Flurbiprofen 0.03% w/v Eye Drop 5ml,nan,nan,nan,15.0
Fluromethalone 0.1% W/V Eye Drop 5Ml,Nan,nan,5ml Drop bottle in Mono Carton,₹30.0 (5ml Drop bottle in Mono Carton),Jan Aushadhi,Fluromethalone 0.1% w/v Eye Drop 5ml,nan,nan,nan,30.0
Fluticasone Furoate Nasal Spray 27.5Mcg,Nan,nan,120 MDI,₹138.0 (120 MDI),Jan Aushadhi,Fluticasone Furoate Nasal Spray 27.5mcg,nan,nan,nan,138.0
Fluticasone Propionate Cream IP 0.05%,Nan,nan,10 g,₹20.0 (10 g),Jan Aushadhi,Fluticasone Propionate Cream IP 0.05%,nan,nan,nan,20.0
Fluticasone Propionate Nasal Spray IP 50 Mcg,Nan,nan,100 MD,₹80.0 (100 MD),Jan Aushadhi,Fluticasone Propionate Nasal Spray IP 50 mcg,nan,nan,nan,80.0
Fluticasone Propionate Respules 0.5Mg Per 2Ml,Nan,nan,2 ML,₹17.0 (2 ML),Jan Aushadhi,Fluticasone Propionate Respules 0.5mg per 2ml,nan,nan,nan,17.0
Fluvoxamine Maleate Tablets IP 100Mg,Nan,nan,10's,₹74.0 (10's),Jan Aushadhi,Fluvoxamine Maleate Tablets IP 100mg,nan,nan,nan,74.0
"Folic Acid 15Mg, Cyanocobalamine 500Mcg And Nicotinamide 200Mg Injection",Nan,nan,10 ML,₹40.0 (10 ML),Jan Aushadhi,"Folic Acid 15mg, Cyanocobalamine 500mcg and Nicotinamide 200mg Injection",nan,nan,nan,40.0
Folic Acid Tablets IP 5 Mg,Nan,nan,15's,₹4.4 (15's),Jan Aushadhi,Folic Acid Tablets IP 5 mg,nan,nan,nan,4.4
Formoterol 6Mcg And Budesonide 200Mcg Rotacaps,Nan,nan,30's,₹85.0 (30's),Jan Aushadhi,Formoterol 6mcg and Budesonide 200mcg Rotacaps,nan,nan,nan,85.0
Formoterol 6Mcg And Fluticasone Propionate 250Mcg Inhaler,Nan,nan,120 MDI,₹290.0 (120 MDI),Jan Aushadhi,Formoterol 6mcg and Fluticasone Propionate 250mcg Inhaler,nan,nan,nan,290.0
Formoterol Fumarate 12Mcg And Budesonide 400Mcg Powder For Inhalation IP,Nan,nan,30's,₹100.0 (30's),Jan Aushadhi,Formoterol Fumarate 12mcg and Budesonide 400mcg Powder for Inhalation IP,nan,nan,nan,100.0
Formoterol Fumarate 20Mcg And Budesonide 0.5Mg Respirator Suspension,Nan,nan,2 ml,₹15.0 (2 ml),Jan Aushadhi,Formoterol Fumarate 20mcg and Budesonide 0.5mg Respirator Suspension,nan,nan,nan,15.0
Formoterol Fumarate 20Mcg And Budesonide 1Mg Respirator Suspension,Nan,nan,2 ml,₹20.0 (2 ml),Jan Aushadhi,Formoterol Fumarate 20mcg and Budesonide 1mg Respirator Suspension,nan,nan,nan,20.0
Formoterol Fumarate 6Mcg And Budesonide 200Mcg Inhaler,Nan,nan,120 MD,₹165.0 (120 MD),Jan Aushadhi,Formoterol Fumarate 6mcg and Budesonide 200mcg Inhaler,nan,nan,nan,165.0
Formoterol Fumarate 6Mcg And Budesonide 400Mcg Inhaler,Nan,nan,120 MD,₹175.0 (120 MD),Jan Aushadhi,Formoterol Fumarate 6mcg and Budesonide 400mcg Inhaler,nan,nan,nan,175.0
Formoterol Fumarate 6Mcg And Budesonide 400Mcg Powder For Inhalation IP,Nan,nan,30's,₹85.0 (30's),Jan Aushadhi,Formoterol Fumarate 6mcg and Budesonide 400mcg Powder for Inhalation IP,nan,nan,nan,85.0
Formoterol Fumarate 6Mcg And Fluticasone Propionate 250Mcg Powder For Inhalation,Nan,nan,30's,₹110.0 (30's),Jan Aushadhi,Formoterol Fumarate 6mcg and Fluticasone Propionate 250mcg Powder for Inhalation,nan,nan,nan,110.0
Framycetin Skin Cream 1 %,Nan,nan,30 g,₹0.0 (30 g),Jan Aushadhi,Framycetin Skin Cream 1 %,nan,nan,nan,0.0
Frusemide 20Mg And Spironolactone 25Mg Tablets,Nan,nan,10's,₹0.0 (10's),Jan Aushadhi,Frusemide 20mg and Spironolactone 25mg Tablets,nan,nan,nan,0.0
Frusemide 20Mg And Spironolactone 50Mg Tablets,Nan,nan,10's,₹28.0 (10's),Jan Aushadhi,Frusemide 20mg and Spironolactone 50mg Tablets,nan,nan,nan,28.0
Frusemide 40Mg And Amiloride 5Mg Tablets,Nan,nan,10's,₹0.0 (10's),Jan Aushadhi,Frusemide 40mg and Amiloride 5mg Tablets,nan,nan,nan,0.0
Frusemide 40Mg And Potassium Chloride 600Mg (CR) Tablets,Nan,nan,10's,₹0.0 (10's),Jan Aushadhi,Frusemide 40mg and Potassium Chloride 600mg (CR) Tablets,nan,nan,nan,0.0
Frusemide Injection IP 10 Mg Per Ml,Nan,nan,2 ml,₹3.0 (2 ml),Jan Aushadhi,Frusemide Injection IP 10 mg per ml,nan,nan,nan,3.0
Frusemide Tablets IP 40 Mg,Nan,nan,10's,₹5.0 (10's),Jan Aushadhi,Frusemide Tablets IP 40 mg,nan,nan,nan,5.0
"Fungal Diastase 180Mg, Papain 60Mg And Activated Charcoal 75Mg Tablets",Nan,nan,10's,₹0.0 (10's),Jan Aushadhi,"Fungal Diastase 180mg, Papain 60mg and Activated Charcoal 75mg Tablets",nan,nan,nan,0.0
Fungal Diastase With Carminatives Syrup,Nan,nan,200 ml,₹45.0 (200 ml),Jan Aushadhi,Fungal Diastase with Carminatives Syrup,nan,nan,nan,45.0
Furazolidone Tablets IP 100 Mg,Nan,nan,10's,₹1.0 (10's),Jan Aushadhi,Furazolidone Tablets IP 100 mg,nan,nan,nan,1.0
Fusidic Acid 2% W/W And Betamethasone Valerate 0.1% W/W Cream,Nan,nan,15 g,₹36.0 (15 g),Jan Aushadhi,Fusidic Acid 2% w/w and Betamethasone Valerate 0.1% w/w Cream,nan,nan,nan,36.0
Fusidic Acid 2%W/W And Hydrocortisone Acetate Cream 1% W/W,Nan,nan,15gm Lami-Tube in Monopack,₹85.0 (15gm Lami-Tube in Monopack),Jan Aushadhi,Fusidic Acid 2%w/w and Hydrocortisone Acetate Cream 1% w/w,nan,nan,nan,85.0
Fusidic Acid Cream IP 2% W/W,Nan,nan,5 gm Tube,₹25.0 (5 gm Tube),Jan Aushadhi,Fusidic Acid Cream IP 2% w/w,nan,nan,nan,25.0
Gabapentin 100 Mg And Nortryptyline 10 Mg Tablet,Nan,nan,15's,₹25.0 (15's),Jan Aushadhi,Gabapentin 100 mg and Nortryptyline 10 mg Tablet,nan,nan,nan,25.0
Gabapentin 100Mg And Methylcobalamin 500Mcg Tablets,Nan,nan,10's,₹36.3 (10's),Jan Aushadhi,Gabapentin 100mg and Methylcobalamin 500mcg Tablets,nan,nan,nan,36.3
Gabapentin 200Mg And Nortriptyline 10Mg Tablets,Nan,nan,10's,₹20.0 (10's),Jan Aushadhi,Gabapentin 200mg and Nortriptyline 10mg Tablets,nan,nan,nan,20.0
Gabapentin 300Mg And Amitriptyline 10Mg Tablets,Nan,nan,10's,₹55.0 (10's),Jan Aushadhi,Gabapentin 300mg and Amitriptyline 10mg Tablets,nan,nan,nan,55.0
Gabapentin 300Mg And Methylcobalamin 500Mcg Tablet,Nan,nan,10's,₹40.0 (10's),Jan Aushadhi,Gabapentin 300mg and Methylcobalamin 500mcg Tablet,nan,nan,nan,40.0
Gabapentin 400Mg And Nortriptyline 10Mg Tablets,Nan,nan,10's,₹55.0 (10's),Jan Aushadhi,Gabapentin 400mg and Nortriptyline 10mg Tablets,nan,nan,nan,55.0
"Gabapentin 6% W/W, Lignocaine 5% W/W And Baclofen 2% W/W Gel",Nan,nan,30g,₹65.0 (30g),Jan Aushadhi,"Gabapentin 6% w/w, Lignocaine 5% w/w and Baclofen 2% w/w gel",nan,nan,nan,65.0
Gabapentin Capsules IP 300Mg,Nan,nan,10's,₹27.5 (10's),Jan Aushadhi,Gabapentin Capsules IP 300mg,nan,nan,nan,27.5
Gabapentin Tablets IP 100 Mg,Nan,nan,10's,₹15.4 (10's),Jan Aushadhi,Gabapentin Tablets IP 100 mg,nan,nan,nan,15.4
Gama Benzene Hexachloride 1%W/V And Cetrimide 0.1%W/V Lotion,Nan,nan,100 ml,₹55.0 (100 ml),Jan Aushadhi,Gama Benzene Hexachloride 1%w/v and Cetrimide 0.1%w/v lotion,nan,nan,nan,55.0
Gatifloxacin 0.3 % W/V And Prednisolone 1% W/V Eye Drops,Nan,nan,10ml Drops,₹25.0 (10ml Drops),Jan Aushadhi,Gatifloxacin 0.3 % w/v and Prednisolone 1% w/v Eye Drops,nan,nan,nan,25.0
Gatifloxacin 0.3% W/V And Dexamethasone 0.1% W/V Eye Drops,Nan,nan,5ml Drops,₹20.0 (5ml Drops),Jan Aushadhi,Gatifloxacin 0.3% w/v and Dexamethasone 0.1% w/v Eye Drops,nan,nan,nan,20.0
Gefitinib Tablets IP 250 Mg,Nan,nan,10's,₹440.0 (10's),Jan Aushadhi,Gefitinib Tablets IP 250 mg,nan,nan,nan,440.0
Gemcitabine Injection IP 1000Mg,Nan,nan,Vial,₹836.0 (Vial),Jan Aushadhi,Gemcitabine Injection IP 1000mg,nan,nan,nan,836.0
Gemcitabine Injection IP 200Mg,Nan,nan,Vial,₹240.0 (Vial),Jan Aushadhi,Gemcitabine Injection IP 200mg,nan,nan,nan,240.0
Gentamicin 0.3% W/V And Dexamethasone 0.1% W/V Eye Drops,Nan,nan,10ml Drops,₹0.0 (10ml Drops),Jan Aushadhi,Gentamicin 0.3% w/v and Dexamethasone 0.1% w/v Eye Drops,nan,nan,nan,0.0
Gentamicin Eye Drops IP 0.3% W/V,Nan,nan,10 ml,₹6.0 (10 ml),Jan Aushadhi,Gentamicin Eye Drops IP 0.3% w/v,nan,nan,nan,6.0
Gentamicin Sulphate Injection IP 80 Mg Per 2Ml,Nan,nan,2 ml,₹5.43 (2 ml),Jan Aushadhi,Gentamicin Sulphate Injection IP 80 mg per 2ml,nan,nan,nan,5.43
"Ginseng, Multivitamins And Multiminerals Capsules",Nan,nan,10's,₹33.0 (10's),Jan Aushadhi,"Ginseng, Multivitamins and multiminerals Capsules",nan,nan,nan,33.0
Glargine 100 IU Pre-Filled Disposable Pen,Nan,nan,3ml Pre-filled Pen,₹415.0 (3ml Pre-filled Pen),Jan Aushadhi,Glargine 100 IU Pre-filled Disposable Pen,nan,nan,nan,415.0
"Glibenclamide 5 Mg, Metformin 500 Mg And Pioglitazone 15 Mg Tablet",Actos,Takeda,10's,₹27.5 (10's),Jan Aushadhi,"Glibenclamide 5 mg, Metformin 500 mg and Pioglitazone 15 mg Tablet",Pioglitazone 15 mg,✅ Yes,Type 2 diabetes (insulin sensitizer),27.5
"Glibenclamide 5 Mg, Metformin 500 Mg And Pioglitazone 15 Mg Tablet",Daonil,Sanofi,10's,₹27.5 (10's),Jan Aushadhi,"Glibenclamide 5 mg, Metformin 500 mg and Pioglitazone 15 mg Tablet",Glibenclamide 5 mg,✅ Yes,Type 2 diabetes (oral hypoglycemic),27.5
"Glibenclamide 5 Mg, Metformin 500 Mg And Pioglitazone 15 Mg Tablet",Gluformin,Abbott,10's,₹27.5 (10's),Jan Aushadhi,"Glibenclamide 5 mg, Metformin 500 mg and Pioglitazone 15 mg Tablet",Metformin 500 mg,✅ Yes,Type 2 diabetes (first-line therapy),27.5
"Glibenclamide 5 Mg, Metformin 500 Mg And Pioglitazone 15 Mg Tablet",Glycomet,USV,10's,₹27.5 (10's),Jan Aushadhi,"Glibenclamide 5 mg, Metformin 500 mg and Pioglitazone 15 mg Tablet",Metformin 500 mg,✅ Yes,Type 2 diabetes (first-line therapy),27.5
"Glibenclamide 5 Mg, Metformin 500 Mg And Pioglitazone 15 Mg Tablet",Pioglit,Sun Pharma,10's,₹27.5 (10's),Jan Aushadhi,"Glibenclamide 5 mg, Metformin 500 mg and Pioglitazone 15 mg Tablet",Pioglitazone 15 mg,✅ Yes,Type 2 diabetes (insulin sensitizer),27.5
Glibenclamide 5Mg And Metformin Hydrochloride 500Mg Tablets IP,Daonil,Sanofi,10's,₹12.0 (10's),Jan Aushadhi,Glibenclamide 5mg and Metformin Hydrochloride 500mg Tablets IP,Glibenclamide 5 mg,✅ Yes,Type 2 diabetes (oral hypoglycemic),12.0
Glibenclamide 5Mg And Metformin Hydrochloride 500Mg Tablets IP,Gluformin,Abbott,10's,₹12.0 (10's),Jan Aushadhi,Glibenclamide 5mg and Metformin Hydrochloride 500mg Tablets IP,Metformin 500 mg,✅ Yes,Type 2 diabetes (first-line therapy),12.0
Glibenclamide 5Mg And Metformin Hydrochloride 500Mg Tablets IP,Glycomet,USV,10's,₹12.0 (10's),Jan Aushadhi,Glibenclamide 5mg and Metformin Hydrochloride 500mg Tablets IP,Metformin 500 mg,✅ Yes,Type 2 diabetes (first-line therapy),12.0
Glibenclamide Tablets IP 2.5 Mg,Daonil,Sanofi,10's,₹3.0 (10's),Jan Aushadhi,Glibenclamide Tablets IP 2.5 mg,Glibenclamide 5 mg,✅ Yes,Type 2 diabetes (oral hypoglycemic),3.0
Glibenclamide Tablets IP 5 Mg,Daonil,Sanofi,10's,₹5.5 (10's),Jan Aushadhi,Glibenclamide Tablets IP 5 mg,Glibenclamide 5 mg,✅ Yes,Type 2 diabetes (oral hypoglycemic),5.5
Gliclazide + Pioglitazone + Metformin Tablet (30/15/500 Mg),Actos,Takeda,10's,₹0.0 (10's),Jan Aushadhi,Gliclazide + Pioglitazone + Metformin Tablet (30/15/500 Mg),Pioglitazone 15 mg,✅ Yes,Type 2 diabetes (insulin sensitizer),0.0
Gliclazide + Pioglitazone + Metformin Tablet (30/15/500 Mg),Diamicron,Servier,10's,₹0.0 (10's),Jan Aushadhi,Gliclazide + Pioglitazone + Metformin Tablet (30/15/500 Mg),Gliclazide 80 mg,✅ Yes,Type 2 diabetes (oral hypoglycemic),0.0
Gliclazide + Pioglitazone + Metformin Tablet (30/15/500 Mg),Gluformin,Abbott,10's,₹0.0 (10's),Jan Aushadhi,Gliclazide + Pioglitazone + Metformin Tablet (30/15/500 Mg),Metformin 500 mg,✅ Yes,Type 2 diabetes (first-line therapy),0.0
Gliclazide + Pioglitazone + Metformin Tablet (30/15/500 Mg),Glycomet,USV,10's,₹0.0 (10's),Jan Aushadhi,Gliclazide + Pioglitazone + Metformin Tablet (30/15/500 Mg),Metformin 500 mg,✅ Yes,Type 2 diabetes (first-line therapy),0.0
Gliclazide + Pioglitazone + Metformin Tablet (30/15/500 Mg),Pioglit,Sun Pharma,10's,₹0.0 (10's),Jan Aushadhi,Gliclazide + Pioglitazone + Metformin Tablet (30/15/500 Mg),Pioglitazone 15 mg,✅ Yes,Type 2 diabetes (insulin sensitizer),0.0
Gliclazide + Pioglitazone + Metformin Tablet (30/15/500 Mg),Reclide,Torrent,10's,₹0.0 (10's),Jan Aushadhi,Gliclazide + Pioglitazone + Metformin Tablet (30/15/500 Mg),Gliclazide 80 mg,✅ Yes,Type 2 diabetes (oral hypoglycemic),0.0
Gliclazide + Pioglitazone + Metformin Tablet (60/15/500 Mg),Actos,Takeda,10's,₹0.0 (10's),Jan Aushadhi,Gliclazide + Pioglitazone + Metformin Tablet (60/15/500 Mg),Pioglitazone 15 mg,✅ Yes,Type 2 diabetes (insulin sensitizer),0.0
Gliclazide + Pioglitazone + Metformin Tablet (60/15/500 Mg),Diamicron,Servier,10's,₹0.0 (10's),Jan Aushadhi,Gliclazide + Pioglitazone + Metformin Tablet (60/15/500 Mg),Gliclazide 80 mg,✅ Yes,Type 2 diabetes (oral hypoglycemic),0.0
Gliclazide + Pioglitazone + Metformin Tablet (60/15/500 Mg),Gluformin,Abbott,10's,₹0.0 (10's),Jan Aushadhi,Gliclazide + Pioglitazone + Metformin Tablet (60/15/500 Mg),Metformin 500 mg,✅ Yes,Type 2 diabetes (first-line therapy),0.0
Gliclazide + Pioglitazone + Metformin Tablet (60/15/500 Mg),Glycomet,USV,10's,₹0.0 (10's),Jan Aushadhi,Gliclazide + Pioglitazone + Metformin Tablet (60/15/500 Mg),Metformin 500 mg,✅ Yes,Type 2 diabetes (first-line therapy),0.0
Gliclazide + Pioglitazone + Metformin Tablet (60/15/500 Mg),Pioglit,Sun Pharma,10's,₹0.0 (10's),Jan Aushadhi,Gliclazide + Pioglitazone + Metformin Tablet (60/15/500 Mg),Pioglitazone 15 mg,✅ Yes,Type 2 diabetes (insulin sensitizer),0.0
Gliclazide + Pioglitazone + Metformin Tablet (60/15/500 Mg),Reclide,Torrent,10's,₹0.0 (10's),Jan Aushadhi,Gliclazide + Pioglitazone + Metformin Tablet (60/15/500 Mg),Gliclazide 80 mg,✅ Yes,Type 2 diabetes (oral hypoglycemic),0.0
Gliclazide 60 Mg (Extended Release) And Metformin Hydrochloride 1000 Mg (Extended Release) Tablets,Diamicron,Servier,10's,₹73.0 (10's),Jan Aushadhi,Gliclazide 60 mg (Extended Release) and Metformin Hydrochloride 1000 mg (Extended Release) Tablets,Gliclazide 80 mg,✅ Yes,Type 2 diabetes (oral hypoglycemic),73.0
Gliclazide 60 Mg (Extended Release) And Metformin Hydrochloride 1000 Mg (Extended Release) Tablets,Gluformin,Abbott,10's,₹73.0 (10's),Jan Aushadhi,Gliclazide 60 mg (Extended Release) and Metformin Hydrochloride 1000 mg (Extended Release) Tablets,Metformin 500 mg,✅ Yes,Type 2 diabetes (first-line therapy),73.0
Gliclazide 60 Mg (Extended Release) And Metformin Hydrochloride 1000 Mg (Extended Release) Tablets,Glycomet,USV,10's,₹73.0 (10's),Jan Aushadhi,Gliclazide 60 mg (Extended Release) and Metformin Hydrochloride 1000 mg (Extended Release) Tablets,Metformin 500 mg,✅ Yes,Type 2 diabetes (first-line therapy),73.0
Gliclazide 60 Mg (Extended Release) And Metformin Hydrochloride 1000 Mg (Extended Release) Tablets,Reclide,Torrent,10's,₹73.0 (10's),Jan Aushadhi,Gliclazide 60 mg (Extended Release) and Metformin Hydrochloride 1000 mg (Extended Release) Tablets,Gliclazide 80 mg,✅ Yes,Type 2 diabetes (oral hypoglycemic),73.0
Gliclazide 60Mg (Modified Release) And Metformin 500Mg (Extended Release) Tablets,Diamicron,Servier,10's,₹30.0 (10's),Jan Aushadhi,Gliclazide 60mg (Modified Release) and Metformin 500mg (Extended Release) Tablets,Gliclazide 80 mg,✅ Yes,Type 2 diabetes (oral hypoglycemic),30.0
Gliclazide 60Mg (Modified Release) And Metformin 500Mg (Extended Release) Tablets,Gluformin,Abbott,10's,₹30.0 (10's),Jan Aushadhi,Gliclazide 60mg (Modified Release) and Metformin 500mg (Extended Release) Tablets,Metformin 500 mg,✅ Yes,Type 2 diabetes (first-line therapy),30.0
Gliclazide 60Mg (Modified Release) And Metformin 500Mg (Extended Release) Tablets,Glycomet,USV,10's,₹30.0 (10's),Jan Aushadhi,Gliclazide 60mg (Modified Release) and Metformin 500mg (Extended Release) Tablets,Metformin 500 mg,✅ Yes,Type 2 diabetes (first-line therapy),30.0
Gliclazide 60Mg (Modified Release) And Metformin 500Mg (Extended Release) Tablets,Reclide,Torrent,10's,₹30.0 (10's),Jan Aushadhi,Gliclazide 60mg (Modified Release) and Metformin 500mg (Extended Release) Tablets,Gliclazide 80 mg,✅ Yes,Type 2 diabetes (oral hypoglycemic),30.0
Gliclazide 80Mg And Metformin Hydrochloride 500Mg Tablets,Diamicron,Servier,10's,₹28.6 (10's),Jan Aushadhi,Gliclazide 80mg and Metformin Hydrochloride 500mg Tablets,Gliclazide 80 mg,✅ Yes,Type 2 diabetes (oral hypoglycemic),28.6
Gliclazide 80Mg And Metformin Hydrochloride 500Mg Tablets,Gluformin,Abbott,10's,₹28.6 (10's),Jan Aushadhi,Gliclazide 80mg and Metformin Hydrochloride 500mg Tablets,Metformin 500 mg,✅ Yes,Type 2 diabetes (first-line therapy),28.6
Gliclazide 80Mg And Metformin Hydrochloride 500Mg Tablets,Glycomet,USV,10's,₹28.6 (10's),Jan Aushadhi,Gliclazide 80mg and Metformin Hydrochloride 500mg Tablets,Metformin 500 mg,✅ Yes,Type 2 diabetes (first-line therapy),28.6
Gliclazide 80Mg And Metformin Hydrochloride 500Mg Tablets,Reclide,Torrent,10's,₹28.6 (10's),Jan Aushadhi,Gliclazide 80mg and Metformin Hydrochloride 500mg Tablets,Gliclazide 80 mg,✅ Yes,Type 2 diabetes (oral hypoglycemic),28.6
Gliclazide Extended Release Tablets 60 Mg,Diamicron,Servier,10's,₹44.0 (10's),Jan Aushadhi,Gliclazide Extended release Tablets 60 mg,Gliclazide 80 mg,✅ Yes,Type 2 diabetes (oral hypoglycemic),44.0
Gliclazide Extended Release Tablets 60 Mg,Reclide,Torrent,10's,₹44.0 (10's),Jan Aushadhi,Gliclazide Extended release Tablets 60 mg,Gliclazide 80 mg,✅ Yes,Type 2 diabetes (oral hypoglycemic),44.0
Gliclazide Tablets IP 40 Mg,Diamicron,Servier,10's,₹15.4 (10's),Jan Aushadhi,Gliclazide Tablets IP 40 mg,Gliclazide 80 mg,✅ Yes,Type 2 diabetes (oral hypoglycemic),15.4
Gliclazide Tablets IP 40 Mg,Reclide,Torrent,10's,₹15.4 (10's),Jan Aushadhi,Gliclazide Tablets IP 40 mg,Gliclazide 80 mg,✅ Yes,Type 2 diabetes (oral hypoglycemic),15.4
Gliclazide Tablets IP 80 Mg,Diamicron,Servier,10's,₹24.0 (10's),Jan Aushadhi,Gliclazide Tablets IP 80 mg,Gliclazide 80 mg,✅ Yes,Type 2 diabetes (oral hypoglycemic),24.0
Gliclazide Tablets IP 80 Mg,Reclide,Torrent,10's,₹24.0 (10's),Jan Aushadhi,Gliclazide Tablets IP 80 mg,Gliclazide 80 mg,✅ Yes,Type 2 diabetes (oral hypoglycemic),24.0
Glimepiride IP 0.5Mg Tablets,Nan,nan,10's,₹3.5 (10's),Jan Aushadhi,Glimepiride IP 0.5mg Tablets,nan,nan,nan,3.5
Glimepiride Tablets IP 1Mg,Nan,nan,10's,₹4.4 (10's),Jan Aushadhi,Glimepiride Tablets IP 1mg,nan,nan,nan,4.4
Glimepiride Tablets IP 2Mg,Nan,nan,10's,₹5.5 (10's),Jan Aushadhi,Glimepiride Tablets IP 2mg,nan,nan,nan,5.5
Glimepiride Tablets IP 3Mg,Nan,nan,10's,₹6.6 (10's),Jan Aushadhi,Glimepiride Tablets IP 3mg,nan,nan,nan,6.6
Glimepiride Tablets IP 4Mg,Nan,nan,10's,₹8.0 (10's),Jan Aushadhi,Glimepiride Tablets IP 4mg,nan,nan,nan,8.0
Glipizide 5Mg And Metformin Hydrochloride 500Mg Tablets,Gluformin,Abbott,10's,₹9.0 (10's),Jan Aushadhi,Glipizide 5mg and Metformin Hydrochloride 500mg Tablets,Metformin 500 mg,✅ Yes,Type 2 diabetes (first-line therapy),9.0
Glipizide 5Mg And Metformin Hydrochloride 500Mg Tablets,Glycomet,USV,10's,₹9.0 (10's),Jan Aushadhi,Glipizide 5mg and Metformin Hydrochloride 500mg Tablets,Metformin 500 mg,✅ Yes,Type 2 diabetes (first-line therapy),9.0
Glipizide Tablet IP 5 Mg,Nan,nan,10's,₹5.0 (10's),Jan Aushadhi,Glipizide Tablet IP 5 mg,nan,nan,nan,5.0
Glucosamine 500Mg And Diacerein 50Mg Tablets,Nan,nan,10's,₹55.0 (10's),Jan Aushadhi,Glucosamine 500mg and Diacerein 50mg Tablets,nan,nan,nan,55.0
"Glucosamine 750Mg , Diacerein 50Mg And Methylsulfonylmethane 250Mg Tablets",Nan,nan,10's,₹49.5 (10's),Jan Aushadhi,"Glucosamine 750mg , Diacerein 50mg and Methylsulfonylmethane 250mg Tablets",nan,nan,nan,49.5
Glucosamine 750Mg And Chondroitin 100Mg Tablets,Nan,nan,10's,₹185.0 (10's),Jan Aushadhi,Glucosamine 750mg and Chondroitin 100mg Tablets,nan,nan,nan,185.0
Glucosamine Sulphate 1500Mg Tablets,Nan,nan,10's,₹0.0 (10's),Jan Aushadhi,Glucosamine Sulphate 1500mg Tablets,nan,nan,nan,0.0
Glucosamine Sulphate 500Mg And Chondroitin 400Mg Tablets,Nan,nan,10's,₹85.0 (10's),Jan Aushadhi,Glucosamine Sulphate 500mg and Chondroitin 400mg Tablets,nan,nan,nan,85.0
Glucosamine Tablets USP 500Mg,Nan,nan,30's in Bottle,₹80.0 (30's in Bottle),Jan Aushadhi,Glucosamine Tablets USP 500mg,nan,nan,nan,80.0
Glycerin IP 98%W/W,Nan,nan,50 GM,₹22.0 (50 GM),Jan Aushadhi,Glycerin IP 98%W/W,nan,nan,nan,22.0
Glyceryl Trinitrate Controlled Release Tablets 2.6Mg (Nitroglycerin Controlled Release Tablets),Nan,nan,30's,₹50.0 (30's),Jan Aushadhi,Glyceryl Trinitrate Controlled Release Tablets 2.6mg (Nitroglycerin Controlled Release Tablets),nan,nan,nan,50.0
Glycolic Acid 1% W/W And Aloe Vera 5% W/W Face Wash,Nan,nan,100gm Tube,₹60.0 (100gm Tube),Jan Aushadhi,Glycolic Acid 1% w/w and Aloe Vera 5% w/w Face Wash,nan,nan,nan,60.0
"Glycolic Acid 1% W/W, Aloe Vera 5% W/W And Salicylic Acid 2% W/W Facewash",Nan,nan,60ml Flip top Lemitube,₹0.0 (60ml Flip top Lemitube),Jan Aushadhi,"Glycolic Acid 1% w/w, Aloe Vera 5% w/w and Salicylic Acid 2% w/w Facewash",nan,nan,nan,0.0
"Glycolic Acid 2% W/V, Salicylic Acid 1% W/V, Niacinamide 0.5%W/V, Licorice Extract 1% W/V, Vitamin E 0.2% W/V And Aloe Vera 1% W/V Face Wash",Nan,nan,100ml Flip-top Bottle,₹0.0 (100ml Flip-top Bottle),Jan Aushadhi,"Glycolic Acid 2% w/v, Salicylic acid 1% w/v, Niacinamide 0.5%w/v, Licorice Extract 1% w/v, Vitamin E 0.2% w/v and Aloe Vera 1% w/v Face Wash",nan,nan,nan,0.0
Glycolic Acid Cream 12%,Nan,nan,30GM,₹0.0 (30GM),Jan Aushadhi,Glycolic Acid Cream 12%,nan,nan,nan,0.0
Glycolic Acid Cream 6%,Nan,nan,30GM,₹0.0 (30GM),Jan Aushadhi,Glycolic Acid Cream 6%,nan,nan,nan,0.0
Glycopyrrolate Injection IP 0.2Mg,Nan,nan,1 ml,₹7.0 (1 ml),Jan Aushadhi,Glycopyrrolate Injection IP 0.2mg,nan,nan,nan,7.0
Glycopyrrolate Tablet 1Mg,Nan,nan,10's,₹0.0 (10's),Jan Aushadhi,Glycopyrrolate Tablet 1Mg,nan,nan,nan,0.0
Glycopyrrolate Tablet 2Mg,Nan,nan,10's,₹0.0 (10's),Jan Aushadhi,Glycopyrrolate Tablet 2Mg,nan,nan,nan,0.0
Griseofulvin Tablets IP 250 Mg,Nan,nan,10's,₹16.0 (10's),Jan Aushadhi,Griseofulvin Tablets IP 250 mg,nan,nan,nan,16.0
"Guaifenesin 100Mg, Terbutaline 1.25 Mg And Ambroxol 15Mg Syrup Per 5Ml (Suger Free)",Nan,nan,100 ml,₹30.0 (100 ml),Jan Aushadhi,"Guaifenesin 100mg, Terbutaline 1.25 mg and Ambroxol 15mg Syrup per 5ml (Suger free)",nan,nan,nan,30.0
"Guaifenesin 50Mg, Terbutaline 1.25 Mg And Ambroxol 30 Mg Syrup Per 5Ml (Suger Free)",Nan,nan,100 ml,₹30.0 (100 ml),Jan Aushadhi,"Guaifenesin 50mg, Terbutaline 1.25 mg and Ambroxol 30 mg Syrup per 5ml (Suger free)",nan,nan,nan,30.0
"Guaifenesin 50Mg, Terbutaline 1.25 Mg And Bromhexine 2 Mg Expectorant",Nan,nan,100 ml,₹25.0 (100 ml),Jan Aushadhi,"Guaifenesin 50mg, Terbutaline 1.25 mg and Bromhexine 2 mg Expectorant",nan,nan,nan,25.0
"Haematinic Syrup Of Iron 32Mg ,Folic Acid 0.5Mg And Vitamin B12 7.5Mcg",Nan,nan,200 ml Bottle,₹42.0 (200 ml Bottle),Jan Aushadhi,"Haematinic Syrup of Iron 32mg ,Folic Acid 0.5mg and Vitamin B12 7.5mcg",nan,nan,nan,42.0
Halobetasol & Fusidic Acid Cream 0.05/2%,Nan,nan,10GM,₹0.0 (10GM),Jan Aushadhi,Halobetasol & Fusidic Acid Cream 0.05/2%,nan,nan,nan,0.0
Halobetasol Propionate Ointment 0.05% W/W,Nan,nan,15gm Lemi Tube,₹30.0 (15gm Lemi Tube),Jan Aushadhi,Halobetasol Propionate Ointment 0.05% w/w,nan,nan,nan,30.0
Hand Sanitizer 100 Ml (Each Pack Contains: Ethanol 70% V/V And Chlorhexidine Gluconate 0.5% W/V),Nan,nan,100 ml,₹40.0 (100 ml),Jan Aushadhi,Hand Sanitizer 100 ml (Each pack contains: Ethanol 70% v/v and Chlorhexidine Gluconate 0.5% w/v),nan,nan,nan,40.0
Hand Sanitizer 250 Ml (Each Pack Contains: Ethanol 70% V/V And Chlorhexidine Gluconate 0.5% W/V),Nan,nan,250 ml,₹100.0 (250 ml),Jan Aushadhi,Hand Sanitizer 250 ml (Each pack contains: Ethanol 70% v/v and Chlorhexidine Gluconate 0.5% w/v),nan,nan,nan,100.0
Hand Sanitizer 500 Ml (Each Pack Contains: Ethanol 70% V/V And Chlorhexidine Gluconate 0.5% W/V),Nan,nan,500 ml,₹200.0 (500 ml),Jan Aushadhi,Hand Sanitizer 500 ml (Each pack contains: Ethanol 70% v/v and Chlorhexidine Gluconate 0.5% w/v),nan,nan,nan,200.0
Heparin Sodium 50IU And Benzyl Nicotinate 2Mg Ointment,Nan,nan,20 gm,₹40.0 (20 gm),Jan Aushadhi,Heparin Sodium 50IU and Benzyl Nicotinate 2mg Ointment,nan,nan,nan,40.0
Heparin Sodium Injection IP 25000 IU,Nan,nan,5 ml,₹200.0 (5 ml),Jan Aushadhi,Heparin Sodium Injection IP 25000 IU,nan,nan,nan,200.0
Heparin Sodium Injection IP 5000 IU,Nan,nan,5 ml,₹42.9 (5 ml),Jan Aushadhi,Heparin Sodium Injection IP 5000 IU,nan,nan,nan,42.9
Homatropine Hydrobromide Eye Drops IP 2% W/V,Nan,nan,5ml Drops,₹26.0 (5ml Drops),Jan Aushadhi,Homatropine Hydrobromide Eye Drops IP 2% w/v,nan,nan,nan,26.0
Human Chorionic Gonadotrophin IP 5000 IU (Powder For Injection With Solvent),Nan,nan,Vial and solvent,₹215.0 (Vial and solvent),Jan Aushadhi,Human Chorionic Gonadotrophin IP 5000 IU (Powder for injection with solvent),nan,nan,nan,215.0
Human Normal Immunoglobulin For Intravenous Use IP 5%,Nan,nan,100 ml,₹10000.0 (100 ml),Jan Aushadhi,Human Normal Immunoglobulin for Intravenous use IP 5%,nan,nan,nan,10000.0
Human Normal Immunoglobulin IP 16.5% (For IM Use),Nan,nan,2 ml vial,₹0.0 (2 ml vial),Jan Aushadhi,Human Normal Immunoglobulin IP 16.5% (For IM use),nan,nan,nan,0.0
"Human Papillomavirus Quadrivalent (Types 6, 11, 16, And 18) Vaccine, Recombinant",Nan,nan,0.5 ml in 1 prefilled syringe,₹0.0 (0.5 ml in 1 prefilled syringe),Jan Aushadhi,"Human Papillomavirus Quadrivalent (Types 6, 11, 16, And 18) Vaccine, Recombinant",nan,nan,nan,0.0
Hydrochlorothiazide Tablets IP 12.5Mg,Nan,nan,10's,₹6.0 (10's),Jan Aushadhi,Hydrochlorothiazide Tablets IP 12.5mg,nan,nan,nan,6.0
Hydrochlorothiazide Tablets IP 25 Mg,Nan,nan,10's,₹9.0 (10's),Jan Aushadhi,Hydrochlorothiazide Tablets IP 25 mg,nan,nan,nan,9.0
Hydrocortisone Acetate Cream IP 1% W/W,Nan,nan,15 g,₹30.0 (15 g),Jan Aushadhi,Hydrocortisone Acetate Cream IP 1% w/w,nan,nan,nan,30.0
Hydrocortisone Sodium Succinate Injection IP 100Mg,Nan,nan,Vial,₹20.0 (Vial),Jan Aushadhi,Hydrocortisone Sodium Succinate Injection IP 100mg,nan,nan,nan,20.0
Hydrocortisone Tablets 10Mg,Nan,nan,10's,₹20.0 (10's),Jan Aushadhi,Hydrocortisone Tablets 10mg,nan,nan,nan,20.0
Hydrocortisone Tablets 5Mg,Nan,nan,10's,₹11.0 (10's),Jan Aushadhi,Hydrocortisone Tablets 5mg,nan,nan,nan,11.0
"Hydroquinone 2% W/W, Tretinoin 0.05% W/W And Fluocinolone Acetonide 0.01% W/W Cream",Nan,nan,20g,₹0.0 (20g),Jan Aushadhi,"Hydroquinone 2% w/w, Tretinoin 0.05% w/w and Fluocinolone acetonide 0.01% w/w Cream",nan,nan,nan,0.0
"Hydroquinone 2%W/W, Mometasone 0.1%W/W And Tretinoin 0.025%W/W Cream",Nan,nan,20 gm,₹26.4 (20 gm),Jan Aushadhi,"Hydroquinone 2%w/w, Mometasone 0.1%w/w and Tretinoin 0.025%w/w Cream",nan,nan,nan,26.4
"Hydroquinone 4% W/W, Tretinoin 0.05% W/W And Fluocinolone Acetonide 0.01% W/W Cream, 20G",Nan,nan,15g in Mono-carton,₹0.0 (15g in Mono-carton),Jan Aushadhi,"Hydroquinone 4% w/w, Tretinoin 0.05% w/w and Fluocinolone acetonide 0.01% w/w cream, 20g",nan,nan,nan,0.0
Hydroxychloroquine Tablet IP 400 Mg,HCQS,Ipca,10's,₹82.0 (10's),Jan Aushadhi,Hydroxychloroquine Tablet IP 400 mg,Hydroxychloroquine 200 mg,✅ Yes,"Rheumatoid arthritis, lupus, malaria",82.0
Hydroxychloroquine Tablet IP 400 Mg,Plaquenil,Sanofi,10's,₹82.0 (10's),Jan Aushadhi,Hydroxychloroquine Tablet IP 400 mg,Hydroxychloroquine 200 mg,✅ Yes,"Rheumatoid arthritis, lupus, malaria",82.0
Hydroxychloroquine Tablets IP 200 Mg,HCQS,Ipca,10's,₹36.0 (10's),Jan Aushadhi,Hydroxychloroquine Tablets IP 200 mg,Hydroxychloroquine 200 mg,✅ Yes,"Rheumatoid arthritis, lupus, malaria",36.0
Hydroxychloroquine Tablets IP 200 Mg,Plaquenil,Sanofi,10's,₹36.0 (10's),Jan Aushadhi,Hydroxychloroquine Tablets IP 200 mg,Hydroxychloroquine 200 mg,✅ Yes,"Rheumatoid arthritis, lupus, malaria",36.0
Hydroxyprogesterone Injection 250Mg,Nan,nan,1ml ampoule in Mono blister pack,₹30.0 (1ml ampoule in Mono blister pack),Jan Aushadhi,Hydroxyprogesterone Injection 250mg,nan,nan,nan,30.0
Hydroxyprogesterone Injection IP 500Mg,Nan,nan,2ml Ampoule in Mono blister,₹50.0 (2ml Ampoule in Mono blister),Jan Aushadhi,Hydroxyprogesterone Injection IP 500mg,nan,nan,nan,50.0
Hydroxypropylmethylcellulose Eye Drop 0.3% W/V,Nan,nan,10 ml,₹30.0 (10 ml),Jan Aushadhi,Hydroxypropylmethylcellulose Eye Drop 0.3% w/v,nan,nan,nan,30.0
Hydroxyurea Capsules IP 500Mg,Nan,nan,10's,₹66.0 (10's),Jan Aushadhi,Hydroxyurea Capsules IP 500mg,nan,nan,nan,66.0
Hydroxyzine Hydrochloride Drops 6Mg Per Ml,Nan,nan,15ml in Mono-carton with screw dropper,₹20.0 (15ml in Mono-carton with screw dropper),Jan Aushadhi,Hydroxyzine Hydrochloride Drops 6mg per ml,nan,nan,nan,20.0
Hydroxyzine Hydrochloride Syrup 10Mg Per 5Ml,Nan,nan,100ml with measuring cap,₹25.0 (100ml with measuring cap),Jan Aushadhi,Hydroxyzine Hydrochloride Syrup 10mg per 5ml,nan,nan,nan,25.0
Hydroxyzine Hydrochloride Tablets IP 10Mg,Nan,nan,10's,₹7.7 (10's),Jan Aushadhi,Hydroxyzine Hydrochloride Tablets IP 10mg,nan,nan,nan,7.7
Hydroxyzine Tablets IP 25Mg,Nan,nan,15's,₹12.0 (15's),Jan Aushadhi,Hydroxyzine Tablets IP 25mg,nan,nan,nan,12.0
Hyoscine Butylbromide 10Mg And Mefenamic Acid 250Mg Tablets,Nan,nan,10's,₹50.0 (10's),Jan Aushadhi,Hyoscine Butylbromide 10mg and Mefenamic Acid 250mg Tablets,nan,nan,nan,50.0
Hyoscine Butylbromide Tablets IP 10 Mg,Nan,nan,10's,₹17.6 (10's),Jan Aushadhi,Hyoscine Butylbromide Tablets IP 10 mg,nan,nan,nan,17.6
Ibandronic Acid Tablets 150Mg,Nan,nan,1's,₹325.0 (1's),Jan Aushadhi,Ibandronic Acid Tablets 150mg,nan,nan,nan,325.0
Ibrutinib Capsule 140 Mg,Nan,nan,30's in Bottle,₹0.0 (30's in Bottle),Jan Aushadhi,Ibrutinib Capsule 140 Mg,nan,nan,nan,0.0
Ibuprofen 100Mg And Paracetamol/Acetaminophen 162.5Mg Oral Suspension,Brufen,Abbott,100 ml,₹23.0 (100 ml),Jan Aushadhi,Ibuprofen 100mg and Paracetamol/Acetaminophen 162.5mg Oral Suspension,Ibuprofen 400 mg,✅ Yes,"Pain relief, fever reducer, anti-inflammatory",23.0
Ibuprofen 100Mg And Paracetamol/Acetaminophen 162.5Mg Oral Suspension,Calpol,GSK,100 ml,₹23.0 (100 ml),Jan Aushadhi,Ibuprofen 100mg and Paracetamol/Acetaminophen 162.5mg Oral Suspension,Paracetamol 500 mg,✅ Yes,"Pain relief, fever reducer",23.0
Ibuprofen 100Mg And Paracetamol/Acetaminophen 162.5Mg Oral Suspension,Crocin,GSK,100 ml,₹23.0 (100 ml),Jan Aushadhi,Ibuprofen 100mg and Paracetamol/Acetaminophen 162.5mg Oral Suspension,Paracetamol 500 mg,✅ Yes,"Pain relief, fever reducer",23.0
Ibuprofen 100Mg And Paracetamol/Acetaminophen 162.5Mg Oral Suspension,Dolo-650,Micro Labs,100 ml,₹23.0 (100 ml),Jan Aushadhi,Ibuprofen 100mg and Paracetamol/Acetaminophen 162.5mg Oral Suspension,Paracetamol 650 mg,✅ Yes,"Pain relief, fever reducer",23.0
Ibuprofen 100Mg And Paracetamol/Acetaminophen 162.5Mg Oral Suspension,Ibugesic,Cipla,100 ml,₹23.0 (100 ml),Jan Aushadhi,Ibuprofen 100mg and Paracetamol/Acetaminophen 162.5mg Oral Suspension,Ibuprofen 400 mg,✅ Yes,"Pain relief, fever reducer, anti-inflammatory",23.0
Ibuprofen 100Mg And Paracetamol/Acetaminophen 162.5Mg Oral Suspension,Nurofen,Reckitt,100 ml,₹23.0 (100 ml),Jan Aushadhi,Ibuprofen 100mg and Paracetamol/Acetaminophen 162.5mg Oral Suspension,Ibuprofen 400 mg,✅ Yes,"Pain relief, fever reducer, anti-inflammatory",23.0
Ibuprofen 400Mg And Paracetamol 325Mg Tablets IP,Brufen,Abbott,10's,₹8.0 (10's),Jan Aushadhi,Ibuprofen 400mg and Paracetamol 325mg Tablets IP,Ibuprofen 400 mg,✅ Yes,"Pain relief, fever reducer, anti-inflammatory",8.0
Ibuprofen 400Mg And Paracetamol 325Mg Tablets IP,Calpol,GSK,10's,₹8.0 (10's),Jan Aushadhi,Ibuprofen 400mg and Paracetamol 325mg Tablets IP,Paracetamol 500 mg,✅ Yes,"Pain relief, fever reducer",8.0
Ibuprofen 400Mg And Paracetamol 325Mg Tablets IP,Crocin,GSK,10's,₹8.0 (10's),Jan Aushadhi,Ibuprofen 400mg and Paracetamol 325mg Tablets IP,Paracetamol 500 mg,✅ Yes,"Pain relief, fever reducer",8.0
Ibuprofen 400Mg And Paracetamol 325Mg Tablets IP,Dolo-650,Micro Labs,10's,₹8.0 (10's),Jan Aushadhi,Ibuprofen 400mg and Paracetamol 325mg Tablets IP,Paracetamol 650 mg,✅ Yes,"Pain relief, fever reducer",8.0
Ibuprofen 400Mg And Paracetamol 325Mg Tablets IP,Ibugesic,Cipla,10's,₹8.0 (10's),Jan Aushadhi,Ibuprofen 400mg and Paracetamol 325mg Tablets IP,Ibuprofen 400 mg,✅ Yes,"Pain relief, fever reducer, anti-inflammatory",8.0
Ibuprofen 400Mg And Paracetamol 325Mg Tablets IP,Nurofen,Reckitt,10's,₹8.0 (10's),Jan Aushadhi,Ibuprofen 400mg and Paracetamol 325mg Tablets IP,Ibuprofen 400 mg,✅ Yes,"Pain relief, fever reducer, anti-inflammatory",8.0
Ibuprofen Oral Suspension 100Mg/5Ml,Brufen,Abbott,100ml,₹12.0 (100ml),Jan Aushadhi,Ibuprofen Oral Suspension 100mg/5ml,Ibuprofen 400 mg,✅ Yes,"Pain relief, fever reducer, anti-inflammatory",12.0
Ibuprofen Oral Suspension 100Mg/5Ml,Ibugesic,Cipla,100ml,₹12.0 (100ml),Jan Aushadhi,Ibuprofen Oral Suspension 100mg/5ml,Ibuprofen 400 mg,✅ Yes,"Pain relief, fever reducer, anti-inflammatory",12.0
Ibuprofen Oral Suspension 100Mg/5Ml,Nurofen,Reckitt,100ml,₹12.0 (100ml),Jan Aushadhi,Ibuprofen Oral Suspension 100mg/5ml,Ibuprofen 400 mg,✅ Yes,"Pain relief, fever reducer, anti-inflammatory",12.0
Ibuprofen Tablets IP 200 Mg,Brufen,Abbott,10's,₹3.0 (10's),Jan Aushadhi,Ibuprofen Tablets IP 200 mg,Ibuprofen 400 mg,✅ Yes,"Pain relief, fever reducer, anti-inflammatory",3.0
Ibuprofen Tablets IP 200 Mg,Ibugesic,Cipla,10's,₹3.0 (10's),Jan Aushadhi,Ibuprofen Tablets IP 200 mg,Ibuprofen 400 mg,✅ Yes,"Pain relief, fever reducer, anti-inflammatory",3.0
Ibuprofen Tablets IP 200 Mg,Nurofen,Reckitt,10's,₹3.0 (10's),Jan Aushadhi,Ibuprofen Tablets IP 200 mg,Ibuprofen 400 mg,✅ Yes,"Pain relief, fever reducer, anti-inflammatory",3.0
Ibuprofen Tablets IP 400 Mg,Brufen,Abbott,15's,₹8.8 (15's),Jan Aushadhi,Ibuprofen Tablets IP 400 mg,Ibuprofen 400 mg,✅ Yes,"Pain relief, fever reducer, anti-inflammatory",8.8
Ibuprofen Tablets IP 400 Mg,Ibugesic,Cipla,15's,₹8.8 (15's),Jan Aushadhi,Ibuprofen Tablets IP 400 mg,Ibuprofen 400 mg,✅ Yes,"Pain relief, fever reducer, anti-inflammatory",8.8
Ibuprofen Tablets IP 400 Mg,Nurofen,Reckitt,15's,₹8.8 (15's),Jan Aushadhi,Ibuprofen Tablets IP 400 mg,Ibuprofen 400 mg,✅ Yes,"Pain relief, fever reducer, anti-inflammatory",8.8
Ifosfamide Injection IP 1Gm,Nan,nan,VIAL,₹170.0 (VIAL),Jan Aushadhi,Ifosfamide Injection IP 1gm,nan,nan,nan,170.0
Iguratimod Tablets 25Mg,Nan,nan,10's,₹100.0 (10's),Jan Aushadhi,Iguratimod Tablets 25mg,nan,nan,nan,100.0
Ilaprazole (Gastro-Resistant) 10Mg And Domperidone (Prolonged Release) 30Mg Capsules,Domstal,Torrent,10's,₹35.0 (10's),Jan Aushadhi,Ilaprazole (gastro-resistant) 10mg and Domperidone (Prolonged release) 30mg capsules,Domperidone 10 mg,✅ Yes,"Nausea, vomiting, gastric motility",35.0
Ilaprazole (Gastro-Resistant) 10Mg And Domperidone (Prolonged Release) 30Mg Capsules,Vomistop,Cipla,10's,₹35.0 (10's),Jan Aushadhi,Ilaprazole (gastro-resistant) 10mg and Domperidone (Prolonged release) 30mg capsules,Domperidone 10 mg,✅ Yes,"Nausea, vomiting, gastric motility",35.0
Ilaprazole Tablets 10Mg,Nan,nan,10's,₹25.0 (10's),Jan Aushadhi,Ilaprazole Tablets 10mg,nan,nan,nan,25.0
Imatinib Mesylate Tablets IP 400Mg,Nan,nan,10's,₹225.0 (10's),Jan Aushadhi,Imatinib Mesylate Tablets IP 400mg,nan,nan,nan,225.0
Imeglimin Hydrochloride Tablets 1000Mg,Nan,nan,10's,₹0.0 (10's),Jan Aushadhi,Imeglimin Hydrochloride Tablets 1000mg,nan,nan,nan,0.0
Imeglimin Hydrochloride Tablets 500Mg,Nan,nan,10's,₹59.0 (10's),Jan Aushadhi,Imeglimin Hydrochloride Tablets 500mg,nan,nan,nan,59.0
Imipenem 500Mg And Cilastatin 500Mg Injection IP,Nan,nan,Vial & Wfi,₹330.0 (Vial & Wfi),Jan Aushadhi,Imipenem 500mg and Cilastatin 500mg Injection IP,nan,nan,nan,330.0
Imipramine + Diazepam Tablet (25/2 Mg),Nan,nan,10's,₹0.0 (10's),Jan Aushadhi,Imipramine + Diazepam Tablet (25/2 Mg),nan,nan,nan,0.0
Imipramine + Diazepam Tablet (25/5 Mg),Nan,nan,10's,₹0.0 (10's),Jan Aushadhi,Imipramine + Diazepam Tablet (25/5 Mg),nan,nan,nan,0.0
Imipramine Hydrochloride Tablets IP 25Mg,Nan,nan,10's,₹5.0 (10's),Jan Aushadhi,Imipramine Hydrochloride Tablets IP 25mg,nan,nan,nan,5.0
Indacaterol 110Mcg And Glycopyrronium 50Mcg Powder For Inhalation,Nan,nan,30 capsules and 1 inhaler,₹732.0 (30 capsules and 1 inhaler),Jan Aushadhi,Indacaterol 110mcg and Glycopyrronium 50mcg powder for Inhalation,nan,nan,nan,732.0
Indacaterol 150Mcg And Mometasone Furoate 160Mcg Powder For Inhalation,Nan,nan,15's in Bottle with Mono-carton,₹0.0 (15's in Bottle with Mono-carton),Jan Aushadhi,Indacaterol 150mcg and Mometasone Furoate 160mcg Powder for Inhalation,nan,nan,nan,0.0
Indacaterol 150Mcg And Mometasone Furoate 320Mcg Powder For Inhalation,Nan,nan,15's in Bottle with Mono-carton,₹0.0 (15's in Bottle with Mono-carton),Jan Aushadhi,Indacaterol 150mcg and Mometasone Furoate 320mcg Powder for Inhalation,nan,nan,nan,0.0
Indacaterol 150Mcg And Mometasone Furoate 80Mcg Powder For Inhalation,Nan,nan,15's in Bottle with Mono-carton,₹0.0 (15's in Bottle with Mono-carton),Jan Aushadhi,Indacaterol 150mcg and Mometasone Furoate 80mcg Powder for Inhalation,nan,nan,nan,0.0
Indapamide Tablets IP 1.5 Mg,Nan,nan,10's,₹26.0 (10's),Jan Aushadhi,Indapamide Tablets IP 1.5 mg,nan,nan,nan,26.0
Indomethacin Capsules IP 25 Mg,Nan,nan,10's,₹13.0 (10's),Jan Aushadhi,Indomethacin Capsules IP 25 mg,nan,nan,nan,13.0
"Inhalent Softgel Capsules (Camphor 25Mg, Chlorothymol 5Mg, Eucalyptol 130Mg, Menthol 55Mg, Turpineol 110Mg)",Nan,nan,10's,₹28.0 (10's),Jan Aushadhi,"Inhalent Softgel Capsules (Camphor 25mg, Chlorothymol 5mg, Eucalyptol 130mg, Menthol 55mg, Turpineol 110mg)",nan,nan,nan,28.0
Inosine Pranobex Tablets 500 Mg,Nan,nan,10's,₹290.0 (10's),Jan Aushadhi,Inosine Pranobex Tablets 500 mg,nan,nan,nan,290.0
Insulin Aspart Injection IP 100IU Per Ml,Nan,nan,10ml Vial,₹0.0 (10ml Vial),Jan Aushadhi,Insulin Aspart Injection IP 100IU per ml,nan,nan,nan,0.0
Insulin Glargine Injection IP 100 IU Per Ml,Nan,nan,Cartridge 3 ml,₹340.0 (Cartridge 3 ml),Jan Aushadhi,Insulin Glargine Injection IP 100 IU per ml,nan,nan,nan,340.0
Insulin Injection IP 40 IU Per Ml (Insulin Human Soluble 30% And Isophane 70%),Nan,nan,10 ml Vial,₹90.0 (10 ml Vial),Jan Aushadhi,Insulin Injection IP 40 IU per ml (Insulin Human Soluble 30% and Isophane 70%),nan,nan,nan,90.0
Insulin Pen,Nan,nan,1's,₹0.0 (1's),Jan Aushadhi,Insulin Pen,nan,nan,nan,0.0
Ipratropium Bromide Inhaler 20Mcg,Nan,nan,200 MDI,₹0.0 (200 MDI),Jan Aushadhi,Ipratropium Bromide Inhaler 20mcg,nan,nan,nan,0.0
Ipratropium Bromide Respirator Solution 250Mcg,Nan,nan,15 ML,₹28.0 (15 ML),Jan Aushadhi,Ipratropium Bromide Respirator Solution 250mcg,nan,nan,nan,28.0
Iron Sucrose Injection,Nan,nan,1's,₹33.0 (1's),Jan Aushadhi,Iron Sucrose Injection,nan,nan,nan,33.0
Isopropyl Alcohol IP (70%) (Spirit),Nan,nan,100 ML bottle,₹40.0 (100 ML bottle),Jan Aushadhi,Isopropyl Alcohol IP (70%) (Spirit),nan,nan,nan,40.0
Isosorbide 20Mg And Hydralazine 37.5Mg Tablets,Nan,nan,10's,₹0.0 (10's),Jan Aushadhi,Isosorbide 20mg and Hydralazine 37.5mg Tablets,nan,nan,nan,0.0
Isosorbide Dinitrate Tablets IP 10Mg,Nan,nan,50's,₹21.0 (50's),Jan Aushadhi,Isosorbide Dinitrate Tablets IP 10mg,nan,nan,nan,21.0
Isosorbide Dinitrate Tablets IP 5 Mg,Nan,nan,50's,₹20.0 (50's),Jan Aushadhi,Isosorbide Dinitrate Tablets IP 5 mg,nan,nan,nan,20.0
Isosorbide Mononitrate Sustained Release Tablets 30 Mg,Nan,nan,30's,₹70.0 (30's),Jan Aushadhi,Isosorbide Mononitrate Sustained Release Tablets 30 mg,nan,nan,nan,70.0
Isosorbide Mononitrate Sustained Release Tablets 50Mg,Nan,nan,10's,₹0.0 (10's),Jan Aushadhi,Isosorbide Mononitrate Sustained release Tablets 50mg,nan,nan,nan,0.0
Isosorbidemononitrate Tablets IP 20Mg,Nan,nan,10's,₹8.0 (10's),Jan Aushadhi,Isosorbidemononitrate Tablets IP 20mg,nan,nan,nan,8.0
Isotretinoin Capsules IP 10Mg,Nan,nan,10's,₹30.0 (10's),Jan Aushadhi,Isotretinoin Capsules IP 10mg,nan,nan,nan,30.0
Isotretinoin Capsules IP 20Mg,Nan,nan,10's,₹50.0 (10's),Jan Aushadhi,Isotretinoin Capsules IP 20mg,nan,nan,nan,50.0
Isoxsuprine Hydrochloride Tablets IP 10Mg,Nan,nan,50's,₹45.0 (50's),Jan Aushadhi,Isoxsuprine Hydrochloride Tablets IP 10mg,nan,nan,nan,45.0
Isoxsuprine Injection IP 5 Mg,Nan,nan,2 ml Vial,₹10.0 (2 ml Vial),Jan Aushadhi,Isoxsuprine Injection IP 5 mg,nan,nan,nan,10.0
Itopride Tablets IP 50 Mg,Nan,nan,10's,₹36.0 (10's),Jan Aushadhi,Itopride Tablets IP 50 mg,nan,nan,nan,36.0
Itraconazole (1% W/W) Gel,Nan,nan,15 g,₹30.0 (15 g),Jan Aushadhi,Itraconazole (1% w/w) Gel,nan,nan,nan,30.0
Itraconazole Capsules 100 Mg,Nan,nan,4's,₹24.2 (4's),Jan Aushadhi,Itraconazole Capsules 100 mg,nan,nan,nan,24.2
Itraconazole Capsules 130Mg,Nan,nan,10's,₹75.0 (10's),Jan Aushadhi,Itraconazole Capsules 130mg,nan,nan,nan,75.0
Itraconazole Capsules 200 Mg,Nan,nan,4's,₹35.2 (4's),Jan Aushadhi,Itraconazole Capsules 200 mg,nan,nan,nan,35.2
Itraconazole Capsules 65Mg,Nan,nan,10's,₹45.0 (10's),Jan Aushadhi,Itraconazole Capsules 65mg,nan,nan,nan,45.0
Itraconazole Dusting Powder 1% W/W,Nan,nan,30g,₹0.0 (30g),Jan Aushadhi,Itraconazole Dusting Powder 1% w/w,nan,nan,nan,0.0
Itraconazole Eye Drops 1% W/V,Nan,nan,5ml Drops,₹0.0 (5ml Drops),Jan Aushadhi,Itraconazole Eye drops 1% w/v,nan,nan,nan,0.0
Ivabradine Tablets 5Mg,Nan,nan,15's,₹90.0 (15's),Jan Aushadhi,Ivabradine Tablets 5mg,nan,nan,nan,90.0
Ivermectin 1.5Mg And Albendazole 200Mg Oral Suspension,Nan,nan,10ml in Mono-carton,₹10.0 (10ml in Mono-carton),Jan Aushadhi,Ivermectin 1.5mg and Albendazole 200mg Oral Suspension,nan,nan,nan,10.0
Ivermectin Cream 1% W/W,Nan,nan,15 g,₹30.0 (15 g),Jan Aushadhi,Ivermectin Cream 1% w/w,nan,nan,nan,30.0
Ivermectin Dispersible Tablets 12 Mg,Nan,nan,10's,₹23.1 (10's),Jan Aushadhi,Ivermectin Dispersible Tablets 12 mg,nan,nan,nan,23.1
Jan Pudina Soft Gel Capsules,Nan,nan,10's,₹16.0 (10's),Jan Aushadhi,Jan Pudina Soft Gel Capsules,nan,nan,nan,16.0
Janaushadhi Antiseptic Bandage Spray (Cetrimide 0.10% W/W With Lidocaine 1.0% W/W Spray),Nan,nan,50ml,₹0.0 (50ml),Jan Aushadhi,Janaushadhi Antiseptic Bandage Spray (Cetrimide 0.10% w/w with Lidocaine 1.0% w/w Spray),nan,nan,nan,0.0
Janaushadhi Burn Relief Spray (Lidocaine 3% W/W And Benzethonium 0.20% W/W Spray),Nan,nan,50ml,₹0.0 (50ml),Jan Aushadhi,Janaushadhi Burn Relief Spray (Lidocaine 3% w/w and Benzethonium 0.20% w/w Spray),nan,nan,nan,0.0
Janaushadhi Energy Drink (Orange Flavour),Nan,nan,200ml Tetra Pack,₹0.0 (200ml Tetra Pack),Jan Aushadhi,Janaushadhi Energy Drink (Orange Flavour),nan,nan,nan,0.0
"Janaushadhi Footcare Cream (Urea 10% W/W, Lactic Acid 10% W/W, Propylene Glycol 10% W/W, Light Liquid Paraffin 10% W/W)",Nan,nan,50g,₹35.0 (50g),Jan Aushadhi,"Janaushadhi Footcare Cream (Urea 10% w/w, Lactic acid 10% w/w, Propylene Glycol 10% w/w, Light Liquid Paraffin 10% w/w)",nan,nan,nan,35.0
Janaushadhi Immunity Bar (10 Gm),Nan,nan,1's Bar,₹10.0 (1's Bar),Jan Aushadhi,Janaushadhi Immunity Bar (10 gm),nan,nan,nan,10.0
Janaushadhi Janani (Vanilla) 250 Gm,Nan,nan,1's Tin 250g,₹225.0 (1's Tin 250g),Jan Aushadhi,Janaushadhi Janani (Vanilla) 250 gm,nan,nan,nan,225.0
Janaushadhi Janani 250G,Nan,nan,1's Tin 250g,₹225.0 (1's Tin 250g),Jan Aushadhi,Janaushadhi Janani 250g,nan,nan,nan,225.0
"Janaushadhi Mosquito Repellent Cream (N, N-Diethyl Benzamide 12% W/W Mosquito Repellent Cream)",Nan,nan,50 gm,₹30.0 (50 gm),Jan Aushadhi,"Janaushadhi Mosquito Repellent Cream (N, N-Diethyl Benzamide 12% w/w Mosquito Repellent Cream)",nan,nan,nan,30.0
"Janaushadhi Mouth Ulcer Gel (Choline Salicylate 8.7% W/W, Lignocaine Hydrochloride 2% W/W & Benzalkonium Chloride 0.01% W/W)",Nan,nan,10g,₹15.0 (10g),Jan Aushadhi,"Janaushadhi Mouth Ulcer Gel (Choline Salicylate 8.7% w/w, Lignocaine Hydrochloride 2% w/w & Benzalkonium Chloride 0.01% w/w)",nan,nan,nan,15.0
Janaushadhi Nirmal (Nicotine Polacrilex Chewing Gum 2 Mg)),Nan,nan,1 x 9's (mono carton pack),₹42.0 (1 x 9's (mono carton pack)),Jan Aushadhi,Janaushadhi Nirmal (Nicotine Polacrilex Chewing Gum 2 mg)),nan,nan,nan,42.0
Janaushadhi Onco-Care Protein Powder,Nan,nan,500g HDPE Container,₹0.0 (500g HDPE Container),Jan Aushadhi,Janaushadhi Onco-Care Protein Powder,nan,nan,nan,0.0
"Janaushadhi Pain Relief Spray (Wintergreen Tel 20% W/W, Karpura 10% W/W, Turpentine Oil 10% W/W, Nilgiri Ka Tel 6% W/W, Pudina Ka Phool 4% W/W, Lavang Ka Tel 1% W/W, Cinnamon Oil 0.5% W/W)",Nan,nan,50ml,₹0.0 (50ml),Jan Aushadhi,"Janaushadhi Pain Relief Spray (Wintergreen Tel 20% w/w, karpura 10% w/w, turpentine Oil 10% w/w, Nilgiri ka Tel 6% w/w, Pudina ka Phool 4% w/w, Lavang ka Tel 1% w/w, Cinnamon Oil 0.5% w/w)",nan,nan,nan,0.0
"Janaushadhi Poshan (Malt Based Food With Cocoa, 1000Gm)",Nan,nan,1000g HDPE Container,₹300.0 (1000g HDPE Container),Jan Aushadhi,"Janaushadhi Poshan (Malt based food with Cocoa, 1000gm)",nan,nan,nan,300.0
"Janaushadhi Poshan (Malt Based Food With Cocoa, 30Gm)",Nan,nan,30g Sachet,₹10.0 (30g Sachet),Jan Aushadhi,"Janaushadhi Poshan (Malt based food with Cocoa, 30gm)",nan,nan,nan,10.0
"Janaushadhi Poshan (Malt Based Food With Cocoa, 500Gm)",Nan,nan,1's Screw Cap Plastic Jar,₹185.0 (1's Screw Cap Plastic Jar),Jan Aushadhi,"Janaushadhi Poshan (Malt based food with Cocoa, 500gm)",nan,nan,nan,185.0
"Janaushadhi Poshan (Malt Based Food, 1000Gm)",Nan,nan,1000g HDPE Container,₹300.0 (1000g HDPE Container),Jan Aushadhi,"Janaushadhi Poshan (Malt based food, 1000gm)",nan,nan,nan,300.0
"Janaushadhi Poshan (Malt Based Food, 500Gm)",Nan,nan,1's Screw Cap Plastic Jar,₹180.0 (1's Screw Cap Plastic Jar),Jan Aushadhi,"Janaushadhi Poshan (Malt based food, 500gm)",nan,nan,nan,180.0
Janaushadhi Protein Bar (35 Gm),Nan,nan,1's Bar,₹45.0 (1's Bar),Jan Aushadhi,Janaushadhi Protein Bar (35 gm),nan,nan,nan,45.0
Janaushadhi Protein Powder (Kesar Pista) 250 Gm,Nan,nan,1's Tin 250g,₹200.0 (1's Tin 250g),Jan Aushadhi,Janaushadhi Protein Powder (Kesar Pista) 250 gm,nan,nan,nan,200.0
Janaushadhi Protein Powder (Vanilla) 250 Gm,Nan,nan,1's Tin 250g,₹200.0 (1's Tin 250g),Jan Aushadhi,Janaushadhi Protein Powder (Vanilla) 250 gm,nan,nan,nan,200.0
Janaushadhi Protein Powder 250G,Nan,nan,1's Tin 250g,₹200.0 (1's Tin 250g),Jan Aushadhi,Janaushadhi Protein Powder 250g,nan,nan,nan,200.0
Janaushadhi Ragi Malt Based Food (1000Gm),Nan,nan,1000g HDPE Container,₹0.0 (1000g HDPE Container),Jan Aushadhi,Janaushadhi Ragi Malt based food (1000gm),nan,nan,nan,0.0
Janaushadhi Ragi Malt Based Food (500Gm),Nan,nan,500g HDPE Container,₹190.0 (500g HDPE Container),Jan Aushadhi,Janaushadhi Ragi Malt based food (500gm),nan,nan,nan,190.0
Janaushadhi Ragi Sticks (Chocolate),Nan,nan,Screw-cap plastic container,₹0.0 (Screw-cap plastic container),Jan Aushadhi,Janaushadhi Ragi Sticks (Chocolate),nan,nan,nan,0.0
Janaushadhi Urja (Glucose Powder (Orange Flavour) 100 G),Nan,nan,100 gm Tetra pack,₹30.0 (100 gm Tetra pack),Jan Aushadhi,Janaushadhi Urja (Glucose Powder (Orange Flavour) 100 g),nan,nan,nan,30.0
Janaushadhi Urja (Glucose Powder (Orange Flavour) 1Kg),Nan,nan,1kg Screw-Cap jar with scoop,₹0.0 (1kg Screw-Cap jar with scoop),Jan Aushadhi,Janaushadhi Urja (Glucose Powder (Orange Flavour) 1kg),nan,nan,nan,0.0
Janaushadhi Urja (Glucose Powder (Orange Flavour) 300 G),Nan,nan,300 g Box,₹70.0 (300 g Box),Jan Aushadhi,Janaushadhi Urja (Glucose Powder (Orange Flavour) 300 g),nan,nan,nan,70.0
Janaushadhi Urja (Glucose Powder (Orange Flavour) 500G),Nan,nan,500g Screw-Cap jar with scoop,₹0.0 (500g Screw-Cap jar with scoop),Jan Aushadhi,Janaushadhi Urja (Glucose Powder (Orange Flavour) 500g),nan,nan,nan,0.0
Janaushadhi Urja (Glucose Powder 1Kg),Nan,nan,1kg Screw-Cap jar with scoop,₹0.0 (1kg Screw-Cap jar with scoop),Jan Aushadhi,Janaushadhi Urja (Glucose Powder 1kg),nan,nan,nan,0.0
Janaushadhi Urja (Glucose Powder 500G),Nan,nan,500g Screw-Cap jar with scoop,₹0.0 (500g Screw-Cap jar with scoop),Jan Aushadhi,Janaushadhi Urja (Glucose Powder 500g),nan,nan,nan,0.0
Janaushadhi Women Protein (Chocolate) 250G,Nan,nan,250g Jar,₹230.0 (250g Jar),Jan Aushadhi,Janaushadhi Women Protein (Chocolate) 250g,nan,nan,nan,230.0
Janaushadhi Women Protein (Vanilla) 250 Gm,Nan,nan,250g Jar,₹230.0 (250g Jar),Jan Aushadhi,Janaushadhi Women Protein (Vanilla) 250 gm,nan,nan,nan,230.0
Janushadhi Madhurak (Stevia Natural Sweetener (Liquid)),Nan,nan,30ml Drops in Mono Carton,₹100.0 (30ml Drops in Mono Carton),Jan Aushadhi,Janushadhi Madhurak (Stevia Natural Sweetener (Liquid)),nan,nan,nan,100.0
Janushadhi Madhurak (Stevia Natural Sweetener (Tablets/Pellets)),Nan,nan,100's,₹75.0 (100's),Jan Aushadhi,Janushadhi Madhurak (Stevia Natural Sweetener (Tablets/Pellets)),nan,nan,nan,75.0
Janushadhi Madhurak (Stevia Natural Sweetener),Nan,nan,100 gm Plastic Jar,₹140.0 (100 gm Plastic Jar),Jan Aushadhi,Janushadhi Madhurak (Stevia Natural Sweetener),nan,nan,nan,140.0
Ketoconazole 2% W/V And Zinc Pyrithione 1% W/V Shampoo,Nan,nan,100ml,₹80.0 (100ml),Jan Aushadhi,Ketoconazole 2% w/v and Zinc Pyrithione 1% w/v Shampoo,nan,nan,nan,80.0
Ketoconazole Cream 2% W/W,Nan,nan,15 gm Tube,₹19.8 (15 gm Tube),Jan Aushadhi,Ketoconazole Cream 2% w/w,nan,nan,nan,19.8
Ketoconazole Dusting Powder 2% W/W,Nan,nan,30g,₹28.0 (30g),Jan Aushadhi,Ketoconazole Dusting Powder 2% w/w,nan,nan,nan,28.0
Ketoconazole Lotion 2% W/V,Nan,nan,100 ml Bottle,₹55.0 (100 ml Bottle),Jan Aushadhi,Ketoconazole Lotion 2% w/v,nan,nan,nan,55.0
Ketoconazole Shampoo 2 % W/V (30Ml Pouch),Nan,nan,30ml Pouch,₹20.0 (30ml Pouch),Jan Aushadhi,Ketoconazole Shampoo 2 % w/v (30ml Pouch),nan,nan,nan,20.0
Ketoconazole Shampoo 2% W/V,Nan,nan,100 ml Bottle,₹62.0 (100 ml Bottle),Jan Aushadhi,Ketoconazole Shampoo 2% W/V,nan,nan,nan,62.0
Ketoconazole Soap 2%,Nan,nan,75 gm Pack,₹49.5 (75 gm Pack),Jan Aushadhi,Ketoconazole Soap 2%,nan,nan,nan,49.5
Ketoconazole Tablets IP 200 Mg,Nan,nan,10's,₹28.0 (10's),Jan Aushadhi,Ketoconazole Tablets IP 200 mg,nan,nan,nan,28.0
Ketoprofen 2.5% Gel,Nan,nan,30g in Mono-carton,₹0.0 (30g in Mono-carton),Jan Aushadhi,Ketoprofen 2.5% Gel,nan,nan,nan,0.0
Ketoprofen 30 Mg Patch,Nan,nan,7's pack,₹0.0 (7's pack),Jan Aushadhi,Ketoprofen 30 Mg Patch,nan,nan,nan,0.0
Ketorolac (0.5% W/V) And Moxifloxacin (0.5% W/V) Eye Drops,Toradol,Roche,5ml Drop bottle in Mono Carton,₹20.0 (5ml Drop bottle in Mono Carton),Jan Aushadhi,Ketorolac (0.5% W/V) and Moxifloxacin (0.5% W/V) Eye Drops,Ketorolac 10 mg,✅ Yes,"Short-term pain relief (post-surgery, injury)",20.0
Ketorolac Injection IP 30Mg Per Ml,Toradol,Roche,1 ml,₹12.0 (1 ml),Jan Aushadhi,Ketorolac Injection IP 30mg per ml,Ketorolac 10 mg,✅ Yes,"Short-term pain relief (post-surgery, injury)",12.0
Ketorolac Tromethamine Dispersible Tablet 10 Mg,Toradol,Roche,10's,₹10.0 (10's),Jan Aushadhi,Ketorolac Tromethamine Dispersible Tablet 10 mg,Ketorolac 10 mg,✅ Yes,"Short-term pain relief (post-surgery, injury)",10.0
Ketorolac Tromethamine Ophthalmic Solution 0.4% W/V,Toradol,Roche,5ml Drops,₹0.0 (5ml Drops),Jan Aushadhi,Ketorolac Tromethamine Ophthalmic Solution 0.4% w/v,Ketorolac 10 mg,✅ Yes,"Short-term pain relief (post-surgery, injury)",0.0
Ketorolac Tromethamine Tablets IP 10Mg,Toradol,Roche,10's,₹10.0 (10's),Jan Aushadhi,Ketorolac Tromethamine Tablets IP 10mg,Ketorolac 10 mg,✅ Yes,"Short-term pain relief (post-surgery, injury)",10.0
L- Ornithine L-Aspartate Infusion 5Gm Per 10Ml,Nan,nan,10 ml,₹100.0 (10 ml),Jan Aushadhi,L- Ornithine L-Aspartate Infusion 5gm per 10ml,nan,nan,nan,100.0
L-Arginine 3G And Proanthocyanidin 75 Mg Granules (Sugar Free),Nan,nan,6.5g Sachet,₹25.0 (6.5g Sachet),Jan Aushadhi,L-Arginine 3g and Proanthocyanidin 75 mg Granules (Sugar Free),nan,nan,nan,25.0
L-Arginine Granules 3G,Nan,nan,5 gm,₹16.0 (5 gm),Jan Aushadhi,L-Arginine Granules 3g,nan,nan,nan,16.0
"L-Carnitine 340Mg, Ubidecarenone 50Mg, Zinc 5Mg, Lycopene 2.5Mg And Astaxanthin 8Mg Tablets",Nan,nan,10's,₹0.0 (10's),Jan Aushadhi,"L-carnitine 340mg, Ubidecarenone 50mg, Zinc 5mg, Lycopene 2.5mg and Astaxanthin 8mg Tablets",nan,nan,nan,0.0
"L-Carnitine-L-Tartrate 1000Mg, Co-Enzyme Q10 60Mg, Zinc Oxide (As Elemental Zinc) 12.5Mg, Lycopene 2500Mcg Tablets",Nan,nan,10's,₹207.0 (10's),Jan Aushadhi,"L-Carnitine-L-Tartrate 1000Mg, Co-Enzyme Q10 60Mg, Zinc Oxide (As Elemental Zinc) 12.5Mg, Lycopene 2500Mcg Tablets",nan,nan,nan,207.0
"L-Lysine + Multivitamins (Vit-B1,B2,B3,B5,B6 ) Syrup",Nan,nan,200 ML,₹52.0 (200 ML),Jan Aushadhi,"L-Lysine + Multivitamins (Vit-B1,B2,B3,B5,B6 ) Syrup",nan,nan,nan,52.0
"L-Methylfoate Calcium 0.5Mg, Vit K2 10Mcg, Vit D 400 IU, Methylcobalamin 1500Mcg, Pyridoxal-5-Phosphate 1.5Mg, Lycopene 5000Mcg, Calcium Citrate Malate 250Mg Tablets",Nan,nan,10's,₹0.0 (10's),Jan Aushadhi,"L-Methylfoate Calcium 0.5mg, Vit K2 10mcg, Vit D 400 IU, Methylcobalamin 1500mcg, Pyridoxal-5-Phosphate 1.5mg, Lycopene 5000mcg, Calcium Citrate Malate 250mg Tablets",nan,nan,nan,0.0
"L-Methylfolate 1Mg, Pyridoxal-5 Phosphate 0.5Mg & Methylcobalamin 1500Mcg Tablets",Nan,nan,10's,₹40.0 (10's),Jan Aushadhi,"L-Methylfolate 1mg, Pyridoxal-5 Phosphate 0.5mg & Methylcobalamin 1500mcg Tablets",nan,nan,nan,40.0
"L-Methylfolate Calcium 2.8Mg, Pyridoxal-5-Phosphate 25Mg And Mecobalamin 2Mg Tablets",Nan,nan,10's,₹60.0 (10's),Jan Aushadhi,"L-Methylfolate Calcium 2.8mg, Pyridoxal-5-Phosphate 25mg and Mecobalamin 2mg Tablets",nan,nan,nan,60.0
L-Methylfolate Calcium 7.5Mg Tablet,Nan,nan,10's,₹59.0 (10's),Jan Aushadhi,L-Methylfolate calcium 7.5mg Tablet,nan,nan,nan,59.0
L-Ornithine L-Aspartate 150Mg And Pancreatin 100Mg Tablets,Nan,nan,10's,₹20.0 (10's),Jan Aushadhi,L-Ornithine L-Aspartate 150mg and Pancreatin 100mg Tablets,nan,nan,nan,20.0
Labetalol Hydrochloride Tablets IP 100Mg,Nan,nan,10's,₹45.0 (10's),Jan Aushadhi,Labetalol Hydrochloride Tablets IP 100mg,nan,nan,nan,45.0
Labetalol IP 200Mg Tablets,Nan,nan,10's,₹60.0 (10's),Jan Aushadhi,Labetalol IP 200mg Tablets,nan,nan,nan,60.0
Labetalol Injection IP 5 Mg Per Ml,Nan,nan,4 ml Ampoule,₹59.0 (4 ml Ampoule),Jan Aushadhi,Labetalol Injection IP 5 mg per ml,nan,nan,nan,59.0
Lacosamide Tablets 100Mg,Nan,nan,10's,₹56.0 (10's),Jan Aushadhi,Lacosamide Tablets 100mg,nan,nan,nan,56.0
Lactic Acid 1.2% W/V Intimate Hygiene Wash,Nan,nan,90ml in Mono Carton,₹50.0 (90ml in Mono Carton),Jan Aushadhi,Lactic Acid 1.2% W/V Intimate Hygiene Wash,nan,nan,nan,50.0
Lactic Acid Bacillus Tablets 60 Million Spores,Nan,nan,10's,₹7.7 (10's),Jan Aushadhi,Lactic Acid Bacillus Tablets 60 Million spores,nan,nan,nan,7.7
Lactitol 10 Gm And Ispaghula 3.5 Gm Granules,Nan,nan,180 gm,₹200.0 (180 gm),Jan Aushadhi,Lactitol 10 gm and Ispaghula 3.5 gm Granules,nan,nan,nan,200.0
Lactulose Solution IP 10G Per 15Ml,Nan,nan,100 ml,₹57.0 (100 ml),Jan Aushadhi,Lactulose Solution IP 10g per 15ml,nan,nan,nan,57.0
Lamivudine 100 Mg Tablets,Nan,nan,10's,₹0.0 (10's),Jan Aushadhi,Lamivudine 100 Mg Tablets,nan,nan,nan,0.0
Lamotrigine Dispersible Tablets IP 100Mg,Nan,nan,10's,₹40.0 (10's),Jan Aushadhi,Lamotrigine Dispersible Tablets IP 100mg,nan,nan,nan,40.0
Lamotrigine Dispersible Tablets IP 25Mg,Nan,nan,10's,₹15.0 (10's),Jan Aushadhi,Lamotrigine Dispersible Tablets IP 25mg,nan,nan,nan,15.0
Lamotrigine Dispersible Tablets IP 50Mg,Nan,nan,10's,₹20.0 (10's),Jan Aushadhi,Lamotrigine Dispersible Tablets IP 50mg,nan,nan,nan,20.0
Lamotrigine Tablets 100Mg,Nan,nan,10's,₹44.0 (10's),Jan Aushadhi,Lamotrigine Tablets 100mg,nan,nan,nan,44.0
Lansoprazole Capsules IP 15 Mg,Nan,nan,10's,₹20.0 (10's),Jan Aushadhi,Lansoprazole Capsules IP 15 mg,nan,nan,nan,20.0
Lapatinib Tablets IP 250Mg,Nan,nan,30's Bottle,₹2710.0 (30's Bottle),Jan Aushadhi,Lapatinib Tablets IP 250mg,nan,nan,nan,2710.0
Latanoprost 50Mcg And Timolol Maleate 5Mg Opthalmic Solution,Nan,nan,2.5ml in Mono-carton,₹0.0 (2.5ml in Mono-carton),Jan Aushadhi,Latanoprost 50mcg and Timolol Maleate 5mg Opthalmic solution,nan,nan,nan,0.0
Latanoprost Eye Drops IP 0.005% W/V (50Mcg Per Ml),Nan,nan,3ml Drop,₹200.0 (3ml Drop),Jan Aushadhi,Latanoprost Eye Drops IP 0.005% w/v (50mcg per ml),nan,nan,nan,200.0
Lecithin Capsules 1000Mg,Nan,nan,10's,₹60.0 (10's),Jan Aushadhi,Lecithin Capsules 1000mg,nan,nan,nan,60.0
Leflunomide 10Mg Tablets,Nan,nan,10's,₹35.0 (10's),Jan Aushadhi,Leflunomide 10mg Tablets,nan,nan,nan,35.0
Leflunomide Tablets IP 20Mg,Nan,nan,10's,₹74.0 (10's),Jan Aushadhi,Leflunomide Tablets IP 20mg,nan,nan,nan,74.0
Lenalidomide Capsules 10Mg,Nan,nan,10's,₹464.0 (10's),Jan Aushadhi,Lenalidomide Capsules 10mg,nan,nan,nan,464.0
Lenalidomide Capsules 25Mg,Nan,nan,30's in PET bottle in Mono Carton,₹1480.0 (30's in PET bottle in Mono Carton),Jan Aushadhi,Lenalidomide Capsules 25mg,nan,nan,nan,1480.0
Lenalidomide Capsules 5Mg,Nan,nan,30's in PET bottle in Mono Carton,₹380.0 (30's in PET bottle in Mono Carton),Jan Aushadhi,Lenalidomide Capsules 5mg,nan,nan,nan,380.0
Lenvatinib Capsules IP 4Mg,Nan,nan,10's bottle,₹0.0 (10's bottle),Jan Aushadhi,Lenvatinib Capsules IP 4Mg,nan,nan,nan,0.0
Letrozole Tablets IP 2.5Mg,Nan,nan,10's,₹34.0 (10's),Jan Aushadhi,Letrozole Tablets IP 2.5mg,nan,nan,nan,34.0
Leucovorin Calcium Tablets IP 15Mg,Nan,nan,10's,₹0.0 (10's),Jan Aushadhi,Leucovorin Calcium Tablets IP 15mg,nan,nan,nan,0.0
Leuprolide Acetate Injections 3.75Mg,Nan,nan,1's,₹1800.0 (1's),Jan Aushadhi,Leuprolide Acetate Injections 3.75mg,nan,nan,nan,1800.0
Levetiracetam (100Mg) Injection,Nan,nan,5.0 ml in 1 vial,₹0.0 (5.0 ml in 1 vial),Jan Aushadhi,Levetiracetam (100Mg) Injection,nan,nan,nan,0.0
Levetiracetam 500 Mg Injection,Nan,nan,5.0 ml in 1 vial,₹0.0 (5.0 ml in 1 vial),Jan Aushadhi,Levetiracetam 500 Mg Injection,nan,nan,nan,0.0
Levetiracetam Oral Solution IP 100Mg,Nan,nan,100 ml,₹85.0 (100 ml),Jan Aushadhi,Levetiracetam Oral Solution IP 100mg,nan,nan,nan,85.0
Levetiracetam Prolonged Release Tablets IP 1000Mg,Nan,nan,10's,₹125.0 (10's),Jan Aushadhi,Levetiracetam Prolonged Release Tablets IP 1000mg,nan,nan,nan,125.0
Levetiracetam Tablets IP 1000 Mg,Nan,nan,10's,₹120.0 (10's),Jan Aushadhi,Levetiracetam Tablets IP 1000 mg,nan,nan,nan,120.0
Levetiracetam Tablets IP 250 Mg,Nan,nan,10's,₹30.0 (10's),Jan Aushadhi,Levetiracetam Tablets IP 250 mg,nan,nan,nan,30.0
Levetiracetam Tablets IP 500 Mg,Nan,nan,10's,₹68.2 (10's),Jan Aushadhi,Levetiracetam Tablets IP 500 mg,nan,nan,nan,68.2
Levetiracetam Tablets IP 500 Mg XR,Nan,nan,10's,₹0.0 (10's),Jan Aushadhi,Levetiracetam Tablets IP 500 Mg XR,nan,nan,nan,0.0
Levetiracetam Tablets IP 750 Mg,Nan,nan,10's,₹90.0 (10's),Jan Aushadhi,Levetiracetam Tablets IP 750 mg,nan,nan,nan,90.0
Levo-Thyroxine Sodium Tablets IP 100 Mcg,Nan,nan,100's,₹64.0 (100's),Jan Aushadhi,Levo-Thyroxine Sodium Tablets IP 100 mcg,nan,nan,nan,64.0
Levocarnitine Injections 1Gm,Nan,nan,5 ml,₹70.0 (5 ml),Jan Aushadhi,Levocarnitine Injections 1gm,nan,nan,nan,70.0
Levocarnitine Tablets 500Mg,Nan,nan,10's,₹56.0 (10's),Jan Aushadhi,Levocarnitine Tablets 500mg,nan,nan,nan,56.0
"Levocetirizine Dihydrochloride 5Mg, Montelukast 10Mg And Ambroxol Hydrochloride (SR) 75Mg Tablets",Cetzine,GSK,10's,₹35.0 (10's),Jan Aushadhi,"Levocetirizine Dihydrochloride 5mg, Montelukast 10mg and Ambroxol Hydrochloride (SR) 75mg Tablets",Cetirizine 10 mg,✅ Yes,Allergy relief,35.0
"Levocetirizine Dihydrochloride 5Mg, Montelukast 10Mg And Ambroxol Hydrochloride (SR) 75Mg Tablets",Cetzine-L,Cipla,10's,₹35.0 (10's),Jan Aushadhi,"Levocetirizine Dihydrochloride 5mg, Montelukast 10mg and Ambroxol Hydrochloride (SR) 75mg Tablets",Levocetirizine 5 mg,✅ Yes,"Allergy, hay fever, hives",35.0
"Levocetirizine Dihydrochloride 5Mg, Montelukast 10Mg And Ambroxol Hydrochloride (SR) 75Mg Tablets",Okacet,Cipla,10's,₹35.0 (10's),Jan Aushadhi,"Levocetirizine Dihydrochloride 5mg, Montelukast 10mg and Ambroxol Hydrochloride (SR) 75mg Tablets",Cetirizine 10 mg,✅ Yes,Allergy relief,35.0
"Levocetirizine Dihydrochloride 5Mg, Montelukast 10Mg And Ambroxol Hydrochloride (SR) 75Mg Tablets",Xyzal,UCB,10's,₹35.0 (10's),Jan Aushadhi,"Levocetirizine Dihydrochloride 5mg, Montelukast 10mg and Ambroxol Hydrochloride (SR) 75mg Tablets",Levocetirizine 5 mg,✅ Yes,"Allergy, hay fever, hives",35.0
Levocetirizine Dihydrochloride Tablets IP 10Mg,Cetzine,GSK,15's,₹14.0 (15's),Jan Aushadhi,Levocetirizine Dihydrochloride Tablets IP 10mg,Cetirizine 10 mg,✅ Yes,Allergy relief,14.0
Levocetirizine Dihydrochloride Tablets IP 10Mg,Cetzine-L,Cipla,15's,₹14.0 (15's),Jan Aushadhi,Levocetirizine Dihydrochloride Tablets IP 10mg,Levocetirizine 5 mg,✅ Yes,"Allergy, hay fever, hives",14.0
Levocetirizine Dihydrochloride Tablets IP 10Mg,Okacet,Cipla,15's,₹14.0 (15's),Jan Aushadhi,Levocetirizine Dihydrochloride Tablets IP 10mg,Cetirizine 10 mg,✅ Yes,Allergy relief,14.0
Levocetirizine Dihydrochloride Tablets IP 10Mg,Xyzal,UCB,15's,₹14.0 (15's),Jan Aushadhi,Levocetirizine Dihydrochloride Tablets IP 10mg,Levocetirizine 5 mg,✅ Yes,"Allergy, hay fever, hives",14.0
Levocetirizine Orally Disintegrating Strips 2.5 Mg,Cetzine,GSK,10's in mono-carton,₹0.0 (10's in mono-carton),Jan Aushadhi,Levocetirizine Orally Disintegrating Strips 2.5 mg,Cetirizine 10 mg,✅ Yes,Allergy relief,0.0
Levocetirizine Orally Disintegrating Strips 2.5 Mg,Cetzine-L,Cipla,10's in mono-carton,₹0.0 (10's in mono-carton),Jan Aushadhi,Levocetirizine Orally Disintegrating Strips 2.5 mg,Levocetirizine 5 mg,✅ Yes,"Allergy, hay fever, hives",0.0
Levocetirizine Orally Disintegrating Strips 2.5 Mg,Okacet,Cipla,10's in mono-carton,₹0.0 (10's in mono-carton),Jan Aushadhi,Levocetirizine Orally Disintegrating Strips 2.5 mg,Cetirizine 10 mg,✅ Yes,Allergy relief,0.0
Levocetirizine Orally Disintegrating Strips 2.5 Mg,Xyzal,UCB,10's in mono-carton,₹0.0 (10's in mono-carton),Jan Aushadhi,Levocetirizine Orally Disintegrating Strips 2.5 mg,Levocetirizine 5 mg,✅ Yes,"Allergy, hay fever, hives",0.0
Levocetirizine Orally Disintegrating Strips 5 Mg,Cetzine,GSK,10's in mono-carton,₹75.0 (10's in mono-carton),Jan Aushadhi,Levocetirizine Orally Disintegrating Strips 5 mg,Cetirizine 10 mg,✅ Yes,Allergy relief,75.0
Levocetirizine Orally Disintegrating Strips 5 Mg,Cetzine-L,Cipla,10's in mono-carton,₹75.0 (10's in mono-carton),Jan Aushadhi,Levocetirizine Orally Disintegrating Strips 5 mg,Levocetirizine 5 mg,✅ Yes,"Allergy, hay fever, hives",75.0
Levocetirizine Orally Disintegrating Strips 5 Mg,Okacet,Cipla,10's in mono-carton,₹75.0 (10's in mono-carton),Jan Aushadhi,Levocetirizine Orally Disintegrating Strips 5 mg,Cetirizine 10 mg,✅ Yes,Allergy relief,75.0
Levocetirizine Orally Disintegrating Strips 5 Mg,Xyzal,UCB,10's in mono-carton,₹75.0 (10's in mono-carton),Jan Aushadhi,Levocetirizine Orally Disintegrating Strips 5 mg,Levocetirizine 5 mg,✅ Yes,"Allergy, hay fever, hives",75.0
Levocetrizine Tablets IP 5 Mg,Nan,nan,10's,₹7.7 (10's),Jan Aushadhi,Levocetrizine Tablets IP 5 mg,nan,nan,nan,7.7
Levocloperastine 20Mg And Chlorpheniramine Maleate 4Mg Per 5Ml Oral Suspension.,Nan,nan,100ml with measuring cap in Mono-carton,₹65.0 (100ml with measuring cap in Mono-carton),Jan Aushadhi,Levocloperastine 20mg and Chlorpheniramine Maleate 4mg per 5ml Oral suspension.,nan,nan,nan,65.0
Levocloperastine Oral Suspension 20Mg Per 5Ml,Nan,nan,100ml,₹60.0 (100ml),Jan Aushadhi,Levocloperastine Oral Suspension 20mg per 5ml,nan,nan,nan,60.0
"Levodopa 100Mg , Carbidopa 25Mg And Entacapone 200Mg Tablets IP",Nan,nan,10's,₹0.0 (10's),Jan Aushadhi,"Levodopa 100mg , Carbidopa 25mg and Entacapone 200mg Tablets IP",nan,nan,nan,0.0
Levodopa 100Mg And Carbidopa 25Mg Tablets IP,Nan,nan,10's,₹0.0 (10's),Jan Aushadhi,Levodopa 100mg and Carbidopa 25mg Tablets IP,nan,nan,nan,0.0
"Levodopa 150Mg , Carbidopa 37.5Mg And Entacapone 200Mg Tablets IP",Nan,nan,10's,₹0.0 (10's),Jan Aushadhi,"Levodopa 150mg , Carbidopa 37.5mg and Entacapone 200mg Tablets IP",nan,nan,nan,0.0
Levodopa 200Mg And Carbidopa 50Mg Prolonged Release Tablets IP,Nan,nan,10's,₹0.0 (10's),Jan Aushadhi,Levodopa 200mg and Carbidopa 50mg Prolonged Release Tablets IP,nan,nan,nan,0.0
"Levodopa 50Mg, Carbidopa 12.5Mg And Entacapone 200Mg Tablets IP",Nan,nan,10's,₹0.0 (10's),Jan Aushadhi,"Levodopa 50mg, Carbidopa 12.5mg and Entacapone 200mg Tablets IP",nan,nan,nan,0.0
Levodropropizine 30Mg And Chlorpheniramine Maleate 2Mg Syrup,Nan,nan,120 ml,₹41.0 (120 ml),Jan Aushadhi,Levodropropizine 30mg and Chlorpheniramine Maleate 2mg Syrup,nan,nan,nan,41.0
Levofloxacin Eye Drops 0.5 % W/V,Levoflox,Cipla,5ml Drops,₹25.0 (5ml Drops),Jan Aushadhi,Levofloxacin Eye Drops 0.5 % w/v,Levofloxacin 500 mg,✅ Yes,"Bacterial infections (respiratory, urinary, skin)",25.0
Levofloxacin Eye Drops 0.5 % W/V,Tavanic,Sanofi,5ml Drops,₹25.0 (5ml Drops),Jan Aushadhi,Levofloxacin Eye Drops 0.5 % w/v,Levofloxacin 500 mg,✅ Yes,"Bacterial infections (respiratory, urinary, skin)",25.0
Levofloxacin Infusion IP 500 Mg Per 100 Ml,Levoflox,Cipla,100 ML,₹36.0 (100 ML),Jan Aushadhi,Levofloxacin Infusion IP 500 mg per 100 ml,Levofloxacin 500 mg,✅ Yes,"Bacterial infections (respiratory, urinary, skin)",36.0
Levofloxacin Infusion IP 500 Mg Per 100 Ml,Tavanic,Sanofi,100 ML,₹36.0 (100 ML),Jan Aushadhi,Levofloxacin Infusion IP 500 mg per 100 ml,Levofloxacin 500 mg,✅ Yes,"Bacterial infections (respiratory, urinary, skin)",36.0
Levofloxacin Tablets IP 250Mg,Levoflox,Cipla,10's,₹18.0 (10's),Jan Aushadhi,Levofloxacin Tablets IP 250mg,Levofloxacin 500 mg,✅ Yes,"Bacterial infections (respiratory, urinary, skin)",18.0
Levofloxacin Tablets IP 250Mg,Tavanic,Sanofi,10's,₹18.0 (10's),Jan Aushadhi,Levofloxacin Tablets IP 250mg,Levofloxacin 500 mg,✅ Yes,"Bacterial infections (respiratory, urinary, skin)",18.0
Levofloxacin Tablets IP 500Mg,Levoflox,Cipla,10's,₹33.0 (10's),Jan Aushadhi,Levofloxacin Tablets IP 500mg,Levofloxacin 500 mg,✅ Yes,"Bacterial infections (respiratory, urinary, skin)",33.0
Levofloxacin Tablets IP 500Mg,Tavanic,Sanofi,10's,₹33.0 (10's),Jan Aushadhi,Levofloxacin Tablets IP 500mg,Levofloxacin 500 mg,✅ Yes,"Bacterial infections (respiratory, urinary, skin)",33.0
Levonorgestrel Tablet IP 1.5 Mg,Nan,nan,1's in Monopack,₹20.0 (1's in Monopack),Jan Aushadhi,Levonorgestrel Tablet IP 1.5 mg,nan,nan,nan,20.0
Levosalbutamol 1.25Mg And Budesonide 0.5Mg Respules,Nan,nan,2ml respules,₹27.0 (2ml respules),Jan Aushadhi,Levosalbutamol 1.25mg and Budesonide 0.5mg respules,nan,nan,nan,27.0
Levosalbutamol 1.25Mg And Budesonide 1Mg Respules,Nan,nan,2 ML,₹27.5 (2 ML),Jan Aushadhi,Levosalbutamol 1.25mg and Budesonide 1mg Respules,nan,nan,nan,27.5
Levosalbutamol 1.25Mg And Ipratropium 500Mcg Respules,Nan,nan,3 ml,₹9.0 (3 ml),Jan Aushadhi,Levosalbutamol 1.25mg and Ipratropium 500mcg Respules,nan,nan,nan,9.0
Levosalbutamol 100Mcg And Beclomethasone 100Mcg Rotacaps,Nan,nan,60 s in container,₹62.0 (60 s in container),Jan Aushadhi,Levosalbutamol 100mcg and Beclomethasone 100mcg Rotacaps,nan,nan,nan,62.0
Levosalbutamol 100Mcg And Beclomethasone 200Mcg Rotacaps,Nan,nan,30's,₹57.2 (30's),Jan Aushadhi,Levosalbutamol 100mcg and Beclomethasone 200mcg Rotacaps,nan,nan,nan,57.2
Levosalbutamol 100Mcg And Beclomethasone 50Mcg Rotacaps,Nan,nan,200 MDI,₹0.0 (200 MDI),Jan Aushadhi,Levosalbutamol 100mcg and Beclomethasone 50mcg Rotacaps,nan,nan,nan,0.0
Levosalbutamol 100Mcg And Ipratropium 40Mcg Rotacap,Nan,nan,60 s in container,₹75.0 (60 s in container),Jan Aushadhi,Levosalbutamol 100mcg and Ipratropium 40mcg Rotacap,nan,nan,nan,75.0
Levosalbutamol 50Mcg And Beclomethasone 50Mcg Inhaler,Nan,nan,200 MDI,₹145.0 (200 MDI),Jan Aushadhi,Levosalbutamol 50mcg and Beclomethasone 50mcg Inhaler,nan,nan,nan,145.0
Levosalbutamol Inhaler 50Mcg,Nan,nan,200 Mdi,₹83.0 (200 Mdi),Jan Aushadhi,Levosalbutamol Inhaler 50mcg,nan,nan,nan,83.0
Levosalbutamol Respules 0.63Mg Per 2.5Ml,Nan,nan,2.5 ml,₹5.7 (2.5 ml),Jan Aushadhi,Levosalbutamol Respules 0.63mg per 2.5ml,nan,nan,nan,5.7
Levosalbutamol Syrup 1Mg Per 5Ml,Nan,nan,100 ML,₹13.2 (100 ML),Jan Aushadhi,Levosalbutamol Syrup 1mg per 5ml,nan,nan,nan,13.2
Levosulpiride Tablets 25Mg,Nan,nan,10's,₹11.0 (10's),Jan Aushadhi,Levosulpiride Tablets 25mg,nan,nan,nan,11.0
Levosulpiride Tablets 50 Mg,Nan,nan,10's,₹22.0 (10's),Jan Aushadhi,Levosulpiride Tablets 50 mg,nan,nan,nan,22.0
Levosulpiride Tablets 75 Mg,Nan,nan,10's,₹33.0 (10's),Jan Aushadhi,Levosulpiride Tablets 75 mg,nan,nan,nan,33.0
"Lidocaine (3% W/W), Calcium Dobesilate (0.25% W/W), Hydrocortisone (0.25% W/W), Phenylephrine (0.1% W/W), Zinc Oxide (5% W/W), Troxerutin (2% W/W) Cream",Nan,nan,30gm Lami Tube,₹0.0 (30gm Lami Tube),Jan Aushadhi,"Lidocaine (3% W/W), Calcium Dobesilate (0.25% W/W), Hydrocortisone (0.25% W/W), Phenylephrine (0.1% W/W), Zinc Oxide (5% W/W), Troxerutin (2% W/W) Cream",nan,nan,nan,0.0
Lignocaine (Lidocaine) Hydrochloride 1.5% W/W And Nifedipine 0.3% W/W Cream,Nan,nan,30g,₹80.0 (30g),Jan Aushadhi,Lignocaine (Lidocaine) Hydrochloride 1.5% w/w and Nifedipine 0.3% w/w Cream,nan,nan,nan,80.0
Lignocaine (Lidocaine) Hydrochloride 2.5% W/W And Prilocaine 2.5% W/W Gel,Nan,nan,30g,₹0.0 (30g),Jan Aushadhi,Lignocaine (Lidocaine) Hydrochloride 2.5% w/w and Prilocaine 2.5% w/w Gel,nan,nan,nan,0.0
Lignocaine (Lidocaine) Hydrochloride Gel IP 2% W/V,Nan,nan,20g,₹11.0 (20g),Jan Aushadhi,Lignocaine (Lidocaine) Hydrochloride Gel IP 2% W/V,nan,nan,nan,11.0
"Lignocaine 4% W/W, Metronidazole 1% W/W And Sucralfate 7% W/W Cream",Nan,nan,20g,₹35.0 (20g),Jan Aushadhi,"Lignocaine 4% w/w, Metronidazole 1% w/w and Sucralfate 7% w/w Cream",nan,nan,nan,35.0
Lignocaine And Adrenaline Injection IP (2%W/V And 1:80000),Nan,nan,30 ml Vial,₹22.0 (30 ml Vial),Jan Aushadhi,Lignocaine and Adrenaline Injection IP (2%w/v and 1:80000),nan,nan,nan,22.0
Lignocaine Hydrochloride Injection IP (20Ml),Nan,nan,30 ml Vial,₹17.47 (30 ml Vial),Jan Aushadhi,Lignocaine Hydrochloride Injection IP (20ml),nan,nan,nan,17.47
Lignocaine Injection IP 2% W/V,Nan,nan,30 ml Vial,₹17.0 (30 ml Vial),Jan Aushadhi,Lignocaine Injection IP 2% w/v,nan,nan,nan,17.0
Linagliptin 2.5Mg And Dapagliflozin 10Mg Tablets,Nan,nan,10's,₹0.0 (10's),Jan Aushadhi,Linagliptin 2.5mg and Dapagliflozin 10mg Tablets,nan,nan,nan,0.0
Linagliptin 2.5Mg And Dapagliflozin 5Mg Tablets,Nan,nan,10's,₹0.0 (10's),Jan Aushadhi,Linagliptin 2.5mg and Dapagliflozin 5mg Tablets,nan,nan,nan,0.0
Linagliptin 2.5Mg And Metformin 1000Mg Tablets,Gluformin,Abbott,10's,₹39.0 (10's),Jan Aushadhi,Linagliptin 2.5mg and Metformin 1000mg Tablets,Metformin 500 mg,✅ Yes,Type 2 diabetes (first-line therapy),39.0
Linagliptin 2.5Mg And Metformin 1000Mg Tablets,Glycomet,USV,10's,₹39.0 (10's),Jan Aushadhi,Linagliptin 2.5mg and Metformin 1000mg Tablets,Metformin 500 mg,✅ Yes,Type 2 diabetes (first-line therapy),39.0
Linagliptin 2.5Mg And Metformin 500Mg Tablets,Gluformin,Abbott,10's,₹35.0 (10's),Jan Aushadhi,Linagliptin 2.5mg and Metformin 500mg Tablets,Metformin 500 mg,✅ Yes,Type 2 diabetes (first-line therapy),35.0
Linagliptin 2.5Mg And Metformin 500Mg Tablets,Glycomet,USV,10's,₹35.0 (10's),Jan Aushadhi,Linagliptin 2.5mg and Metformin 500mg Tablets,Metformin 500 mg,✅ Yes,Type 2 diabetes (first-line therapy),35.0
Linagliptin 2.5Mg And Metformin 850Mg Tablets,Gluformin,Abbott,10's,₹36.0 (10's),Jan Aushadhi,Linagliptin 2.5mg and Metformin 850mg Tablets,Metformin 500 mg,✅ Yes,Type 2 diabetes (first-line therapy),36.0
Linagliptin 2.5Mg And Metformin 850Mg Tablets,Glycomet,USV,10's,₹36.0 (10's),Jan Aushadhi,Linagliptin 2.5mg and Metformin 850mg Tablets,Metformin 500 mg,✅ Yes,Type 2 diabetes (first-line therapy),36.0
Linagliptin 5Mg And Dapagliflozin 10Mg Tablets,Nan,nan,10's,₹45.0 (10's),Jan Aushadhi,Linagliptin 5mg and Dapagliflozin 10mg Tablets,nan,nan,nan,45.0
Linagliptin 5Mg And Dapagliflozin 5Mg Tablets,Nan,nan,10's,₹0.0 (10's),Jan Aushadhi,Linagliptin 5mg and Dapagliflozin 5mg Tablets,nan,nan,nan,0.0
Linagliptin 5Mg And Metformin Hydrochloride 1000Mg Tablets,Gluformin,Abbott,15's,₹70.0 (15's),Jan Aushadhi,Linagliptin 5mg and Metformin Hydrochloride 1000mg Tablets,Metformin 500 mg,✅ Yes,Type 2 diabetes (first-line therapy),70.0
Linagliptin 5Mg And Metformin Hydrochloride 1000Mg Tablets,Glycomet,USV,15's,₹70.0 (15's),Jan Aushadhi,Linagliptin 5mg and Metformin Hydrochloride 1000mg Tablets,Metformin 500 mg,✅ Yes,Type 2 diabetes (first-line therapy),70.0
Linagliptin Tablets 5Mg,Nan,nan,10's,₹38.0 (10's),Jan Aushadhi,Linagliptin Tablets 5mg,nan,nan,nan,38.0
Lincomycin 250Mg Capsules,Nan,nan,10's,₹29.0 (10's),Jan Aushadhi,Lincomycin 250mg Capsules,nan,nan,nan,29.0
Lincomycin 500Mg Capsules,Nan,nan,10's,₹46.0 (10's),Jan Aushadhi,Lincomycin 500mg Capsules,nan,nan,nan,46.0
Linezolid Infusion 600Mg Per 300Ml,Nan,nan,300 ml,₹121.0 (300 ml),Jan Aushadhi,Linezolid Infusion 600mg per 300ml,nan,nan,nan,121.0
Linezolid Tablets IP 600 Mg,Nan,nan,10's,₹165.0 (10's),Jan Aushadhi,Linezolid Tablets IP 600 mg,nan,nan,nan,165.0
Liposomal Amphotericin B Injection 50 Mg Per Vial,Nan,nan,20 ml,₹2700.0 (20 ml),Jan Aushadhi,Liposomal Amphotericin B Injection 50 mg per Vial,nan,nan,nan,2700.0
"Liquid Paraffin 1.25Ml, Milk Of Magnesia 3.75Ml And Sodium Picosulphate 3.33Mg Suspension Per 5Ml",Nan,nan,170 ml Bottle,₹57.0 (170 ml Bottle),Jan Aushadhi,"Liquid Paraffin 1.25ml, Milk of Magnesia 3.75ml and Sodium Picosulphate 3.33mg Suspension per 5ml",nan,nan,nan,57.0
Liquid Paraffin 3.75Ml And Milk Of Magnesia 11.25Ml Per 15Ml Suspension,Nan,nan,170 ml Bottle,₹37.0 (170 ml Bottle),Jan Aushadhi,Liquid Paraffin 3.75ml and Milk of Magnesia 11.25ml per 15ml Suspension,nan,nan,nan,37.0
Lisinopril Tablets IP 10Mg,Nan,nan,15's,₹23.0 (15's),Jan Aushadhi,Lisinopril Tablets IP 10mg,nan,nan,nan,23.0
Lisinopril Tablets IP 5Mg,Nan,nan,10's,₹10.0 (10's),Jan Aushadhi,Lisinopril Tablets IP 5mg,nan,nan,nan,10.0
Lithium Carbonate Prolonged Release Tablets IP 450Mg,Nan,nan,10's,₹20.0 (10's),Jan Aushadhi,Lithium Carbonate Prolonged Release Tablets IP 450mg,nan,nan,nan,20.0
Lithium Carbonate Tablets IP 300Mg,Nan,nan,10's,₹0.0 (10's),Jan Aushadhi,Lithium Carbonate Tablets IP 300mg,nan,nan,nan,0.0
Lobeglitazone Sulfate Tablets 0.5Mg,Nan,nan,10's,₹50.0 (10's),Jan Aushadhi,Lobeglitazone Sulfate Tablets 0.5mg,nan,nan,nan,50.0
Loperamide Capsules IP 2 Mg,Nan,nan,10's,₹7.7 (10's),Jan Aushadhi,Loperamide Capsules IP 2 mg,nan,nan,nan,7.7
Lopinavir And Ritonavir Tablets IP (200Mg + 50Mg),Nan,nan,60's in Bottle,₹950.0 (60's in Bottle),Jan Aushadhi,Lopinavir and Ritonavir Tablets IP (200mg + 50mg),nan,nan,nan,950.0
Loratadine Tablets IP 10Mg,Nan,nan,10's,₹10.0 (10's),Jan Aushadhi,Loratadine Tablets IP 10mg,nan,nan,nan,10.0
Lorazepam Tablets IP 1Mg,Nan,nan,10's,₹11.0 (10's),Jan Aushadhi,Lorazepam Tablets IP 1mg,nan,nan,nan,11.0
Lorazepam Tablets IP 2Mg,Nan,nan,10's,₹12.0 (10's),Jan Aushadhi,Lorazepam Tablets IP 2mg,nan,nan,nan,12.0
Lorazepam Tablets IP 3Mg,Nan,nan,10's,₹18.0 (10's),Jan Aushadhi,Lorazepam Tablets IP 3mg,nan,nan,nan,18.0
Lornoxicam 8Mg And Paracetamol 325Mg Tablets,Calpol,GSK,10's,₹25.0 (10's),Jan Aushadhi,Lornoxicam 8mg and Paracetamol 325mg Tablets,Paracetamol 500 mg,✅ Yes,"Pain relief, fever reducer",25.0
Lornoxicam 8Mg And Paracetamol 325Mg Tablets,Crocin,GSK,10's,₹25.0 (10's),Jan Aushadhi,Lornoxicam 8mg and Paracetamol 325mg Tablets,Paracetamol 500 mg,✅ Yes,"Pain relief, fever reducer",25.0
Lornoxicam 8Mg And Paracetamol 325Mg Tablets,Dolo-650,Micro Labs,10's,₹25.0 (10's),Jan Aushadhi,Lornoxicam 8mg and Paracetamol 325mg Tablets,Paracetamol 650 mg,✅ Yes,"Pain relief, fever reducer",25.0
Losartan + Chlorthalidone Tablet (25/6.25 Mg),Cozaar,Merck,10's,₹0.0 (10's),Jan Aushadhi,Losartan + Chlorthalidone Tablet (25/6.25 Mg),Losartan 50 mg,✅ Yes,"High blood pressure, heart failure, kidney protection",0.0
Losartan + Chlorthalidone Tablet (25/6.25 Mg),Losar,Torrent,10's,₹0.0 (10's),Jan Aushadhi,Losartan + Chlorthalidone Tablet (25/6.25 Mg),Losartan 50 mg,✅ Yes,"High blood pressure, heart failure, kidney protection",0.0
Losartan + S- Amlodipine Tablet (50/2.5 Mg),Amlong,Micro Labs,10's,₹0.0 (10's),Jan Aushadhi,Losartan + S- Amlodipine Tablet (50/2.5 Mg),Amlodipine 5 mg,✅ Yes,"High blood pressure, angina",0.0
Losartan + S- Amlodipine Tablet (50/2.5 Mg),Cozaar,Merck,10's,₹0.0 (10's),Jan Aushadhi,Losartan + S- Amlodipine Tablet (50/2.5 Mg),Losartan 50 mg,✅ Yes,"High blood pressure, heart failure, kidney protection",0.0
Losartan + S- Amlodipine Tablet (50/2.5 Mg),Losar,Torrent,10's,₹0.0 (10's),Jan Aushadhi,Losartan + S- Amlodipine Tablet (50/2.5 Mg),Losartan 50 mg,✅ Yes,"High blood pressure, heart failure, kidney protection",0.0
Losartan + S- Amlodipine Tablet (50/2.5 Mg),Norvasc,Pfizer,10's,₹0.0 (10's),Jan Aushadhi,Losartan + S- Amlodipine Tablet (50/2.5 Mg),Amlodipine 5 mg,✅ Yes,"High blood pressure, angina",0.0
Losartan 50Mg And Amlodipine 5Mg Tablets IP,Amlong,Micro Labs,10's,₹22.0 (10's),Jan Aushadhi,Losartan 50mg and Amlodipine 5mg Tablets IP,Amlodipine 5 mg,✅ Yes,"High blood pressure, angina",22.0
Losartan 50Mg And Amlodipine 5Mg Tablets IP,Cozaar,Merck,10's,₹22.0 (10's),Jan Aushadhi,Losartan 50mg and Amlodipine 5mg Tablets IP,Losartan 50 mg,✅ Yes,"High blood pressure, heart failure, kidney protection",22.0
Losartan 50Mg And Amlodipine 5Mg Tablets IP,Losar,Torrent,10's,₹22.0 (10's),Jan Aushadhi,Losartan 50mg and Amlodipine 5mg Tablets IP,Losartan 50 mg,✅ Yes,"High blood pressure, heart failure, kidney protection",22.0
Losartan 50Mg And Amlodipine 5Mg Tablets IP,Norvasc,Pfizer,10's,₹22.0 (10's),Jan Aushadhi,Losartan 50mg and Amlodipine 5mg Tablets IP,Amlodipine 5 mg,✅ Yes,"High blood pressure, angina",22.0
Losartan Potassium 50Mg And Hydrochlorothiazide 12.5Mg Tabelts IP,Cozaar,Merck,10's,₹13.2 (10's),Jan Aushadhi,Losartan Potassium 50mg and Hydrochlorothiazide 12.5mg Tabelts IP,Losartan 50 mg,✅ Yes,"High blood pressure, heart failure, kidney protection",13.2
Losartan Potassium 50Mg And Hydrochlorothiazide 12.5Mg Tabelts IP,Losar,Torrent,10's,₹13.2 (10's),Jan Aushadhi,Losartan Potassium 50mg and Hydrochlorothiazide 12.5mg Tabelts IP,Losartan 50 mg,✅ Yes,"High blood pressure, heart failure, kidney protection",13.2
Losartan Tablets IP 25Mg,Cozaar,Merck,10's,₹7.7 (10's),Jan Aushadhi,Losartan Tablets IP 25mg,Losartan 50 mg,✅ Yes,"High blood pressure, heart failure, kidney protection",7.7
Losartan Tablets IP 25Mg,Losar,Torrent,10's,₹7.7 (10's),Jan Aushadhi,Losartan Tablets IP 25mg,Losartan 50 mg,✅ Yes,"High blood pressure, heart failure, kidney protection",7.7
Losartan Tablets IP 50Mg,Cozaar,Merck,10's,₹12.1 (10's),Jan Aushadhi,Losartan Tablets IP 50mg,Losartan 50 mg,✅ Yes,"High blood pressure, heart failure, kidney protection",12.1
Losartan Tablets IP 50Mg,Losar,Torrent,10's,₹12.1 (10's),Jan Aushadhi,Losartan Tablets IP 50mg,Losartan 50 mg,✅ Yes,"High blood pressure, heart failure, kidney protection",12.1
Luliconazole Cream IP 1% W/W,Nan,nan,10 gms tube,₹24.2 (10 gms tube),Jan Aushadhi,Luliconazole Cream IP 1% w/w,nan,nan,nan,24.2
Luliconazole Cream IP 1% W/W 30Gm,Nan,nan,30gm Lami-Tube in Monopack,₹50.0 (30gm Lami-Tube in Monopack),Jan Aushadhi,Luliconazole Cream IP 1% w/w 30gm,nan,nan,nan,50.0
Lurasidone Hydrochloride Tablets 20 Mg,Nan,nan,10's,₹0.0 (10's),Jan Aushadhi,Lurasidone Hydrochloride Tablets 20 mg,nan,nan,nan,0.0
Lurasidone Hydrochloride Tablets 40 Mg,Nan,nan,10's,₹92.0 (10's),Jan Aushadhi,Lurasidone Hydrochloride Tablets 40 mg,nan,nan,nan,92.0
Lurasidone Hydrochloride Tablets 80 Mg,Nan,nan,10's,₹143.0 (10's),Jan Aushadhi,Lurasidone Hydrochloride Tablets 80 mg,nan,nan,nan,143.0
"Lutein 10Mg, Astaxanthin 2Mg, Zeaxanthin 2Mg, Omega 3 Fatty Acid 500Mg Capsules",Nan,nan,10's,₹40.0 (10's),Jan Aushadhi,"Lutein 10mg, Astaxanthin 2mg, Zeaxanthin 2mg, Omega 3 Fatty Acid 500mg Capsules",nan,nan,nan,40.0
Lycopene With Multivitamins And Multi Minerals Syrup,Nan,nan,200 ml,₹54.0 (200 ml),Jan Aushadhi,Lycopene with Multivitamins and Multi Minerals Syrup,nan,nan,nan,54.0
Macitentan Tablets 10Mg,Nan,nan,10's,₹0.0 (10's),Jan Aushadhi,Macitentan Tablets 10mg,nan,nan,nan,0.0
Madhu (Makshik) 100G,Nan,nan,100g Glass Bottle,₹40.0 (100g Glass Bottle),Jan Aushadhi,Madhu (Makshik) 100g,nan,nan,nan,40.0
Madhu (Makshik) 250G,Nan,nan,250g Glass Bottle,₹80.0 (250g Glass Bottle),Jan Aushadhi,Madhu (Makshik) 250g,nan,nan,nan,80.0
Madhu (Makshik) 500G,Nan,nan,500g Glass Bottle,₹0.0 (500g Glass Bottle),Jan Aushadhi,Madhu (Makshik) 500g,nan,nan,nan,0.0
Magaldrate 400Mg And Simethicone 20Mg Oral Suspension IP Per 5Ml,Nan,nan,170 ml,₹42.0 (170 ml),Jan Aushadhi,Magaldrate 400mg and Simethicone 20mg Oral Suspension IP per 5ml,nan,nan,nan,42.0
Magnesium Sulphate Injection 50%,Nan,nan,2 ml/ 1 Vial,₹0.0 (2 ml/ 1 Vial),Jan Aushadhi,Magnesium Sulphate Injection 50%,nan,nan,nan,0.0
Mannitol Injection IP 20% W/V,Nan,nan,100 ml,₹28.0 (100 ml),Jan Aushadhi,Mannitol Injection IP 20% w/v,nan,nan,nan,28.0
Mannitol Intravenous Infusion IP 20% W/V,Nan,nan,350 ml,₹50.0 (350 ml),Jan Aushadhi,Mannitol Intravenous Infusion IP 20% w/v,nan,nan,nan,50.0
Maraviroc Tablets 150 Mg,Nan,nan,60's in bottle,₹0.0 (60's in bottle),Jan Aushadhi,Maraviroc Tablets 150 mg,nan,nan,nan,0.0
Mebendazole Oral Suspension 100Mg Per Ml,Nan,nan,30ml,₹0.0 (30ml),Jan Aushadhi,Mebendazole Oral Suspension 100mg per ml,nan,nan,nan,0.0
Mebendazole Tablets IP 100 Mg,Nan,nan,6's,₹9.0 (6's),Jan Aushadhi,Mebendazole Tablets IP 100 mg,nan,nan,nan,9.0
Mebeverine (135Mg) + Chlordiazepoxide (5Mg) Tablets,Nan,nan,10's,₹30.0 (10's),Jan Aushadhi,Mebeverine (135mg) + Chlordiazepoxide (5mg) Tablets,nan,nan,nan,30.0
Mebeverine Hydrochloride Tablets IP 200Mg,Nan,nan,10's,₹56.0 (10's),Jan Aushadhi,Mebeverine Hydrochloride Tablets IP 200mg,nan,nan,nan,56.0
"Mecobalamin 1500 Mcg, Alpha Lipoic Acid 100Mg, Inositol 100Mg, Folic Acid 1.5Mg, Chromium Picolinate 200Mcg, Selenium Dioxide 55Mcg And Benfotiamine 150 Mg Soft Gel Capsule",Nan,nan,10's,₹60.0 (10's),Jan Aushadhi,"Mecobalamin 1500 mcg, Alpha Lipoic Acid 100mg, Inositol 100mg, Folic Acid 1.5mg, Chromium Picolinate 200mcg, Selenium Dioxide 55mcg and Benfotiamine 150 mg Soft gel Capsule",nan,nan,nan,60.0
"Mecobalamin 1500Mcg, Folic Acid 0.7Mg And Niacinamide 100Mg Injection (Painless)",Nan,nan,2ml vial,₹20.0 (2ml vial),Jan Aushadhi,"Mecobalamin 1500mcg, Folic Acid 0.7mg and Niacinamide 100mg Injection (Painless)",nan,nan,nan,20.0
Mecobalamin Orally Disintegrating Strips 1500 Mcg,Nan,nan,10's in mono-carton,₹70.0 (10's in mono-carton),Jan Aushadhi,Mecobalamin Orally Disintegrating Strips 1500 mcg,nan,nan,nan,70.0
Medroxyprogesterone Acetate Tablets IP 10Mg,Nan,nan,10's,₹26.0 (10's),Jan Aushadhi,Medroxyprogesterone Acetate Tablets IP 10mg,nan,nan,nan,26.0
Mefenamic Acid 500Mg And Paracetamol 325Mg Tablets,Calpol,GSK,10's,₹17.0 (10's),Jan Aushadhi,Mefenamic Acid 500mg and Paracetamol 325mg Tablets,Paracetamol 500 mg,✅ Yes,"Pain relief, fever reducer",17.0
Mefenamic Acid 500Mg And Paracetamol 325Mg Tablets,Crocin,GSK,10's,₹17.0 (10's),Jan Aushadhi,Mefenamic Acid 500mg and Paracetamol 325mg Tablets,Paracetamol 500 mg,✅ Yes,"Pain relief, fever reducer",17.0
Mefenamic Acid 500Mg And Paracetamol 325Mg Tablets,Dolo-650,Micro Labs,10's,₹17.0 (10's),Jan Aushadhi,Mefenamic Acid 500mg and Paracetamol 325mg Tablets,Paracetamol 650 mg,✅ Yes,"Pain relief, fever reducer",17.0
Mefenamic Acid 50Mg And Paracetamol 125Mg Suspension Per 5Ml,Calpol,GSK,60 ml,₹11.0 (60 ml),Jan Aushadhi,Mefenamic Acid 50mg and Paracetamol 125mg Suspension per 5ml,Paracetamol 500 mg,✅ Yes,"Pain relief, fever reducer",11.0
Mefenamic Acid 50Mg And Paracetamol 125Mg Suspension Per 5Ml,Crocin,GSK,60 ml,₹11.0 (60 ml),Jan Aushadhi,Mefenamic Acid 50mg and Paracetamol 125mg Suspension per 5ml,Paracetamol 500 mg,✅ Yes,"Pain relief, fever reducer",11.0
Mefenamic Acid 50Mg And Paracetamol 125Mg Suspension Per 5Ml,Dolo-650,Micro Labs,60 ml,₹11.0 (60 ml),Jan Aushadhi,Mefenamic Acid 50mg and Paracetamol 125mg Suspension per 5ml,Paracetamol 650 mg,✅ Yes,"Pain relief, fever reducer",11.0
Mefenamic Acid Suspension 100Mg Per 5Ml,Nan,nan,60 ml,₹18.0 (60 ml),Jan Aushadhi,Mefenamic Acid Suspension 100mg per 5ml,nan,nan,nan,18.0
Mefenamic Acid Tablets 250 Mg,Nan,nan,10's,₹10.0 (10's),Jan Aushadhi,Mefenamic Acid Tablets 250 mg,nan,nan,nan,10.0
Mefenamic Acid Tablets 500 Mg,Nan,nan,10's,₹17.0 (10's),Jan Aushadhi,Mefenamic Acid Tablets 500 mg,nan,nan,nan,17.0
Mefloquine Hydrochloride Tablets IP 250Mg,Nan,nan,4's,₹114.0 (4's),Jan Aushadhi,Mefloquine Hydrochloride Tablets IP 250mg,nan,nan,nan,114.0
"Megaldrate 540Mg, Simethicone 50Mg And Oxetacaine 10Mg Oral Suspension",Nan,nan,170 ml,₹42.0 (170 ml),Jan Aushadhi,"Megaldrate 540mg, Simethicone 50mg and Oxetacaine 10mg Oral Suspension",nan,nan,nan,42.0
Megestrol Acetate Tablets IP 40Mg,Nan,nan,10's,₹140.0 (10's),Jan Aushadhi,Megestrol Acetate Tablets IP 40mg,nan,nan,nan,140.0
Melatonin + Zolpidem Tablet (3/10 Mg),Nan,nan,10's,₹0.0 (10's),Jan Aushadhi,Melatonin + Zolpidem Tablet (3/10 Mg),nan,nan,nan,0.0
Melatonin + Zolpidem Tablet (3/5 Mg),Nan,nan,10's,₹0.0 (10's),Jan Aushadhi,Melatonin + Zolpidem Tablet (3/5 Mg),nan,nan,nan,0.0
Melatonin 5Mg Tablets,Nan,nan,15's,₹0.0 (15's),Jan Aushadhi,Melatonin 5mg Tablets,nan,nan,nan,0.0
Meloxicam 15Mg Tablets BP,Nan,nan,10's,₹0.0 (10's),Jan Aushadhi,Meloxicam 15mg Tablets BP,nan,nan,nan,0.0
Meloxicam 7.5Mg Tablets BP,Nan,nan,10's,₹0.0 (10's),Jan Aushadhi,Meloxicam 7.5mg Tablets BP,nan,nan,nan,0.0
Memantine Hydrochloride Tablets IP 10Mg,Nan,nan,10's,₹25.0 (10's),Jan Aushadhi,Memantine Hydrochloride Tablets IP 10mg,nan,nan,nan,25.0
Menthol (55 Mg ± 5.) Cinnamon (12.5 Mg ± 2) And Pine Oil (112.5 Mg ± 1) Soft Capsules,Nan,nan,10's,₹25.0 (10's),Jan Aushadhi,Menthol (55 mg ± 5.) Cinnamon (12.5 mg ± 2) and Pine Oil (112.5 mg ± 1) Soft Capsules,nan,nan,nan,25.0
Meropenem 1000Mg And Sulbactam 500Mg Injection,Nan,nan,Vial & Wfi,₹286.0 (Vial & Wfi),Jan Aushadhi,Meropenem 1000mg and Sulbactam 500mg Injection,nan,nan,nan,286.0
Meropenem Injection IP 1 G,Nan,nan,Vial & Wfi,₹236.0 (Vial & Wfi),Jan Aushadhi,Meropenem Injection IP 1 g,nan,nan,nan,236.0
Meropenem Injection IP 500 Mg,Nan,nan,Vial & Wfi,₹165.0 (Vial & Wfi),Jan Aushadhi,Meropenem Injection IP 500 mg,nan,nan,nan,165.0
Mesalamine Delayed Release Tablets 400Mg,Nan,nan,10's,₹40.0 (10's),Jan Aushadhi,Mesalamine Delayed Release Tablets 400mg,nan,nan,nan,40.0
Mesalazine Delayed Release Tablets 800 Mg,Nan,nan,10's,₹97.5 (10's),Jan Aushadhi,Mesalazine Delayed release Tablets 800 mg,nan,nan,nan,97.5
Mesalazine Prolonged Release Tablets IP 1200 Mg,Nan,nan,10's,₹138.0 (10's),Jan Aushadhi,Mesalazine Prolonged release Tablets IP 1200 mg,nan,nan,nan,138.0
Mesalazine Prolonged Release Tablets IP 500Mg,Nan,nan,10's,₹75.0 (10's),Jan Aushadhi,Mesalazine Prolonged release Tablets IP 500mg,nan,nan,nan,75.0
"Metadoxine 500Mg, Silymarin 140Mg, L- Ornithin L- Aspartate 150Mg Tablets",Nan,nan,10's,₹0.0 (10's),Jan Aushadhi,"Metadoxine 500mg, Silymarin 140mg, L- Ornithin L- Aspartate 150mg Tablets",nan,nan,nan,0.0
Metformin 1000Mg (Prolonged Release) And Glimepiride 1Mg Tablets IP,Gluformin,Abbott,10's,₹28.6 (10's),Jan Aushadhi,Metformin 1000mg (Prolonged release) and Glimepiride 1mg Tablets IP,Metformin 500 mg,✅ Yes,Type 2 diabetes (first-line therapy),28.6
Metformin 1000Mg (Prolonged Release) And Glimepiride 1Mg Tablets IP,Glycomet,USV,10's,₹28.6 (10's),Jan Aushadhi,Metformin 1000mg (Prolonged release) and Glimepiride 1mg Tablets IP,Metformin 500 mg,✅ Yes,Type 2 diabetes (first-line therapy),28.6
Metformin 1000Mg (Prolonged Release) And Glimepiride 3Mg Tablets IP,Gluformin,Abbott,15's,₹41.8 (15's),Jan Aushadhi,Metformin 1000mg (Prolonged release) and Glimepiride 3mg Tablets IP,Metformin 500 mg,✅ Yes,Type 2 diabetes (first-line therapy),41.8
Metformin 1000Mg (Prolonged Release) And Glimepiride 3Mg Tablets IP,Glycomet,USV,15's,₹41.8 (15's),Jan Aushadhi,Metformin 1000mg (Prolonged release) and Glimepiride 3mg Tablets IP,Metformin 500 mg,✅ Yes,Type 2 diabetes (first-line therapy),41.8
Metformin 1000Mg (Prolonged Release) And Glimepiride 4Mg Tablets IP,Gluformin,Abbott,15's,₹46.0 (15's),Jan Aushadhi,Metformin 1000mg (Prolonged release) and Glimepiride 4mg Tablets IP,Metformin 500 mg,✅ Yes,Type 2 diabetes (first-line therapy),46.0
Metformin 1000Mg (Prolonged Release) And Glimepiride 4Mg Tablets IP,Glycomet,USV,15's,₹46.0 (15's),Jan Aushadhi,Metformin 1000mg (Prolonged release) and Glimepiride 4mg Tablets IP,Metformin 500 mg,✅ Yes,Type 2 diabetes (first-line therapy),46.0
Metformin 500Mg (Prolonged Release) And Glimepiride 0.5Mg Tablets IP,Gluformin,Abbott,10's,₹17.6 (10's),Jan Aushadhi,Metformin 500mg (Prolonged release) and Glimepiride 0.5mg Tablets IP,Metformin 500 mg,✅ Yes,Type 2 diabetes (first-line therapy),17.6
Metformin 500Mg (Prolonged Release) And Glimepiride 0.5Mg Tablets IP,Glycomet,USV,10's,₹17.6 (10's),Jan Aushadhi,Metformin 500mg (Prolonged release) and Glimepiride 0.5mg Tablets IP,Metformin 500 mg,✅ Yes,Type 2 diabetes (first-line therapy),17.6
"Metformin 500Mg (Sustained Release), Glimepiride 2Mg And Pioglitazone 15Mg Tablets",Actos,Takeda,10's,₹24.2 (10's),Jan Aushadhi,"Metformin 500mg (Sustained Release), Glimepiride 2mg and Pioglitazone 15mg Tablets",Pioglitazone 15 mg,✅ Yes,Type 2 diabetes (insulin sensitizer),24.2
"Metformin 500Mg (Sustained Release), Glimepiride 2Mg And Pioglitazone 15Mg Tablets",Gluformin,Abbott,10's,₹24.2 (10's),Jan Aushadhi,"Metformin 500mg (Sustained Release), Glimepiride 2mg and Pioglitazone 15mg Tablets",Metformin 500 mg,✅ Yes,Type 2 diabetes (first-line therapy),24.2
"Metformin 500Mg (Sustained Release), Glimepiride 2Mg And Pioglitazone 15Mg Tablets",Glycomet,USV,10's,₹24.2 (10's),Jan Aushadhi,"Metformin 500mg (Sustained Release), Glimepiride 2mg and Pioglitazone 15mg Tablets",Metformin 500 mg,✅ Yes,Type 2 diabetes (first-line therapy),24.2
"Metformin 500Mg (Sustained Release), Glimepiride 2Mg And Pioglitazone 15Mg Tablets",Pioglit,Sun Pharma,10's,₹24.2 (10's),Jan Aushadhi,"Metformin 500mg (Sustained Release), Glimepiride 2mg and Pioglitazone 15mg Tablets",Pioglitazone 15 mg,✅ Yes,Type 2 diabetes (insulin sensitizer),24.2
Metformin 850Mg (Prolonged Release) And Glimepiride 3Mg IP Tablets,Gluformin,Abbott,10's,₹25.0 (10's),Jan Aushadhi,Metformin 850mg (Prolonged release) and Glimepiride 3mg IP Tablets,Metformin 500 mg,✅ Yes,Type 2 diabetes (first-line therapy),25.0
Metformin 850Mg (Prolonged Release) And Glimepiride 3Mg IP Tablets,Glycomet,USV,10's,₹25.0 (10's),Jan Aushadhi,Metformin 850mg (Prolonged release) and Glimepiride 3mg IP Tablets,Metformin 500 mg,✅ Yes,Type 2 diabetes (first-line therapy),25.0
Metformin Hydrchloride 500Mg (Sustained-Release) And Glimipride 3Mg Tablet IP,Gluformin,Abbott,10's,₹30.0 (10's),Jan Aushadhi,Metformin Hydrchloride 500mg (Sustained-release) and Glimipride 3mg Tablet IP,Metformin 500 mg,✅ Yes,Type 2 diabetes (first-line therapy),30.0
Metformin Hydrchloride 500Mg (Sustained-Release) And Glimipride 3Mg Tablet IP,Glycomet,USV,10's,₹30.0 (10's),Jan Aushadhi,Metformin Hydrchloride 500mg (Sustained-release) and Glimipride 3mg Tablet IP,Metformin 500 mg,✅ Yes,Type 2 diabetes (first-line therapy),30.0
Metformin Hydrchloride 500Mg (Sustained-Release) And Glimipride 4Mg Tablet IP,Gluformin,Abbott,10's,₹35.0 (10's),Jan Aushadhi,Metformin Hydrchloride 500mg (Sustained-release) and Glimipride 4mg Tablet IP,Metformin 500 mg,✅ Yes,Type 2 diabetes (first-line therapy),35.0
Metformin Hydrchloride 500Mg (Sustained-Release) And Glimipride 4Mg Tablet IP,Glycomet,USV,10's,₹35.0 (10's),Jan Aushadhi,Metformin Hydrchloride 500mg (Sustained-release) and Glimipride 4mg Tablet IP,Metformin 500 mg,✅ Yes,Type 2 diabetes (first-line therapy),35.0
Metformin Hydrochloride (Sustained-Relase) 500Mg And Myo-Inositol 600Mg Tablets,Gluformin,Abbott,10's,₹88.0 (10's),Jan Aushadhi,Metformin Hydrochloride (sustained-relase) 500mg and Myo-Inositol 600mg Tablets,Metformin 500 mg,✅ Yes,Type 2 diabetes (first-line therapy),88.0
Metformin Hydrochloride (Sustained-Relase) 500Mg And Myo-Inositol 600Mg Tablets,Glycomet,USV,10's,₹88.0 (10's),Jan Aushadhi,Metformin Hydrochloride (sustained-relase) 500mg and Myo-Inositol 600mg Tablets,Metformin 500 mg,✅ Yes,Type 2 diabetes (first-line therapy),88.0
Metformin Hydrochloride 1000Mg (Prolonged Release) And Glimepiride 2Mg Tablets IP,Gluformin,Abbott,10's,₹36.3 (10's),Jan Aushadhi,Metformin Hydrochloride 1000mg (Prolonged Release) and Glimepiride 2mg Tablets IP,Metformin 500 mg,✅ Yes,Type 2 diabetes (first-line therapy),36.3
Metformin Hydrochloride 1000Mg (Prolonged Release) And Glimepiride 2Mg Tablets IP,Glycomet,USV,10's,₹36.3 (10's),Jan Aushadhi,Metformin Hydrochloride 1000mg (Prolonged Release) and Glimepiride 2mg Tablets IP,Metformin 500 mg,✅ Yes,Type 2 diabetes (first-line therapy),36.3
Metformin Hydrochloride 500Mg (Prolonged Release) And Glimepiride 1Mg Tablets IP,Gluformin,Abbott,10's,₹17.6 (10's),Jan Aushadhi,Metformin Hydrochloride 500mg (Prolonged release) and Glimepiride 1mg Tablets IP,Metformin 500 mg,✅ Yes,Type 2 diabetes (first-line therapy),17.6
Metformin Hydrochloride 500Mg (Prolonged Release) And Glimepiride 1Mg Tablets IP,Glycomet,USV,10's,₹17.6 (10's),Jan Aushadhi,Metformin Hydrochloride 500mg (Prolonged release) and Glimepiride 1mg Tablets IP,Metformin 500 mg,✅ Yes,Type 2 diabetes (first-line therapy),17.6
Metformin Hydrochloride 500Mg (Sustained Release) And Voglibose 0.2Mg Tablets,Gluformin,Abbott,10's,₹15.4 (10's),Jan Aushadhi,Metformin Hydrochloride 500mg (Sustained Release) and Voglibose 0.2mg Tablets,Metformin 500 mg,✅ Yes,Type 2 diabetes (first-line therapy),15.4
Metformin Hydrochloride 500Mg (Sustained Release) And Voglibose 0.2Mg Tablets,Glycomet,USV,10's,₹15.4 (10's),Jan Aushadhi,Metformin Hydrochloride 500mg (Sustained Release) and Voglibose 0.2mg Tablets,Metformin 500 mg,✅ Yes,Type 2 diabetes (first-line therapy),15.4
"Metformin Hydrochloride 500Mg (Sustained Release), Glimepiride 2Mg And Voglibose 0.2Mg Tablets",Gluformin,Abbott,10's,₹31.9 (10's),Jan Aushadhi,"Metformin Hydrochloride 500mg (Sustained Release), Glimepiride 2mg and Voglibose 0.2mg Tablets",Metformin 500 mg,✅ Yes,Type 2 diabetes (first-line therapy),31.9
"Metformin Hydrochloride 500Mg (Sustained Release), Glimepiride 2Mg And Voglibose 0.2Mg Tablets",Glycomet,USV,10's,₹31.9 (10's),Jan Aushadhi,"Metformin Hydrochloride 500mg (Sustained Release), Glimepiride 2mg and Voglibose 0.2mg Tablets",Metformin 500 mg,✅ Yes,Type 2 diabetes (first-line therapy),31.9
"Metformin Hydrochloride 500Mg (Sustained Release), Voglibose 0.3Mg And Glimepiride 1Mg And Tablets",Gluformin,Abbott,10's,₹25.0 (10's),Jan Aushadhi,"Metformin Hydrochloride 500mg (Sustained Release), Voglibose 0.3mg and Glimepiride 1mg and Tablets",Metformin 500 mg,✅ Yes,Type 2 diabetes (first-line therapy),25.0
"Metformin Hydrochloride 500Mg (Sustained Release), Voglibose 0.3Mg And Glimepiride 1Mg And Tablets",Glycomet,USV,10's,₹25.0 (10's),Jan Aushadhi,"Metformin Hydrochloride 500mg (Sustained Release), Voglibose 0.3mg and Glimepiride 1mg and Tablets",Metformin 500 mg,✅ Yes,Type 2 diabetes (first-line therapy),25.0
"Metformin Hydrochloride 500Mg (Sustained Release), Voglibose 0.3Mg And Glimepiride 2Mg And Tablets",Gluformin,Abbott,10's,₹30.0 (10's),Jan Aushadhi,"Metformin Hydrochloride 500mg (Sustained Release), Voglibose 0.3mg and Glimepiride 2mg and Tablets",Metformin 500 mg,✅ Yes,Type 2 diabetes (first-line therapy),30.0
"Metformin Hydrochloride 500Mg (Sustained Release), Voglibose 0.3Mg And Glimepiride 2Mg And Tablets",Glycomet,USV,10's,₹30.0 (10's),Jan Aushadhi,"Metformin Hydrochloride 500mg (Sustained Release), Voglibose 0.3mg and Glimepiride 2mg and Tablets",Metformin 500 mg,✅ Yes,Type 2 diabetes (first-line therapy),30.0
Metformin Hydrochloride 500Mg And Voglibose 0.3Mg Tablets,Gluformin,Abbott,10's,₹16.5 (10's),Jan Aushadhi,Metformin Hydrochloride 500mg and Voglibose 0.3mg Tablets,Metformin 500 mg,✅ Yes,Type 2 diabetes (first-line therapy),16.5
Metformin Hydrochloride 500Mg And Voglibose 0.3Mg Tablets,Glycomet,USV,10's,₹16.5 (10's),Jan Aushadhi,Metformin Hydrochloride 500mg and Voglibose 0.3mg Tablets,Metformin 500 mg,✅ Yes,Type 2 diabetes (first-line therapy),16.5
Metformin Hydrochloride Prolonged Release Tablets IP 500 Mg,Gluformin,Abbott,10's,₹11.0 (10's),Jan Aushadhi,Metformin Hydrochloride Prolonged release Tablets IP 500 mg,Metformin 500 mg,✅ Yes,Type 2 diabetes (first-line therapy),11.0
Metformin Hydrochloride Prolonged Release Tablets IP 500 Mg,Glycomet,USV,10's,₹11.0 (10's),Jan Aushadhi,Metformin Hydrochloride Prolonged release Tablets IP 500 mg,Metformin 500 mg,✅ Yes,Type 2 diabetes (first-line therapy),11.0
Metformin Hydrochloride Prolonged-Release 500Mg And Glimepiride 2Mg Tablets IP,Gluformin,Abbott,15's,₹26.4 (15's),Jan Aushadhi,Metformin Hydrochloride Prolonged-release 500mg and Glimepiride 2mg Tablets IP,Metformin 500 mg,✅ Yes,Type 2 diabetes (first-line therapy),26.4
Metformin Hydrochloride Prolonged-Release 500Mg And Glimepiride 2Mg Tablets IP,Glycomet,USV,15's,₹26.4 (15's),Jan Aushadhi,Metformin Hydrochloride Prolonged-release 500mg and Glimepiride 2mg Tablets IP,Metformin 500 mg,✅ Yes,Type 2 diabetes (first-line therapy),26.4
Metformin Hydrochloride Sustained Release Tablets IP 1000 Mg,Gluformin,Abbott,10's,₹13.2 (10's),Jan Aushadhi,Metformin Hydrochloride Sustained Release Tablets IP 1000 mg,Metformin 500 mg,✅ Yes,Type 2 diabetes (first-line therapy),13.2
Metformin Hydrochloride Sustained Release Tablets IP 1000 Mg,Glycomet,USV,10's,₹13.2 (10's),Jan Aushadhi,Metformin Hydrochloride Sustained Release Tablets IP 1000 mg,Metformin 500 mg,✅ Yes,Type 2 diabetes (first-line therapy),13.2
Metformin Hydrochloride Tablets IP 250 Mg,Gluformin,Abbott,10's,₹4.0 (10's),Jan Aushadhi,Metformin Hydrochloride Tablets IP 250 mg,Metformin 500 mg,✅ Yes,Type 2 diabetes (first-line therapy),4.0
Metformin Hydrochloride Tablets IP 250 Mg,Glycomet,USV,10's,₹4.0 (10's),Jan Aushadhi,Metformin Hydrochloride Tablets IP 250 mg,Metformin 500 mg,✅ Yes,Type 2 diabetes (first-line therapy),4.0
Metformin Hydrochloride Tablets IP 500Mg,Gluformin,Abbott,10's,₹6.6 (10's),Jan Aushadhi,Metformin Hydrochloride Tablets IP 500mg,Metformin 500 mg,✅ Yes,Type 2 diabetes (first-line therapy),6.6
Metformin Hydrochloride Tablets IP 500Mg,Glycomet,USV,10's,₹6.6 (10's),Jan Aushadhi,Metformin Hydrochloride Tablets IP 500mg,Metformin 500 mg,✅ Yes,Type 2 diabetes (first-line therapy),6.6
Metformin Sustained Release Tablets IP 850Mg,Gluformin,Abbott,10's,₹19.8 (10's),Jan Aushadhi,Metformin Sustained Release Tablets IP 850mg,Metformin 500 mg,✅ Yes,Type 2 diabetes (first-line therapy),19.8
Metformin Sustained Release Tablets IP 850Mg,Glycomet,USV,10's,₹19.8 (10's),Jan Aushadhi,Metformin Sustained Release Tablets IP 850mg,Metformin 500 mg,✅ Yes,Type 2 diabetes (first-line therapy),19.8
Methimazole 10Mg Tablets,Nan,nan,10's,₹0.0 (10's),Jan Aushadhi,Methimazole 10mg Tablets,nan,nan,nan,0.0
Methotrexate Injection IP 25Mg/Ml,Nan,nan,1ml Ampoule,₹0.0 (1ml Ampoule),Jan Aushadhi,Methotrexate Injection IP 25mg/ml,nan,nan,nan,0.0
Methotrexate Injection IP 50Mg/2Ml,Nan,nan,2ml Ampoule,₹0.0 (2ml Ampoule),Jan Aushadhi,Methotrexate Injection IP 50mg/2ml,nan,nan,nan,0.0
Methotrexate Tablets IP 10Mg,Nan,nan,10's,₹30.0 (10's),Jan Aushadhi,Methotrexate Tablets IP 10mg,nan,nan,nan,30.0
Methotrexate Tablets IP 15Mg,Nan,nan,10's,₹35.0 (10's),Jan Aushadhi,Methotrexate Tablets IP 15mg,nan,nan,nan,35.0
Methotrexate Tablets IP 2.5Mg,Nan,nan,10's,₹15.0 (10's),Jan Aushadhi,Methotrexate Tablets IP 2.5mg,nan,nan,nan,15.0
Methotrexate Tablets IP 20Mg,Nan,nan,10's,₹45.0 (10's),Jan Aushadhi,Methotrexate Tablets IP 20mg,nan,nan,nan,45.0
Methotrexate Tablets IP 5Mg,Nan,nan,10's,₹20.0 (10's),Jan Aushadhi,Methotrexate Tablets IP 5mg,nan,nan,nan,20.0
Methotrexate Tablets IP 7.5 Mg,Nan,nan,10's,₹25.0 (10's),Jan Aushadhi,Methotrexate Tablets IP 7.5 mg,nan,nan,nan,25.0
Methyl Ergometrine Tablets IP 0.125 Mg,Nan,nan,10's,₹11.0 (10's),Jan Aushadhi,Methyl Ergometrine Tablets IP 0.125 mg,nan,nan,nan,11.0
"Methylcobalamin 1500Mcg With Alpha Lipoic Acid 100Mg And B- Complex (Thiamine Mononitrate 10Mg, Pyridoxine 3Mg, Folic Acid 1.5Mg) Capsules",Nan,nan,10's,₹66.0 (10's),Jan Aushadhi,"Methylcobalamin 1500mcg with Alpha Lipoic Acid 100mg and B- Complex (Thiamine Mononitrate 10mg, Pyridoxine 3mg, Folic acid 1.5mg) Capsules",nan,nan,nan,66.0
"Methylcobalamin 1500Mcg, L- Carnitine L- Tartrate 500Mg And Folic Acid 1.5Mg Tablets",Nan,nan,10's,₹110.0 (10's),Jan Aushadhi,"Methylcobalamin 1500mcg, L- Carnitine L- Tartrate 500mg and Folic Acid 1.5mg Tablets",nan,nan,nan,110.0
"Methylcobalamin 1500Mcg, Vitamin B6 (Pyridoxine) 5Mg Benfotiamine 50Mg, Alpha Lipoic Acid 200Mg, Folic Acid 5Mg And Biotin 5Mg Capsules",Nan,nan,10's,₹80.0 (10's),Jan Aushadhi,"Methylcobalamin 1500mcg, Vitamin B6 (Pyridoxine) 5mg Benfotiamine 50mg, Alpha Lipoic Acid 200mg, Folic Acid 5mg and Biotin 5mg Capsules",nan,nan,nan,80.0
Methylcobalamin Injection 500 Mcg,Nan,nan,1 ML,₹7.0 (1 ML),Jan Aushadhi,Methylcobalamin Injection 500 mcg,nan,nan,nan,7.0
Methylcobalamin Tablet 1500Mcg,Nan,nan,10's,₹25.0 (10's),Jan Aushadhi,Methylcobalamin Tablet 1500mcg,nan,nan,nan,25.0
Methylcobalamin Tablet 500Mcg,Nan,nan,10's,₹15.0 (10's),Jan Aushadhi,Methylcobalamin Tablet 500mcg,nan,nan,nan,15.0
Methylphenidate Tablet 10Mg,Nan,nan,10's,₹0.0 (10's),Jan Aushadhi,Methylphenidate Tablet 10Mg,nan,nan,nan,0.0
Methylphenidate Tablet 18Mg,Nan,nan,10's,₹0.0 (10's),Jan Aushadhi,Methylphenidate Tablet 18Mg,nan,nan,nan,0.0
Methylphenidate Tablet 20Mg,Nan,nan,10's,₹0.0 (10's),Jan Aushadhi,Methylphenidate Tablet 20Mg,nan,nan,nan,0.0
Methylphenidate Tablet 5Mg,Nan,nan,10's,₹0.0 (10's),Jan Aushadhi,Methylphenidate Tablet 5Mg,nan,nan,nan,0.0
Methylprednisolone Sodium Succinate Injection 1000Mg,Nan,nan,Vial & Wfi,₹317.0 (Vial & Wfi),Jan Aushadhi,Methylprednisolone Sodium Succinate Injection 1000mg,nan,nan,nan,317.0
Methylprednisolone Tablets IP 16Mg,Nan,nan,10's,₹40.0 (10's),Jan Aushadhi,Methylprednisolone Tablets IP 16mg,nan,nan,nan,40.0
Methylprednisolone Tablets IP 4Mg,Nan,nan,10's,₹16.5 (10's),Jan Aushadhi,Methylprednisolone Tablets IP 4mg,nan,nan,nan,16.5
Metoclopramide Hydrochloride Syrup IP 5Mg Per 5Ml,Nan,nan,60ml,₹0.0 (60ml),Jan Aushadhi,Metoclopramide Hydrochloride Syrup IP 5mg per 5ml,nan,nan,nan,0.0
Metoclopramide Injection IP 5Mg Per Ml,Nan,nan,2ml Ampoule,₹3.0 (2ml Ampoule),Jan Aushadhi,Metoclopramide Injection IP 5mg per ml,nan,nan,nan,3.0
Metoclopramide Tablets IP 10 Mg,Nan,nan,10's,₹8.0 (10's),Jan Aushadhi,Metoclopramide Tablets IP 10 mg,nan,nan,nan,8.0
Metolazone 2.5Mg Tablets IP,Nan,nan,10's,₹0.0 (10's),Jan Aushadhi,Metolazone 2.5mg Tablets IP,nan,nan,nan,0.0
Metoprolol + Chlorthalidone Tablet (25/6.25 Mg),Nan,nan,10's,₹0.0 (10's),Jan Aushadhi,Metoprolol + Chlorthalidone Tablet (25/6.25 Mg),nan,nan,nan,0.0
Metoprolol + Chlorthalidone Tablet (50/12.5 Mg),Nan,nan,10's,₹0.0 (10's),Jan Aushadhi,Metoprolol + Chlorthalidone Tablet (50/12.5 Mg),nan,nan,nan,0.0
Metoprolol + Chlorthalidone Tablet (50/6.25 Mg),Nan,nan,10's,₹0.0 (10's),Jan Aushadhi,Metoprolol + Chlorthalidone Tablet (50/6.25 Mg),nan,nan,nan,0.0
Metoprolol 50Mg (Extended Release) And Ramipril 5Mg Tablet,Nan,nan,10's,₹90.0 (10's),Jan Aushadhi,Metoprolol 50mg (Extended Release) and Ramipril 5mg Tablet,nan,nan,nan,90.0
Metoprolol 50Mg (Prolonged Release) And Amlodipine Besilate 5Mg Tablets IP,Amlong,Micro Labs,7's,₹11.0 (7's),Jan Aushadhi,Metoprolol 50mg (Prolonged release) and Amlodipine Besilate 5mg Tablets IP,Amlodipine 5 mg,✅ Yes,"High blood pressure, angina",11.0
Metoprolol 50Mg (Prolonged Release) And Amlodipine Besilate 5Mg Tablets IP,Norvasc,Pfizer,7's,₹11.0 (7's),Jan Aushadhi,Metoprolol 50mg (Prolonged release) and Amlodipine Besilate 5mg Tablets IP,Amlodipine 5 mg,✅ Yes,"High blood pressure, angina",11.0
Metoprolol Extended Release Tablets IP 100Mg,Nan,nan,10's,₹25.0 (10's),Jan Aushadhi,Metoprolol Extended Release Tablets IP 100mg,nan,nan,nan,25.0
Metoprolol Extended Release Tablets IP 50Mg,Nan,nan,10's,₹9.9 (10's),Jan Aushadhi,Metoprolol Extended release Tablets IP 50mg,nan,nan,nan,9.9
Metoprolol Succinate (Extended Release) 25Mg And Cilnidipine 10Mg Tablets,Nan,nan,10's,₹20.0 (10's),Jan Aushadhi,Metoprolol Succinate (extended release) 25mg and Cilnidipine 10mg Tablets,nan,nan,nan,20.0
Metoprolol Succinate (Extended Release) 50Mg And Cilnidipine 10Mg Tablets,Nan,nan,10's,₹23.0 (10's),Jan Aushadhi,Metoprolol Succinate (extended release) 50mg and Cilnidipine 10mg Tablets,nan,nan,nan,23.0
"Metoprolol Succinate (Extended-Relase) 50Mg, Telmisartan 40Mg And Chlorthalidone 12.5Mg Tablets",Micardis,Boehringer,10's,₹25.0 (10's),Jan Aushadhi,"Metoprolol Succinate (Extended-relase) 50mg, Telmisartan 40mg and Chlorthalidone 12.5mg Tablets",Telmisartan 40 mg,✅ Yes,"High blood pressure, heart protection",25.0
"Metoprolol Succinate (Extended-Relase) 50Mg, Telmisartan 40Mg And Chlorthalidone 12.5Mg Tablets",Telma,Glenmark,10's,₹25.0 (10's),Jan Aushadhi,"Metoprolol Succinate (Extended-relase) 50mg, Telmisartan 40mg and Chlorthalidone 12.5mg Tablets",Telmisartan 40 mg,✅ Yes,"High blood pressure, heart protection",25.0
Metoprolol Succinate 25Mg (Extended Release) And Amlodipine Besilate 2.5Mg Tablets IP,Amlong,Micro Labs,10's,₹12.0 (10's),Jan Aushadhi,Metoprolol Succinate 25mg (Extended Release) and Amlodipine Besilate 2.5mg Tablets IP,Amlodipine 5 mg,✅ Yes,"High blood pressure, angina",12.0
Metoprolol Succinate 25Mg (Extended Release) And Amlodipine Besilate 2.5Mg Tablets IP,Norvasc,Pfizer,10's,₹12.0 (10's),Jan Aushadhi,Metoprolol Succinate 25mg (Extended Release) and Amlodipine Besilate 2.5mg Tablets IP,Amlodipine 5 mg,✅ Yes,"High blood pressure, angina",12.0
Metoprolol Succinate 25Mg (Extended Release) And Amlodipine Besilate 5Mg Tablets IP,Amlong,Micro Labs,7's,₹12.8 (7's),Jan Aushadhi,Metoprolol Succinate 25mg (Extended Release) and Amlodipine Besilate 5mg Tablets IP,Amlodipine 5 mg,✅ Yes,"High blood pressure, angina",12.8
Metoprolol Succinate 25Mg (Extended Release) And Amlodipine Besilate 5Mg Tablets IP,Norvasc,Pfizer,7's,₹12.8 (7's),Jan Aushadhi,Metoprolol Succinate 25mg (Extended Release) and Amlodipine Besilate 5mg Tablets IP,Amlodipine 5 mg,✅ Yes,"High blood pressure, angina",12.8
Metoprolol Succinate 25Mg (Extended Release) And Ramipril 2.5Mg Tablets,Nan,nan,10's,₹25.0 (10's),Jan Aushadhi,Metoprolol Succinate 25mg (Extended release) and Ramipril 2.5mg Tablets,nan,nan,nan,25.0
Metoprolol Succinate 50Mg (Extended Release) And Telmisartan 40Mg Tablets,Micardis,Boehringer,10's,₹31.9 (10's),Jan Aushadhi,Metoprolol Succinate 50mg (Extended Release) and Telmisartan 40mg Tablets,Telmisartan 40 mg,✅ Yes,"High blood pressure, heart protection",31.9
Metoprolol Succinate 50Mg (Extended Release) And Telmisartan 40Mg Tablets,Telma,Glenmark,10's,₹31.9 (10's),Jan Aushadhi,Metoprolol Succinate 50mg (Extended Release) and Telmisartan 40mg Tablets,Telmisartan 40 mg,✅ Yes,"High blood pressure, heart protection",31.9
Metoprolol Succinate Extended Release Capsules IP 50Mg,Nan,nan,10's,₹0.0 (10's),Jan Aushadhi,Metoprolol Succinate extended release capsules IP 50mg,nan,nan,nan,0.0
Metoprolol Succinate Extended Release Tablets IP 12.5Mg,Nan,nan,10's,₹10.0 (10's),Jan Aushadhi,Metoprolol Succinate Extended Release Tablets IP 12.5mg,nan,nan,nan,10.0
Metoprolol Succinate Prolonged Release Tablets IP 25Mg,Nan,nan,15's,₹16.5 (15's),Jan Aushadhi,Metoprolol Succinate Prolonged release tablets IP 25mg,nan,nan,nan,16.5
Metoprolol Tablets IP 25 Mg,Nan,nan,10's,₹6.6 (10's),Jan Aushadhi,Metoprolol Tablets IP 25 mg,nan,nan,nan,6.6
Metoprolol Tartrate 50Mg And Hydrochlorothiazide 12.5 Mg Tablets,Nan,nan,10's,₹15.0 (10's),Jan Aushadhi,Metoprolol Tartrate 50mg and Hydrochlorothiazide 12.5 mg Tablets,nan,nan,nan,15.0
Metronidazole (1% W/W) + Povidone Iodine (5% W/W) Ointment,Nan,nan,20 g,₹20.0 (20 g),Jan Aushadhi,Metronidazole (1% w/w) + Povidone Iodine (5% w/w) Ointment,nan,nan,nan,20.0
Metronidazole 2% W/W And Mupirocin 2% W/W Ointment,Nan,nan,5g,₹80.0 (5g),Jan Aushadhi,Metronidazole 2% w/w and Mupirocin 2% w/w Ointment,nan,nan,nan,80.0
Metronidazole Infusion IP 500 Mg,Nan,nan,100 ml,₹8.8 (100 ml),Jan Aushadhi,Metronidazole Infusion IP 500 mg,nan,nan,nan,8.8
Metronidazole Tablets IP 200Mg,Nan,nan,10's,₹4.4 (10's),Jan Aushadhi,Metronidazole Tablets IP 200mg,nan,nan,nan,4.4
Metronidazole Tablets IP 400Mg,Nan,nan,10's,₹7.0 (10's),Jan Aushadhi,Metronidazole Tablets IP 400mg,nan,nan,nan,7.0
Miconazole 2%W/W And Fluocinolone Acetonide 0.01%W/W Ointment,Nan,nan,15 gm Tube,₹25.0 (15 gm Tube),Jan Aushadhi,Miconazole 2%w/w and Fluocinolone Acetonide 0.01%w/w Ointment,nan,nan,nan,25.0
"Miconazole Nitrate 20Mg, Mometasone Furoate 1Mg And Nadifloxacin 10 Mg Cream",Nan,nan,10g,₹0.0 (10g),Jan Aushadhi,"Miconazole Nitrate 20mg, Mometasone Furoate 1mg and Nadifloxacin 10 mg cream",nan,nan,nan,0.0
Miconazole Nitrate Cream IP 2% W/W,Nan,nan,15gm Tube,₹12.0 (15gm Tube),Jan Aushadhi,Miconazole Nitrate Cream IP 2% w/w,nan,nan,nan,12.0
Micronized Purified Flavanoid Fraction Tablets ( MPFF Diosmin 450Mg And Hesperidin 50Mg Tablets),Nan,nan,10's,₹75.0 (10's),Jan Aushadhi,Micronized Purified flavanoid Fraction Tablets ( MPFF Diosmin 450mg and Hesperidin 50mg Tablets),nan,nan,nan,75.0
Midazolam 0.5Mg Nasal Spray,Nan,nan,5ml bottle with nasal atomizer in Mono Carton,₹0.0 (5ml bottle with nasal atomizer in Mono Carton),Jan Aushadhi,Midazolam 0.5mg Nasal Spray,nan,nan,nan,0.0
Midazolam Injection 10Mg,Nan,nan,10ml vial,₹30.0 (10ml vial),Jan Aushadhi,Midazolam Injection 10mg,nan,nan,nan,30.0
Midodrine Hydrochloride Tablets 10Mg,Nan,nan,10's,₹160.0 (10's),Jan Aushadhi,Midodrine Hydrochloride Tablets 10mg,nan,nan,nan,160.0
Midodrine Hydrochloride Tablets 2.5Mg,Nan,nan,10's,₹55.0 (10's),Jan Aushadhi,Midodrine Hydrochloride Tablets 2.5mg,nan,nan,nan,55.0
Midodrine Hydrochloride Tablets 5Mg,Nan,nan,10's,₹100.0 (10's),Jan Aushadhi,Midodrine Hydrochloride Tablets 5mg,nan,nan,nan,100.0
Mifepristone Tablets IP 200 Mg,Nan,nan,1's,₹67.0 (1's),Jan Aushadhi,Mifepristone Tablets IP 200 mg,nan,nan,nan,67.0
Minocycline (100Mg) Modified Release Capsule,Nan,nan,10's,₹0.0 (10's),Jan Aushadhi,Minocycline (100Mg) Modified Release Capsule,nan,nan,nan,0.0
Minocycline (45Mg) Extended Release Tablet,Nan,nan,10's,₹0.0 (10's),Jan Aushadhi,Minocycline (45Mg) Extended Release Tablet,nan,nan,nan,0.0
Minocycline (50Mg) Tablet,Nan,nan,10's,₹0.0 (10's),Jan Aushadhi,Minocycline (50Mg) Tablet,nan,nan,nan,0.0
Minocycline (65Mg) Extended Release Tablet,Nan,nan,10's,₹0.0 (10's),Jan Aushadhi,Minocycline (65Mg) Extended Release Tablet,nan,nan,nan,0.0
Minocycline 100 Mg Tab,Nan,nan,10's,₹0.0 (10's),Jan Aushadhi,Minocycline 100 Mg Tab,nan,nan,nan,0.0
Minoxidil 5% And Finasteride 0.1% Topical Solution,Nan,nan,60 ml,₹230.0 (60 ml),Jan Aushadhi,Minoxidil 5% and Finasteride 0.1% Topical Solution,nan,nan,nan,230.0
Minoxidil 5Mg Tablet,Nan,nan,10's,₹0.0 (10's),Jan Aushadhi,Minoxidil 5Mg Tablet,nan,nan,nan,0.0
Minoxidil Solution 5%,Nan,nan,60 ml,₹160.0 (60 ml),Jan Aushadhi,Minoxidil Solution 5%,nan,nan,nan,160.0
Minoxidil Tablets IP 10Mg,Nan,nan,10's,₹20.0 (10's),Jan Aushadhi,Minoxidil Tablets IP 10mg,nan,nan,nan,20.0
Mirabegron Extended-Release Tablets 25 Mg,Nan,nan,10's,₹100.0 (10's),Jan Aushadhi,Mirabegron Extended-release Tablets 25 mg,nan,nan,nan,100.0
Mirabegron Extended-Release Tablets 50 Mg,Nan,nan,10's,₹145.0 (10's),Jan Aushadhi,Mirabegron Extended-release Tablets 50 mg,nan,nan,nan,145.0
Mirtazapine Tablets IP 15Mg,Nan,nan,10's,₹30.0 (10's),Jan Aushadhi,Mirtazapine Tablets IP 15mg,nan,nan,nan,30.0
Mirtazapine Tablets IP 30 Mg,Nan,nan,10's,₹45.0 (10's),Jan Aushadhi,Mirtazapine Tablets IP 30 mg,nan,nan,nan,45.0
Mirtazapine Tablets IP 7.5Mg,Nan,nan,10's,₹13.0 (10's),Jan Aushadhi,Mirtazapine Tablets IP 7.5mg,nan,nan,nan,13.0
Misoprostol Tablets IP 200 Mcg,Nan,nan,4's,₹20.0 (4's),Jan Aushadhi,Misoprostol Tablets IP 200 mcg,nan,nan,nan,20.0
Modafinil 100Mg Tablets,Nan,nan,10's,₹50.0 (10's),Jan Aushadhi,Modafinil 100mg Tablets,nan,nan,nan,50.0
Modafinil Tablets IP 200Mg,Nan,nan,10's,₹84.0 (10's),Jan Aushadhi,Modafinil Tablets IP 200mg,nan,nan,nan,84.0
Molnupiravir Capsules 200Mg,Nan,nan,10's,₹40.0 (10's),Jan Aushadhi,Molnupiravir Capsules 200mg,nan,nan,nan,40.0
Mometasone Aqueous Nasal Spray IP 0.05%W/V (Nasal Suspension In A Pressurise Container),Nan,nan,120 MDI,₹102.0 (120 MDI),Jan Aushadhi,Mometasone Aqueous Nasal Spray IP 0.05%w/v (nasal suspension in a pressurise container),nan,nan,nan,102.0
Mometasone Furoate Cream IP 0.1%W/W,Nan,nan,15 gm,₹18.0 (15 gm),Jan Aushadhi,Mometasone Furoate Cream IP 0.1%w/w,nan,nan,nan,18.0
Montelukast 4Mg And Levocetirizine 2.5Mg Syrup,Cetzine,GSK,60 ml,₹20.0 (60 ml),Jan Aushadhi,Montelukast 4mg and Levocetirizine 2.5mg Syrup,Cetirizine 10 mg,✅ Yes,Allergy relief,20.0
Montelukast 4Mg And Levocetirizine 2.5Mg Syrup,Cetzine-L,Cipla,60 ml,₹20.0 (60 ml),Jan Aushadhi,Montelukast 4mg and Levocetirizine 2.5mg Syrup,Levocetirizine 5 mg,✅ Yes,"Allergy, hay fever, hives",20.0
Montelukast 4Mg And Levocetirizine 2.5Mg Syrup,Okacet,Cipla,60 ml,₹20.0 (60 ml),Jan Aushadhi,Montelukast 4mg and Levocetirizine 2.5mg Syrup,Cetirizine 10 mg,✅ Yes,Allergy relief,20.0
Montelukast 4Mg And Levocetirizine 2.5Mg Syrup,Xyzal,UCB,60 ml,₹20.0 (60 ml),Jan Aushadhi,Montelukast 4mg and Levocetirizine 2.5mg Syrup,Levocetirizine 5 mg,✅ Yes,"Allergy, hay fever, hives",20.0
Montelukast Sodium 10Mg And Ebastine 10Mg Tablets,Nan,nan,10's,₹25.0 (10's),Jan Aushadhi,Montelukast Sodium 10mg and Ebastine 10mg Tablets,nan,nan,nan,25.0
Montelukast Sodium 10Mg And Fexofenadine Hydrochloride 120 Mg Tablets,Nan,nan,10's,₹44.0 (10's),Jan Aushadhi,Montelukast Sodium 10mg and Fexofenadine Hydrochloride 120 mg Tablets,nan,nan,nan,44.0
Montelukast Sodium 10Mg And Levocetirizine 5Mg Tablets IP,Cetzine,GSK,10's,₹20.0 (10's),Jan Aushadhi,Montelukast Sodium 10mg and Levocetirizine 5mg Tablets IP,Cetirizine 10 mg,✅ Yes,Allergy relief,20.0
Montelukast Sodium 10Mg And Levocetirizine 5Mg Tablets IP,Cetzine-L,Cipla,10's,₹20.0 (10's),Jan Aushadhi,Montelukast Sodium 10mg and Levocetirizine 5mg Tablets IP,Levocetirizine 5 mg,✅ Yes,"Allergy, hay fever, hives",20.0
Montelukast Sodium 10Mg And Levocetirizine 5Mg Tablets IP,Okacet,Cipla,10's,₹20.0 (10's),Jan Aushadhi,Montelukast Sodium 10mg and Levocetirizine 5mg Tablets IP,Cetirizine 10 mg,✅ Yes,Allergy relief,20.0
Montelukast Sodium 10Mg And Levocetirizine 5Mg Tablets IP,Xyzal,UCB,10's,₹20.0 (10's),Jan Aushadhi,Montelukast Sodium 10mg and Levocetirizine 5mg Tablets IP,Levocetirizine 5 mg,✅ Yes,"Allergy, hay fever, hives",20.0
Montelukast Sodium 4Mg And Fexofenadine 60Mg Per 5Ml Suspension,Nan,nan,60ml Bottle,₹0.0 (60ml Bottle),Jan Aushadhi,Montelukast Sodium 4mg and Fexofenadine 60mg per 5ml Suspension,nan,nan,nan,0.0
Montelukast Sodium Tablets IP 10Mg,Nan,nan,10's,₹19.8 (10's),Jan Aushadhi,Montelukast Sodium Tablets IP 10mg,nan,nan,nan,19.8
Montelukast Sodium Tablets IP 5Mg,Nan,nan,10's,₹15.0 (10's),Jan Aushadhi,Montelukast Sodium Tablets IP 5mg,nan,nan,nan,15.0
Mosapride (5Mg) + Dimethicone (125Mg) Chewable Tablet,Nan,nan,10's,₹0.0 (10's),Jan Aushadhi,Mosapride (5Mg) + Dimethicone (125Mg) Chewable Tablet,nan,nan,nan,0.0
Mosapride Citrate 5 Mg Tablet,Nan,nan,10's,₹0.0 (10's),Jan Aushadhi,Mosapride Citrate 5 Mg Tablet,nan,nan,nan,0.0
"Mouth Ulcer Gel (Choline Salicylate Sodium 9% W/V, Benzalkonium Chloride 0.01% W/W)",Nan,nan,10 gm,₹15.0 (10 gm),Jan Aushadhi,"Mouth Ulcer Gel (Choline Salicylate Sodium 9% W/V, Benzalkonium Chloride 0.01% W/W)",nan,nan,nan,15.0
Moxifloxacin 0.5 %W/V And Prednisolone Acetate 1%W/V Eye Drops,Nan,nan,5ml Drops,₹20.0 (5ml Drops),Jan Aushadhi,Moxifloxacin 0.5 %w/v and Prednisolone Acetate 1%w/v Eye Drops,nan,nan,nan,20.0
Moxifloxacin 0.5% W/V And Dexamethasone 0.1% W/V Eye Drops,Nan,nan,5ml Drops,₹20.0 (5ml Drops),Jan Aushadhi,Moxifloxacin 0.5% w/v and Dexamethasone 0.1% w/v Eye Drops,nan,nan,nan,20.0
Moxifloxacin 400Mg And Cefixime 400Mg Tablet,Suprax,Lupin,10's,₹170.0 (10's),Jan Aushadhi,Moxifloxacin 400mg and Cefixime 400mg Tablet,Cefixime 200 mg,✅ Yes,"Typhoid fever, urinary & respiratory infections",170.0
Moxifloxacin 400Mg And Cefixime 400Mg Tablet,Taxim-O,Alkem,10's,₹170.0 (10's),Jan Aushadhi,Moxifloxacin 400mg and Cefixime 400mg Tablet,Cefixime 200 mg,✅ Yes,"Typhoid fever, urinary & respiratory infections",170.0
Moxifloxacin Hydrochloride Eye Drops IP 0.5% W/V,Nan,nan,5 ml,₹14.3 (5 ml),Jan Aushadhi,Moxifloxacin Hydrochloride Eye Drops IP 0.5% w/v,nan,nan,nan,14.3
Moxifloxacin Tablets 400 Mg,Nan,nan,5's,₹66.0 (5's),Jan Aushadhi,Moxifloxacin Tablets 400 mg,nan,nan,nan,66.0
Moxonidine Tablets 0.2Mg,Nan,nan,10's,₹36.0 (10's),Jan Aushadhi,Moxonidine Tablets 0.2mg,nan,nan,nan,36.0
Moxonidine Tablets 0.3 Mg,Nan,nan,10's,₹47.0 (10's),Jan Aushadhi,Moxonidine Tablets 0.3 mg,nan,nan,nan,47.0
Multivitamin Drops,Nan,nan,15 ml,₹18.0 (15 ml),Jan Aushadhi,Multivitamin Drops,nan,nan,nan,18.0
Multivitamin Syrup Chocolate Flavour,Nan,nan,200ml Bottle,₹0.0 (200ml Bottle),Jan Aushadhi,Multivitamin Syrup Chocolate Flavour,nan,nan,nan,0.0
Mupirocin Ointment IP 2 % W/W,Nan,nan,5 gm,₹50.0 (5 gm),Jan Aushadhi,Mupirocin Ointment IP 2 % w/w,nan,nan,nan,50.0
Mycophenolate Mofetil Tablets IP 500Mg,Nan,nan,10's,₹180.0 (10's),Jan Aushadhi,Mycophenolate Mofetil Tablets IP 500mg,nan,nan,nan,180.0
Mycophenolate Sodium Gastro-Resistant Tablets 360Mg,Nan,nan,10's,₹145.0 (10's),Jan Aushadhi,Mycophenolate Sodium Gastro-resistant Tablets 360mg,nan,nan,nan,145.0
"Myo-Inositol 1000Mg, L-Methyl Folate 100Mcg, Vitamin D3 1000 IU, Acetylcysteine 600Mg, L-Arginine 100Mg Tablets",Nan,nan,10's,₹0.0 (10's),Jan Aushadhi,"Myo-Inositol 1000mg, L-Methyl Folate 100mcg, Vitamin D3 1000 IU, Acetylcysteine 600mg, L-Arginine 100mg Tablets",nan,nan,nan,0.0
N-Acetylcysteine 150Mg And Taurine 500Mg Tablets,Nan,nan,10's,₹30.0 (10's),Jan Aushadhi,N-Acetylcysteine 150Mg And Taurine 500Mg Tablets,nan,nan,nan,30.0
N-Acetylcysteine 600 Mg And Pyridoxine Hydrochloride 50 Mg Tablets,Nan,nan,10's,₹0.0 (10's),Jan Aushadhi,N-Acetylcysteine 600 mg And Pyridoxine Hydrochloride 50 mg Tablets,nan,nan,nan,0.0
Nadifloxacin 1% W/W And Clobetasol Propionate 0.05% 10 Gm Skin Cream,Nan,nan,10gm Lami Tube,₹35.0 (10gm Lami Tube),Jan Aushadhi,Nadifloxacin 1% w/w and Clobetasol Propionate 0.05% 10 gm skin cream,nan,nan,nan,35.0
Nadifloxacin 1% W/W Cream,Nan,nan,10gm Lami Tube,₹30.0 (10gm Lami Tube),Jan Aushadhi,Nadifloxacin 1% w/w cream,nan,nan,nan,30.0
Naftifine Hydrochloride Cream 2% W/W,Nan,nan,20g in Mono-carton,₹95.0 (20g in Mono-carton),Jan Aushadhi,Naftifine Hydrochloride Cream 2% w/w,nan,nan,nan,95.0
Nalidixic Acid Tablets IP 500 Mg,Nan,nan,10's,₹17.0 (10's),Jan Aushadhi,Nalidixic Acid Tablets IP 500 mg,nan,nan,nan,17.0
Naltrexone 50Mg Tablets,Nan,nan,10's,₹0.0 (10's),Jan Aushadhi,Naltrexone 50Mg Tablets,nan,nan,nan,0.0
Nandrolone Decanoate Injection IP 25 Mg Per Ml,Nan,nan,1 ML,₹20.0 (1 ML),Jan Aushadhi,Nandrolone Decanoate Injection IP 25 mg per ml,nan,nan,nan,20.0
Nandrolone Decanoate Injection IP 50 Mg Per Ml,Nan,nan,2 ml,₹40.0 (2 ml),Jan Aushadhi,Nandrolone Decanoate Injection IP 50 mg per ml,nan,nan,nan,40.0
Nandrolone Decanoate Injection IP 50Mg/Ml,Nan,nan,1ml Ampoule in Mono Carton,₹30.0 (1ml Ampoule in Mono Carton),Jan Aushadhi,Nandrolone Decanoate Injection IP 50mg/ml,nan,nan,nan,30.0
Naproxen 250 Mg And Domperidone 10 Mg Tablet,Domstal,Torrent,10's,₹30.0 (10's),Jan Aushadhi,Naproxen 250 mg and Domperidone 10 mg Tablet,Domperidone 10 mg,✅ Yes,"Nausea, vomiting, gastric motility",30.0
Naproxen 250 Mg And Domperidone 10 Mg Tablet,Vomistop,Cipla,10's,₹30.0 (10's),Jan Aushadhi,Naproxen 250 mg and Domperidone 10 mg Tablet,Domperidone 10 mg,✅ Yes,"Nausea, vomiting, gastric motility",30.0
Naproxen 500 Mg And Domperidone 10 Mg Tablet,Domstal,Torrent,10's,₹52.0 (10's),Jan Aushadhi,Naproxen 500 mg and Domperidone 10 mg Tablet,Domperidone 10 mg,✅ Yes,"Nausea, vomiting, gastric motility",52.0
Naproxen 500 Mg And Domperidone 10 Mg Tablet,Vomistop,Cipla,10's,₹52.0 (10's),Jan Aushadhi,Naproxen 500 mg and Domperidone 10 mg Tablet,Domperidone 10 mg,✅ Yes,"Nausea, vomiting, gastric motility",52.0
Naproxen 500 Mg Delayed Release And Esomeprazole 20Mg Tablet,Omez,Dr. Reddy's,10's,₹0.0 (10's),Jan Aushadhi,Naproxen 500 mg Delayed Release and Esomeprazole 20mg Tablet,Omeprazole 20 mg,✅ Yes,"Acidity, GERD, ulcers",0.0
Naproxen 500 Mg Delayed Release And Esomeprazole 20Mg Tablet,Prilosec,AstraZeneca,10's,₹0.0 (10's),Jan Aushadhi,Naproxen 500 mg Delayed Release and Esomeprazole 20mg Tablet,Omeprazole 20 mg,✅ Yes,"Acidity, GERD, ulcers",0.0
Naproxen Tablets IP 250 Mg,Nan,nan,15's,₹23.0 (15's),Jan Aushadhi,Naproxen Tablets IP 250 mg,nan,nan,nan,23.0
Naproxen Tablets IP 500 Mg,Nan,nan,15's,₹48.0 (15's),Jan Aushadhi,Naproxen Tablets IP 500 mg,nan,nan,nan,48.0
Natamycin Ophthalmic Suspension IP 5% W/V,Nan,nan,5ml Drops,₹56.0 (5ml Drops),Jan Aushadhi,Natamycin Ophthalmic Suspension IP 5% w/v,nan,nan,nan,56.0
Natural Micronised Progesterone Capsules 100Mg,Nan,nan,10's,₹67.0 (10's),Jan Aushadhi,Natural Micronised Progesterone Capsules 100mg,nan,nan,nan,67.0
Natural Micronised Progesterone Capsules 200Mg,Nan,nan,10's,₹125.0 (10's),Jan Aushadhi,Natural Micronised Progesterone Capsules 200mg,nan,nan,nan,125.0
Nebivolol 2.5Mg + Amlodipine 2.5Mg Tablets,Amlong,Micro Labs,10's,₹0.0 (10's),Jan Aushadhi,Nebivolol 2.5mg + Amlodipine 2.5mg Tablets,Amlodipine 5 mg,✅ Yes,"High blood pressure, angina",0.0
Nebivolol 2.5Mg + Amlodipine 2.5Mg Tablets,Norvasc,Pfizer,10's,₹0.0 (10's),Jan Aushadhi,Nebivolol 2.5mg + Amlodipine 2.5mg Tablets,Amlodipine 5 mg,✅ Yes,"High blood pressure, angina",0.0
Nebivolol 2.5Mg And Cilnidipine 10Mg Tablets,Nan,nan,10's,₹25.0 (10's),Jan Aushadhi,Nebivolol 2.5mg and Cilnidipine 10mg Tablets,nan,nan,nan,25.0
Nebivolol 5 Mg And S- Amlodipine 2.5 Mg Tablet,Amlong,Micro Labs,10's,₹25.0 (10's),Jan Aushadhi,Nebivolol 5 mg and S- Amlodipine 2.5 mg Tablet,Amlodipine 5 mg,✅ Yes,"High blood pressure, angina",25.0
Nebivolol 5 Mg And S- Amlodipine 2.5 Mg Tablet,Norvasc,Pfizer,10's,₹25.0 (10's),Jan Aushadhi,Nebivolol 5 mg and S- Amlodipine 2.5 mg Tablet,Amlodipine 5 mg,✅ Yes,"High blood pressure, angina",25.0
Nebivolol 5Mg + Amlodipine 5Mg Tablets,Amlong,Micro Labs,10's,₹28.0 (10's),Jan Aushadhi,Nebivolol 5mg + Amlodipine 5mg Tablets,Amlodipine 5 mg,✅ Yes,"High blood pressure, angina",28.0
Nebivolol 5Mg + Amlodipine 5Mg Tablets,Norvasc,Pfizer,10's,₹28.0 (10's),Jan Aushadhi,Nebivolol 5mg + Amlodipine 5mg Tablets,Amlodipine 5 mg,✅ Yes,"High blood pressure, angina",28.0
Nebivolol 5Mg And Cilnidipine 10Mg Tablets,Nan,nan,10's,₹35.0 (10's),Jan Aushadhi,Nebivolol 5mg and Cilnidipine 10mg Tablets,nan,nan,nan,35.0
Nebivolol 5Mg And Hydrochlorothiazide 12.5Mg Tablets,Nan,nan,10's,₹66.0 (10's),Jan Aushadhi,Nebivolol 5mg and Hydrochlorothiazide 12.5mg Tablets,nan,nan,nan,66.0
Nebivolol 5Mg And Telmisartan 40Mg Tablets,Micardis,Boehringer,10's,₹50.0 (10's),Jan Aushadhi,Nebivolol 5mg and Telmisartan 40mg Tablets,Telmisartan 40 mg,✅ Yes,"High blood pressure, heart protection",50.0
Nebivolol 5Mg And Telmisartan 40Mg Tablets,Telma,Glenmark,10's,₹50.0 (10's),Jan Aushadhi,Nebivolol 5mg and Telmisartan 40mg Tablets,Telmisartan 40 mg,✅ Yes,"High blood pressure, heart protection",50.0
Nebivolol Hydrochloride Tablets IP 10 Mg,Nan,nan,10's,₹45.0 (10's),Jan Aushadhi,Nebivolol Hydrochloride Tablets IP 10 mg,nan,nan,nan,45.0
Nebivolol Tablets IP 2.5Mg,Nan,nan,10's,₹16.0 (10's),Jan Aushadhi,Nebivolol Tablets IP 2.5mg,nan,nan,nan,16.0
Nebivolol Tablets IP 5 Mg,Nan,nan,10's,₹25.0 (10's),Jan Aushadhi,Nebivolol Tablets IP 5 mg,nan,nan,nan,25.0
"Neomycin 3400IU, Polymyxin B Sulfates 5000IU And Bacitracin Zinc 400IU Ophthalmic Ointment",Nan,nan,5 g,₹18.7 (5 g),Jan Aushadhi,"Neomycin 3400IU, Polymyxin B Sulfates 5000IU and Bacitracin Zinc 400IU Ophthalmic Ointment",nan,nan,nan,18.7
"Neomycin Sulphate 3400 Units, Polymyxin B Sulfate 5000 Units And Bacitracin Zinc 400 Units Powder",Nan,nan,10g,₹35.0 (10g),Jan Aushadhi,"Neomycin Sulphate 3400 Units, Polymyxin B Sulfate 5000 units and Bacitracin Zinc 400 Units Powder",nan,nan,nan,35.0
Neostigmine Methylsulphate Injection IP 0.5Mg/Ml,Nan,nan,5ml Ampoule,₹14.0 (5ml Ampoule),Jan Aushadhi,Neostigmine Methylsulphate Injection IP 0.5mg/ml,nan,nan,nan,14.0
Neostigmine Methylsulphate Injection IP 2.5Mg/Ml,Nan,nan,1ml Ampoule,₹0.0 (1ml Ampoule),Jan Aushadhi,Neostigmine Methylsulphate Injection IP 2.5mg/ml,nan,nan,nan,0.0
Nepafenac Eye Drop 0.1% W/V,Nan,nan,5 ml,₹66.0 (5 ml),Jan Aushadhi,Nepafenac Eye Drop 0.1% W/V,nan,nan,nan,66.0
Nicorandil Tablet IP 10Mg,Nan,nan,10's,₹50.0 (10's),Jan Aushadhi,Nicorandil Tablet IP 10mg,nan,nan,nan,50.0
Nicorandil Tablet IP 5Mg,Nan,nan,10's,₹40.0 (10's),Jan Aushadhi,Nicorandil Tablet IP 5mg,nan,nan,nan,40.0
Nicotine 2Mg Oral Disintegrating Strips,Nan,nan,12's in Mono Carton,₹74.0 (12's in Mono Carton),Jan Aushadhi,Nicotine 2mg Oral Disintegrating Strips,nan,nan,nan,74.0
Nicotine Oral Disintegrating Strips 4Mg,Nan,nan,12's in Mono Carton,₹0.0 (12's in Mono Carton),Jan Aushadhi,Nicotine Oral Disintegrating Strips 4mg,nan,nan,nan,0.0
Nicoumalone (Acenocoumarol) 2Mg Tablets,Nan,nan,10's,₹15.0 (10's),Jan Aushadhi,Nicoumalone (Acenocoumarol) 2mg Tablets,nan,nan,nan,15.0
Nicoumalone/Acenocoumarol Tablets IP 1 Mg,Nan,nan,10's,₹40.0 (10's),Jan Aushadhi,Nicoumalone/Acenocoumarol Tablets IP 1 mg,nan,nan,nan,40.0
Nicoumalone/Acenocoumarol Tablets IP 3 Mg,Nan,nan,10's,₹65.0 (10's),Jan Aushadhi,Nicoumalone/Acenocoumarol Tablets IP 3 mg,nan,nan,nan,65.0
Nicoumalone/Acenocoumarol Tablets IP 4 Mg,Nan,nan,30's,₹50.0 (30's),Jan Aushadhi,Nicoumalone/Acenocoumarol Tablets IP 4 mg,nan,nan,nan,50.0
Nifedipine 5Mg Capsule,Nan,nan,10's,₹0.0 (10's),Jan Aushadhi,Nifedipine 5Mg Capsule,nan,nan,nan,0.0
Nifedipine Extended Release Tablets IP 30 Mg,Nan,nan,10's,₹15.0 (10's),Jan Aushadhi,Nifedipine Extended Release Tablets IP 30 mg,nan,nan,nan,15.0
Nifedipine Extended Release Tablets IP 60 Mg,Nan,nan,10's,₹0.0 (10's),Jan Aushadhi,Nifedipine Extended Release Tablets IP 60 mg,nan,nan,nan,0.0
Nifedipine Prolonged Release Tablets IP 20Mg,Nan,nan,10's,₹9.0 (10's),Jan Aushadhi,Nifedipine Prolonged release Tablets IP 20mg,nan,nan,nan,9.0
Nifedipine Sustained Release Tablets IP 10Mg,Nan,nan,15's,₹12.0 (15's),Jan Aushadhi,Nifedipine Sustained Release Tablets IP 10mg,nan,nan,nan,12.0
"Nimesulid 100Mg, Paracetamol 325Mg And Chlorzoxazone 375Mg Tablets",Calpol,GSK,10's,₹20.0 (10's),Jan Aushadhi,"Nimesulid 100mg, Paracetamol 325mg and Chlorzoxazone 375mg Tablets",Paracetamol 500 mg,✅ Yes,"Pain relief, fever reducer",20.0
"Nimesulid 100Mg, Paracetamol 325Mg And Chlorzoxazone 375Mg Tablets",Crocin,GSK,10's,₹20.0 (10's),Jan Aushadhi,"Nimesulid 100mg, Paracetamol 325mg and Chlorzoxazone 375mg Tablets",Paracetamol 500 mg,✅ Yes,"Pain relief, fever reducer",20.0
"Nimesulid 100Mg, Paracetamol 325Mg And Chlorzoxazone 375Mg Tablets",Dolo-650,Micro Labs,10's,₹20.0 (10's),Jan Aushadhi,"Nimesulid 100mg, Paracetamol 325mg and Chlorzoxazone 375mg Tablets",Paracetamol 650 mg,✅ Yes,"Pain relief, fever reducer",20.0
"Nimesulide 100 Mg, Paracetamol 325 Mg And Serratiopeptidase 15 Mg Tablet",Calpol,GSK,10's,₹25.0 (10's),Jan Aushadhi,"Nimesulide 100 mg, Paracetamol 325 mg and Serratiopeptidase 15 mg Tablet",Paracetamol 500 mg,✅ Yes,"Pain relief, fever reducer",25.0
"Nimesulide 100 Mg, Paracetamol 325 Mg And Serratiopeptidase 15 Mg Tablet",Crocin,GSK,10's,₹25.0 (10's),Jan Aushadhi,"Nimesulide 100 mg, Paracetamol 325 mg and Serratiopeptidase 15 mg Tablet",Paracetamol 500 mg,✅ Yes,"Pain relief, fever reducer",25.0
"Nimesulide 100 Mg, Paracetamol 325 Mg And Serratiopeptidase 15 Mg Tablet",Dolo-650,Micro Labs,10's,₹25.0 (10's),Jan Aushadhi,"Nimesulide 100 mg, Paracetamol 325 mg and Serratiopeptidase 15 mg Tablet",Paracetamol 650 mg,✅ Yes,"Pain relief, fever reducer",25.0
Nimesulide 100Mg And Paracetamol 325Mg Tablets,Calpol,GSK,10's,₹11.0 (10's),Jan Aushadhi,Nimesulide 100mg and Paracetamol 325mg Tablets,Paracetamol 500 mg,✅ Yes,"Pain relief, fever reducer",11.0
Nimesulide 100Mg And Paracetamol 325Mg Tablets,Crocin,GSK,10's,₹11.0 (10's),Jan Aushadhi,Nimesulide 100mg and Paracetamol 325mg Tablets,Paracetamol 500 mg,✅ Yes,"Pain relief, fever reducer",11.0
Nimesulide 100Mg And Paracetamol 325Mg Tablets,Dolo-650,Micro Labs,10's,₹11.0 (10's),Jan Aushadhi,Nimesulide 100mg and Paracetamol 325mg Tablets,Paracetamol 650 mg,✅ Yes,"Pain relief, fever reducer",11.0
Nimesulide Gel 1% W/W,Nan,nan,20 gm Tube,₹16.0 (20 gm Tube),Jan Aushadhi,Nimesulide Gel 1% W/W,nan,nan,nan,16.0
Nimesulide Tablets 100 Mg,Nan,nan,10's,₹6.6 (10's),Jan Aushadhi,Nimesulide Tablets 100 mg,nan,nan,nan,6.6
Nimodipine Tablet (30 Mg),Nan,nan,10's,₹0.0 (10's),Jan Aushadhi,Nimodipine Tablet (30 Mg),nan,nan,nan,0.0
Nintedanib Soft Gelatin Capsules 100Mg,Nan,nan,10's,₹533.0 (10's),Jan Aushadhi,Nintedanib Soft Gelatin Capsules 100mg,nan,nan,nan,533.0
Nintedanib Soft Gelatin Capsules 150Mg,Nan,nan,10's,₹426.5 (10's),Jan Aushadhi,Nintedanib Soft gelatin Capsules 150mg,nan,nan,nan,426.5
Nitazoxanide 500Mg Tablets,Nan,nan,10's,₹55.0 (10's),Jan Aushadhi,Nitazoxanide 500mg Tablets,nan,nan,nan,55.0
Nitrazepam Tablets I.P 10Mg,Nan,nan,10's,₹9.0 (10's),Jan Aushadhi,Nitrazepam Tablets I.P 10mg,nan,nan,nan,9.0
Nitrofurantoin 50Mg Tablets,Nan,nan,10's,₹0.0 (10's),Jan Aushadhi,Nitrofurantoin 50mg Tablets,nan,nan,nan,0.0
Nitrofurantoin Sustained Release Tablets 100Mg,Nan,nan,15's,₹30.0 (15's),Jan Aushadhi,Nitrofurantoin Sustained Release Tablets 100mg,nan,nan,nan,30.0
Nitrofurantoin Tablets I.P 100Mg,Nan,nan,10's,₹17.6 (10's),Jan Aushadhi,Nitrofurantoin Tablets I.P 100mg,nan,nan,nan,17.6
Nitroglycerin Controlled Release Tablets 6.4 Mg,Nan,nan,30's in Bottle,₹55.0 (30's in Bottle),Jan Aushadhi,Nitroglycerin Controlled Release Tablets 6.4 mg,nan,nan,nan,55.0
Norethisterone Acetate Controlled Release Tablets 10Mg,Nan,nan,10's,₹27.0 (10's),Jan Aushadhi,Norethisterone Acetate Controlled Release Tablets 10mg,nan,nan,nan,27.0
Norethisterone Tablets IP 5 Mg,Nan,nan,10's,₹14.0 (10's),Jan Aushadhi,Norethisterone Tablets IP 5 mg,nan,nan,nan,14.0
Norfloxacin 400Mg And Tinidazole 600Mg Tablets,Nan,nan,10's,₹40.0 (10's),Jan Aushadhi,Norfloxacin 400mg and Tinidazole 600mg Tablets,nan,nan,nan,40.0
Norfloxacin Tablets IP 400 Mg,Nan,nan,10's,₹21.0 (10's),Jan Aushadhi,Norfloxacin Tablets IP 400 mg,nan,nan,nan,21.0
Nortriptyline Tablets IP 10Mg,Nan,nan,10's,₹10.0 (10's),Jan Aushadhi,Nortriptyline Tablets IP 10mg,nan,nan,nan,10.0
Nortriptyline Tablets IP 25Mg,Nan,nan,10's,₹16.0 (10's),Jan Aushadhi,Nortriptyline Tablets IP 25mg,nan,nan,nan,16.0
Noscapine Syrup 1.83Mg Per 5Ml,Nan,nan,50 ml,₹40.0 (50 ml),Jan Aushadhi,Noscapine Syrup 1.83mg per 5ml,nan,nan,nan,40.0
Obeticholic Acid 10Mg Tablets,Nan,nan,10's,₹100.0 (10's),Jan Aushadhi,Obeticholic Acid 10mg Tablets,nan,nan,nan,100.0
Obeticholic Acid 5Mg Tablets,Nan,nan,10's,₹60.0 (10's),Jan Aushadhi,Obeticholic Acid 5mg Tablets,nan,nan,nan,60.0
Octreotide Injection 100Mcg,Nan,nan,1ml Ampoule,₹140.0 (1ml Ampoule),Jan Aushadhi,Octreotide injection 100mcg,nan,nan,nan,140.0
Octreotide Injection 50 Mcg,Nan,nan,1ml Ampoule,₹80.0 (1ml Ampoule),Jan Aushadhi,Octreotide injection 50 mcg,nan,nan,nan,80.0
Octreotide Long Acting Release Injection 20Mg (Lyophilised),Nan,nan,Vial,₹0.0 (Vial),Jan Aushadhi,Octreotide long acting release Injection 20mg (Lyophilised),nan,nan,nan,0.0
Octreotide Long Acting Release Injection 30Mg (Lyophilised),Nan,nan,Vial,₹12000.0 (Vial),Jan Aushadhi,Octreotide long acting release Injection 30mg (Lyophilised),nan,nan,nan,12000.0
Ofloxacin + Ornidazole,Oflazest OZ-6,Elinor Pharmaceuticals Pvt Ltd,200 mg + 500 mg,₹68.0 (10 tablets),1mg/Cipla/NetMeds,Ofloxacin 200 mg + Ornidazole 500 mg,Ofloxacin 200 mg + Ornidazole 500 mg,✅ Yes,"Treatment of mixed bacterial and protozoal infections (including gastrointestinal, urinary, and post-operative infections)",68.0
"Ofloxacin 0.3% W/V, Dexamethasone 0.1% W/V, Benzalkonium Chloride (As Preservative) 0.005% W/V Eye Drops",Nan,nan,5ml Drops,₹10.0 (5ml Drops),Jan Aushadhi,"Ofloxacin 0.3% w/v, Dexamethasone 0.1% w/v, Benzalkonium Chloride (As Preservative) 0.005% w/v Eye Drops",nan,nan,nan,10.0
Ofloxacin 100Mg And Metronidazole 200Mg Per 5Ml Oral Suspension,Nan,nan,60ml in Mono-carton with measuring cap,₹35.0 (60ml in Mono-carton with measuring cap),Jan Aushadhi,Ofloxacin 100mg and Metronidazole 200mg per 5ml Oral Suspension,nan,nan,nan,35.0
Ofloxacin 200Mg And Ornidazole 500Mg Tablets IP,Nan,nan,10's,₹27.5 (10's),Jan Aushadhi,Ofloxacin 200mg and Ornidazole 500mg Tablets IP,nan,nan,nan,27.5
Ofloxacin Eye Drops IP 0.3% W/V,Nan,nan,10 ml,₹11.0 (10 ml),Jan Aushadhi,Ofloxacin Eye Drops IP 0.3% w/v,nan,nan,nan,11.0
Ofloxacin Infusion IP 200 Mg Per 100 Ml,Nan,nan,100 ml,₹33.0 (100 ml),Jan Aushadhi,Ofloxacin Infusion IP 200 mg per 100 ml,nan,nan,nan,33.0
Ofloxacin Tablets IP 200Mg,Nan,nan,10's,₹14.0 (10's),Jan Aushadhi,Ofloxacin Tablets IP 200mg,nan,nan,nan,14.0
Ofloxacin Tablets IP 400Mg,Nan,nan,10's,₹35.0 (10's),Jan Aushadhi,Ofloxacin Tablets IP 400mg,nan,nan,nan,35.0
Ofloxaxin 200Mg And Flavoxate 200 Mg Tablet,Nan,nan,10's,₹65.0 (10's),Jan Aushadhi,Ofloxaxin 200mg and Flavoxate 200 mg Tablet,nan,nan,nan,65.0
Olanzapine 5Mg And Fluoxetine 20Mg Tablets IP,Nan,nan,10's,₹20.0 (10's),Jan Aushadhi,Olanzapine 5mg and Fluoxetine 20mg Tablets IP,nan,nan,nan,20.0
Olanzapine Tablets IP 10Mg,Nan,nan,10's,₹8.8 (10's),Jan Aushadhi,Olanzapine Tablets IP 10mg,nan,nan,nan,8.8
Olanzapine Tablets IP 5Mg,Nan,nan,10's,₹6.6 (10's),Jan Aushadhi,Olanzapine Tablets IP 5mg,nan,nan,nan,6.6
Olaparib Tablet 100 Mg,Nan,nan,30's in bottle,₹0.0 (30's in bottle),Jan Aushadhi,Olaparib Tablet 100 mg,nan,nan,nan,0.0
Olaparib Tablet 150 Mg,Nan,nan,30's in bottle,₹0.0 (30's in bottle),Jan Aushadhi,Olaparib Tablet 150 mg,nan,nan,nan,0.0
Olmesartan + Amlodipine + Chlorthalidone Tablet (40/5/12.5 Mg),Amlong,Micro Labs,10's,₹0.0 (10's),Jan Aushadhi,Olmesartan + Amlodipine + Chlorthalidone Tablet (40/5/12.5 Mg),Amlodipine 5 mg,✅ Yes,"High blood pressure, angina",0.0
Olmesartan + Amlodipine + Chlorthalidone Tablet (40/5/12.5 Mg),Norvasc,Pfizer,10's,₹0.0 (10's),Jan Aushadhi,Olmesartan + Amlodipine + Chlorthalidone Tablet (40/5/12.5 Mg),Amlodipine 5 mg,✅ Yes,"High blood pressure, angina",0.0
Olmesartan + Metoprolol Tablet (20/25 Mg),Nan,nan,10's,₹0.0 (10's),Jan Aushadhi,Olmesartan + Metoprolol Tablet (20/25 Mg),nan,nan,nan,0.0
Olmesartan + Metoprolol Tablet (20/50 Mg),Nan,nan,10's,₹0.0 (10's),Jan Aushadhi,Olmesartan + Metoprolol Tablet (20/50 Mg),nan,nan,nan,0.0
Olmesartan 20Mg And Amlodipine 5Mg Tablets,Amlong,Micro Labs,10's,₹25.0 (10's),Jan Aushadhi,Olmesartan 20mg and Amlodipine 5mg Tablets,Amlodipine 5 mg,✅ Yes,"High blood pressure, angina",25.0
Olmesartan 20Mg And Amlodipine 5Mg Tablets,Norvasc,Pfizer,10's,₹25.0 (10's),Jan Aushadhi,Olmesartan 20mg and Amlodipine 5mg Tablets,Amlodipine 5 mg,✅ Yes,"High blood pressure, angina",25.0
"Olmesartan 20Mg, Amlodipine 5Mg And Hydrochlorothiazide 12.5Mg Tablets",Amlong,Micro Labs,10's,₹41.8 (10's),Jan Aushadhi,"Olmesartan 20mg, Amlodipine 5mg and Hydrochlorothiazide 12.5mg Tablets",Amlodipine 5 mg,✅ Yes,"High blood pressure, angina",41.8
"Olmesartan 20Mg, Amlodipine 5Mg And Hydrochlorothiazide 12.5Mg Tablets",Norvasc,Pfizer,10's,₹41.8 (10's),Jan Aushadhi,"Olmesartan 20mg, Amlodipine 5mg and Hydrochlorothiazide 12.5mg Tablets",Amlodipine 5 mg,✅ Yes,"High blood pressure, angina",41.8
Olmesartan 40Mg And Amlodipine 5Mg Tablets,Amlong,Micro Labs,10's,₹35.0 (10's),Jan Aushadhi,Olmesartan 40mg and Amlodipine 5mg Tablets,Amlodipine 5 mg,✅ Yes,"High blood pressure, angina",35.0
Olmesartan 40Mg And Amlodipine 5Mg Tablets,Norvasc,Pfizer,10's,₹35.0 (10's),Jan Aushadhi,Olmesartan 40mg and Amlodipine 5mg Tablets,Amlodipine 5 mg,✅ Yes,"High blood pressure, angina",35.0
"Olmesartan 40Mg, Amlodipine 5Mg And Hydrochlorothiazide 12.5Mg Tablets",Amlong,Micro Labs,10's,₹45.0 (10's),Jan Aushadhi,"Olmesartan 40mg, Amlodipine 5mg and Hydrochlorothiazide 12.5mg Tablets",Amlodipine 5 mg,✅ Yes,"High blood pressure, angina",45.0
"Olmesartan 40Mg, Amlodipine 5Mg And Hydrochlorothiazide 12.5Mg Tablets",Norvasc,Pfizer,10's,₹45.0 (10's),Jan Aushadhi,"Olmesartan 40mg, Amlodipine 5mg and Hydrochlorothiazide 12.5mg Tablets",Amlodipine 5 mg,✅ Yes,"High blood pressure, angina",45.0
Olmesartan Medoxomil 20Mg And Chlorthalidone 12.5Mg Tablets,Nan,nan,10's,₹30.0 (10's),Jan Aushadhi,Olmesartan Medoxomil 20mg and Chlorthalidone 12.5mg Tablets,nan,nan,nan,30.0
Olmesartan Medoxomil 20Mg And Hydrochlorothiazide 12.5Mg Tablets IP,Nan,nan,10's,₹27.0 (10's),Jan Aushadhi,Olmesartan Medoxomil 20mg and Hydrochlorothiazide 12.5mg Tablets IP,nan,nan,nan,27.0
"Olmesartan Medoxomil 20Mg, Cilnidipine 10Mg And Chlorthalidone 12.5Mg Tablets",Nan,nan,10's,₹35.0 (10's),Jan Aushadhi,"Olmesartan Medoxomil 20mg, Cilnidipine 10mg and Chlorthalidone 12.5mg Tablets",nan,nan,nan,35.0
"Olmesartan Medoxomil 20Mg, Cilnidipine 10Mg And Chlorthalidone 6.25Mg Tablets",Nan,nan,10's,₹30.0 (10's),Jan Aushadhi,"Olmesartan Medoxomil 20mg, Cilnidipine 10mg and Chlorthalidone 6.25mg Tablets",nan,nan,nan,30.0
Olmesartan Medoxomil 40Mg And Chlorthalidone 12.5Mg Tablets,Nan,nan,10's,₹45.0 (10's),Jan Aushadhi,Olmesartan Medoxomil 40mg and Chlorthalidone 12.5mg Tablets,nan,nan,nan,45.0
Olmesartan Medoxomil 40Mg And Hydrochlorothiazide 12.5Mg Tablets IP,Nan,nan,10's,₹30.0 (10's),Jan Aushadhi,Olmesartan Medoxomil 40mg and Hydrochlorothiazide 12.5mg Tablets IP,nan,nan,nan,30.0
"Olmesartan Medoxomil 40Mg, Cilnidipine 10Mg And Chlorthalidone 12.5Mg Tablets",Nan,nan,10's,₹40.0 (10's),Jan Aushadhi,"Olmesartan Medoxomil 40mg, Cilnidipine 10mg and Chlorthalidone 12.5mg Tablets",nan,nan,nan,40.0
Olmesartan Medoxomil Tablets IP 10Mg,Nan,nan,10's,₹10.0 (10's),Jan Aushadhi,Olmesartan Medoxomil Tablets IP 10mg,nan,nan,nan,10.0
Olmesartan Medoxomil Tablets IP 20Mg,Nan,nan,10's,₹17.0 (10's),Jan Aushadhi,Olmesartan Medoxomil Tablets IP 20mg,nan,nan,nan,17.0
Olmesartan Medoxomil Tablets IP 40 Mg,Nan,nan,10's,₹36.3 (10's),Jan Aushadhi,Olmesartan Medoxomil Tablets IP 40 mg,nan,nan,nan,36.3
Olopatadine 5 Mg Tab,Nan,nan,10's,₹0.0 (10's),Jan Aushadhi,Olopatadine 5 Mg Tab,nan,nan,nan,0.0
Olopatadine Hydrochloride 0.4% W/V And Ketorolac 0.1 % W/V Ophthalmic Solution,Toradol,Roche,5ml Drop bottle in Mono Carton,₹0.0 (5ml Drop bottle in Mono Carton),Jan Aushadhi,Olopatadine Hydrochloride 0.4% w/v and Ketorolac 0.1 % w/v Ophthalmic Solution,Ketorolac 10 mg,✅ Yes,"Short-term pain relief (post-surgery, injury)",0.0
Olopatadine Hydrochloride Ophthalmic Solution IP 0.1% W/V,Nan,nan,10 ml Vial,₹45.0 (10 ml Vial),Jan Aushadhi,Olopatadine Hydrochloride Ophthalmic Solution IP 0.1% w/v,nan,nan,nan,45.0
"Omega 3 Fatty Acid 500Mg, EPA 150Mg, DHA 100Mg, Bilberry Extract 50Mg, Lutein 20% & Zeaxanthin 4%- 25Mg, Beta Carotene 4.8Mg, Vitamin D3 10Mcg Capsules",Nan,nan,30's Bottle,₹150.0 (30's Bottle),Jan Aushadhi,"Omega 3 Fatty Acid 500mg, EPA 150mg, DHA 100mg, Bilberry Extract 50mg, Lutein 20% & Zeaxanthin 4%- 25mg, Beta carotene 4.8mg, Vitamin D3 10mcg Capsules",nan,nan,nan,150.0
Omeprazole 20Mg And Domperidone 10Mg Capsules IP,Domstal,Torrent,10's,₹11.0 (10's),Jan Aushadhi,Omeprazole 20mg and Domperidone 10mg Capsules IP,Domperidone 10 mg,✅ Yes,"Nausea, vomiting, gastric motility",11.0
Omeprazole 20Mg And Domperidone 10Mg Capsules IP,Omez,Dr. Reddy's,10's,₹11.0 (10's),Jan Aushadhi,Omeprazole 20mg and Domperidone 10mg Capsules IP,Omeprazole 20 mg,✅ Yes,"Acidity, GERD, ulcers",11.0
Omeprazole 20Mg And Domperidone 10Mg Capsules IP,Prilosec,AstraZeneca,10's,₹11.0 (10's),Jan Aushadhi,Omeprazole 20mg and Domperidone 10mg Capsules IP,Omeprazole 20 mg,✅ Yes,"Acidity, GERD, ulcers",11.0
Omeprazole 20Mg And Domperidone 10Mg Capsules IP,Vomistop,Cipla,10's,₹11.0 (10's),Jan Aushadhi,Omeprazole 20mg and Domperidone 10mg Capsules IP,Domperidone 10 mg,✅ Yes,"Nausea, vomiting, gastric motility",11.0
Omeprazole 20Mg Powder For Oral Suspension (Sodium Bicarbonate As Buffer),Omez,Dr. Reddy's,10 sachet in monocarton,₹79.0 (10 sachet in monocarton),Jan Aushadhi,Omeprazole 20mg Powder for Oral suspension (Sodium bicarbonate as buffer),Omeprazole 20 mg,✅ Yes,"Acidity, GERD, ulcers",79.0
Omeprazole 20Mg Powder For Oral Suspension (Sodium Bicarbonate As Buffer),Prilosec,AstraZeneca,10 sachet in monocarton,₹79.0 (10 sachet in monocarton),Jan Aushadhi,Omeprazole 20mg Powder for Oral suspension (Sodium bicarbonate as buffer),Omeprazole 20 mg,✅ Yes,"Acidity, GERD, ulcers",79.0
Omeprazole Gastro-Resistant 20Mg And Domperidone Sustained Release 30Mg Capsules,Domstal,Torrent,15's,₹27.5 (15's),Jan Aushadhi,Omeprazole Gastro-resistant 20mg and Domperidone Sustained Release 30mg Capsules,Domperidone 10 mg,✅ Yes,"Nausea, vomiting, gastric motility",27.5
Omeprazole Gastro-Resistant 20Mg And Domperidone Sustained Release 30Mg Capsules,Omez,Dr. Reddy's,15's,₹27.5 (15's),Jan Aushadhi,Omeprazole Gastro-resistant 20mg and Domperidone Sustained Release 30mg Capsules,Omeprazole 20 mg,✅ Yes,"Acidity, GERD, ulcers",27.5
Omeprazole Gastro-Resistant 20Mg And Domperidone Sustained Release 30Mg Capsules,Prilosec,AstraZeneca,15's,₹27.5 (15's),Jan Aushadhi,Omeprazole Gastro-resistant 20mg and Domperidone Sustained Release 30mg Capsules,Omeprazole 20 mg,✅ Yes,"Acidity, GERD, ulcers",27.5
Omeprazole Gastro-Resistant 20Mg And Domperidone Sustained Release 30Mg Capsules,Vomistop,Cipla,15's,₹27.5 (15's),Jan Aushadhi,Omeprazole Gastro-resistant 20mg and Domperidone Sustained Release 30mg Capsules,Domperidone 10 mg,✅ Yes,"Nausea, vomiting, gastric motility",27.5
Omeprazole Gastro-Resistant Capsules IP 20 Mg,Omez,Dr. Reddy's,10's,₹9.9 (10's),Jan Aushadhi,Omeprazole Gastro-resistant Capsules IP 20 mg,Omeprazole 20 mg,✅ Yes,"Acidity, GERD, ulcers",9.9
Omeprazole Gastro-Resistant Capsules IP 20 Mg,Prilosec,AstraZeneca,10's,₹9.9 (10's),Jan Aushadhi,Omeprazole Gastro-resistant Capsules IP 20 mg,Omeprazole 20 mg,✅ Yes,"Acidity, GERD, ulcers",9.9
Ondansetron,Zofer 4 mg,Sun Pharmaceutical Industries Ltd,4 mg,₹48.22 (10 tablets),1mg/NetMeds/PharmEasy,Ondansetron 4 mg,Ondansetron 4 mg,✅ Yes,"Prevention and treatment of nausea and vomiting (post-surgery, chemotherapy, or motion sickness)",48.22
Ondansetron 4Mg Oral Disintegrating Strips,Nan,nan,12's in Mono Carton,₹55.0 (12's in Mono Carton),Jan Aushadhi,Ondansetron 4mg Oral Disintegrating Strips,nan,nan,nan,55.0
Ondansetron 8Mg Oral Disintegrating Strips,Nan,nan,12's in Mono Carton,₹110.0 (12's in Mono Carton),Jan Aushadhi,Ondansetron 8mg Oral Disintegrating Strips,nan,nan,nan,110.0
Ondansetron Injection IP 2Mg Per Ml,Nan,nan,2 ml,₹4.4 (2 ml),Jan Aushadhi,Ondansetron Injection IP 2mg per ml,nan,nan,nan,4.4
Ondansetron Oral Solution IP 2 Mg Per 5Ml,Nan,nan,30 ml,₹15.0 (30 ml),Jan Aushadhi,Ondansetron Oral Solution IP 2 mg per 5ml,nan,nan,nan,15.0
Ondansetron Orally Disintegrating Tablets IP 8Mg,Nan,nan,10's,₹11.0 (10's),Jan Aushadhi,Ondansetron Orally disintegrating Tablets IP 8mg,nan,nan,nan,11.0
Ondansetron Tablets IP 4 Mg,Nan,nan,10's,₹6.6 (10's),Jan Aushadhi,Ondansetron Tablets IP 4 mg,nan,nan,nan,6.6
Opipramol Dihydrochloride Tablets (50 Mg),Nan,nan,10's,₹0.0 (10's),Jan Aushadhi,Opipramol Dihydrochloride Tablets (50 Mg),nan,nan,nan,0.0
Opipramol Tablet (50 Mg),Nan,nan,10's,₹0.0 (10's),Jan Aushadhi,Opipramol Tablet (50 Mg),nan,nan,nan,0.0
Oral Rehydration Salt (Liquid Form),Nan,nan,200ml Tetra Pack,₹15.75 (200ml Tetra Pack),Jan Aushadhi,Oral Rehydration Salt (Liquid form),nan,nan,nan,15.75
"Oral Rehydration Salts IP (WHO Formula) Orange Flavour Sachet, 21G",Nan,nan,1's Sachet,₹10.0 (1's Sachet),Jan Aushadhi,"Oral Rehydration Salts IP (WHO Formula) Orange Flavour Sachet, 21g",nan,nan,nan,10.0
Oral Rehydration Salts IP 20.5G Sachet (WHO Formula),Nan,nan,1's,₹10.0 (1's),Jan Aushadhi,Oral Rehydration Salts IP 20.5g Sachet (WHO Formula),nan,nan,nan,10.0
Orlistat Capsules 120 Mg,Nan,nan,10's,₹143.0 (10's),Jan Aushadhi,Orlistat Capsules 120 mg,nan,nan,nan,143.0
Orlistat Capsules 60Mg,Nan,nan,10's,₹0.0 (10's),Jan Aushadhi,Orlistat Capsules 60Mg,nan,nan,nan,0.0
Ornidazole Tablets IP 500Mg,Nan,nan,10's,₹25.0 (10's),Jan Aushadhi,Ornidazole Tablets IP 500mg,nan,nan,nan,25.0
Oseltamivir Capsules IP 75Mg,Nan,nan,10's,₹190.0 (10's),Jan Aushadhi,Oseltamivir Capsules IP 75mg,nan,nan,nan,190.0
Oseltamivir Phosphate Capsules IP 30Mg,Nan,nan,10's,₹90.0 (10's),Jan Aushadhi,Oseltamivir Phosphate Capsules IP 30mg,nan,nan,nan,90.0
Oxaceprol Capsules 200Mg,Nan,nan,10's,₹100.0 (10's),Jan Aushadhi,Oxaceprol Capsules 200mg,nan,nan,nan,100.0
Oxaliplatin Injections IP 50Mg,Nan,nan,Vial,₹475.0 (Vial),Jan Aushadhi,Oxaliplatin Injections IP 50mg,nan,nan,nan,475.0
Oxcarbazepine Tablets IP 150Mg,Nan,nan,10's,₹38.5 (10's),Jan Aushadhi,Oxcarbazepine Tablets IP 150mg,nan,nan,nan,38.5
Oxcarbazepine Tablets IP 300Mg,Nan,nan,15's,₹85.0 (15's),Jan Aushadhi,Oxcarbazepine Tablets IP 300mg,nan,nan,nan,85.0
Oxcarbazepine Tablets IP 450Mg,Nan,nan,10's,₹114.0 (10's),Jan Aushadhi,Oxcarbazepine Tablets IP 450mg,nan,nan,nan,114.0
Oxcarbazepine Tablets IP 600 Mg,Nan,nan,10's,₹123.0 (10's),Jan Aushadhi,Oxcarbazepine Tablets IP 600 mg,nan,nan,nan,123.0
"Oxetacaine, Aluminium Hydroxide And Magnesium Hydroxide Suspension",Nan,nan,200 ML,₹46.0 (200 ML),Jan Aushadhi,"Oxetacaine, Aluminium Hydroxide and Magnesium Hydroxide Suspension",nan,nan,nan,46.0
Oxybutynin Chloride 2.5Mg Tablets,Nan,nan,10's,₹50.0 (10's),Jan Aushadhi,Oxybutynin Chloride 2.5mg Tablets,nan,nan,nan,50.0
Oxymetazoline Hydrochloride Nasal Drops IP 0.5 Mg Per Ml,Nan,nan,10 ML,₹15.4 (10 ML),Jan Aushadhi,Oxymetazoline Hydrochloride Nasal Drops IP 0.5 mg per ml,nan,nan,nan,15.4
Ozenoxacin Cream 1% W/W,Nan,nan,10gm Lami-Tube in Monopack,₹70.0 (10gm Lami-Tube in Monopack),Jan Aushadhi,Ozenoxacin Cream 1% w/w,nan,nan,nan,70.0
Ozenoxacin Lotion 2% W/W,Nan,nan,10ml in Monopack,₹150.0 (10ml in Monopack),Jan Aushadhi,Ozenoxacin Lotion 2% w/w,nan,nan,nan,150.0
Paclitaxel Injection IP 100Mg (6Mg/Ml),Nan,nan,Vial,₹540.0 (Vial),Jan Aushadhi,Paclitaxel Injection IP 100mg (6mg/ml),nan,nan,nan,540.0
"Pancreatin 170 Mg (Containing 15000 Units Of Amylase Activity, 4000 Units Of Lipase Activity, 15000 Units Of Protease Activity) And Sodium Tauroglycocholate 65Mg Digestive Enzyme Tablets",Nan,nan,10's,₹75.0 (10's),Jan Aushadhi,"Pancreatin 170 mg (containing 15000 units of Amylase activity, 4000 units of Lipase activity, 15000 units of Protease activity) and Sodium Tauroglycocholate 65mg Digestive Enzyme Tablets",nan,nan,nan,75.0
Pancreatin 170Mg And Activated Dimethicone 80Mg Tablets,Nan,nan,10's,₹55.0 (10's),Jan Aushadhi,Pancreatin 170mg and Activated Dimethicone 80mg Tablets,nan,nan,nan,55.0
Pancreatin Capsules 10000,Nan,nan,10's,₹90.0 (10's),Jan Aushadhi,Pancreatin Capsules 10000,nan,nan,nan,90.0
Pancreatin Capsules 25000,Nan,nan,10's,₹210.0 (10's),Jan Aushadhi,Pancreatin Capsules 25000,nan,nan,nan,210.0
Pancreatin Capsules 40000,Nan,nan,10's,₹0.0 (10's),Jan Aushadhi,Pancreatin Capsules 40000,nan,nan,nan,0.0
Panitumumab 100Mg Infusion,Nan,nan,5ml Vial,₹0.0 (5ml Vial),Jan Aushadhi,Panitumumab 100mg Infusion,nan,nan,nan,0.0
Panitumumab 400Mg Infusion,Nan,nan,20ml Vial,₹0.0 (20ml Vial),Jan Aushadhi,Panitumumab 400mg Infusion,nan,nan,nan,0.0
Pantoprazole (40 Mg) + Mosapride (15 Mg) Tablet,Pantocid,Sun Pharma,10's,₹0.0 (10's),Jan Aushadhi,Pantoprazole (40 Mg) + Mosapride (15 Mg) Tablet,Pantoprazole 40 mg,✅ Yes,"Acidity, GERD, ulcers",0.0
Pantoprazole (40 Mg) + Mosapride (15 Mg) Tablet,Protonix,Pfizer,10's,₹0.0 (10's),Jan Aushadhi,Pantoprazole (40 Mg) + Mosapride (15 Mg) Tablet,Pantoprazole 40 mg,✅ Yes,"Acidity, GERD, ulcers",0.0
Pantoprazole 20Mg (Gastro-Resistant) And Domperidone 10Mg (Prolonged Release) Capsules IP,Domstal,Torrent,10's,₹20.0 (10's),Jan Aushadhi,Pantoprazole 20mg (Gastro-resistant) and Domperidone 10mg (Prolonged Release) Capsules IP,Domperidone 10 mg,✅ Yes,"Nausea, vomiting, gastric motility",20.0
Pantoprazole 20Mg (Gastro-Resistant) And Domperidone 10Mg (Prolonged Release) Capsules IP,Pantocid,Sun Pharma,10's,₹20.0 (10's),Jan Aushadhi,Pantoprazole 20mg (Gastro-resistant) and Domperidone 10mg (Prolonged Release) Capsules IP,Pantoprazole 40 mg,✅ Yes,"Acidity, GERD, ulcers",20.0
Pantoprazole 20Mg (Gastro-Resistant) And Domperidone 10Mg (Prolonged Release) Capsules IP,Protonix,Pfizer,10's,₹20.0 (10's),Jan Aushadhi,Pantoprazole 20mg (Gastro-resistant) and Domperidone 10mg (Prolonged Release) Capsules IP,Pantoprazole 40 mg,✅ Yes,"Acidity, GERD, ulcers",20.0
Pantoprazole 20Mg (Gastro-Resistant) And Domperidone 10Mg (Prolonged Release) Capsules IP,Vomistop,Cipla,10's,₹20.0 (10's),Jan Aushadhi,Pantoprazole 20mg (Gastro-resistant) and Domperidone 10mg (Prolonged Release) Capsules IP,Domperidone 10 mg,✅ Yes,"Nausea, vomiting, gastric motility",20.0
Pantoprazole 40Mg (Enteric Coated) And Levosulpiride 75Mg (Sustained Release) Capsules,Pantocid,Sun Pharma,10's,₹55.0 (10's),Jan Aushadhi,Pantoprazole 40mg (Enteric Coated) and Levosulpiride 75mg (Sustained Release) Capsules,Pantoprazole 40 mg,✅ Yes,"Acidity, GERD, ulcers",55.0
Pantoprazole 40Mg (Enteric Coated) And Levosulpiride 75Mg (Sustained Release) Capsules,Protonix,Pfizer,10's,₹55.0 (10's),Jan Aushadhi,Pantoprazole 40mg (Enteric Coated) and Levosulpiride 75mg (Sustained Release) Capsules,Pantoprazole 40 mg,✅ Yes,"Acidity, GERD, ulcers",55.0
Pantoprazole 40Mg (Gastro-Resistant) And Domperidone 30Mg (Prolonged Release) Capsules IP,Domstal,Torrent,10's,₹22.0 (10's),Jan Aushadhi,Pantoprazole 40mg (Gastro-resistant) and Domperidone 30mg (Prolonged Release) Capsules IP,Domperidone 10 mg,✅ Yes,"Nausea, vomiting, gastric motility",22.0
Pantoprazole 40Mg (Gastro-Resistant) And Domperidone 30Mg (Prolonged Release) Capsules IP,Pantocid,Sun Pharma,10's,₹22.0 (10's),Jan Aushadhi,Pantoprazole 40mg (Gastro-resistant) and Domperidone 30mg (Prolonged Release) Capsules IP,Pantoprazole 40 mg,✅ Yes,"Acidity, GERD, ulcers",22.0
Pantoprazole 40Mg (Gastro-Resistant) And Domperidone 30Mg (Prolonged Release) Capsules IP,Protonix,Pfizer,10's,₹22.0 (10's),Jan Aushadhi,Pantoprazole 40mg (Gastro-resistant) and Domperidone 30mg (Prolonged Release) Capsules IP,Pantoprazole 40 mg,✅ Yes,"Acidity, GERD, ulcers",22.0
Pantoprazole 40Mg (Gastro-Resistant) And Domperidone 30Mg (Prolonged Release) Capsules IP,Vomistop,Cipla,10's,₹22.0 (10's),Jan Aushadhi,Pantoprazole 40mg (Gastro-resistant) and Domperidone 30mg (Prolonged Release) Capsules IP,Domperidone 10 mg,✅ Yes,"Nausea, vomiting, gastric motility",22.0
Pantoprazole 40Mg And Domperidone 10Mg Capsules,Domstal,Torrent,10's,₹0.0 (10's),Jan Aushadhi,Pantoprazole 40mg and Domperidone 10mg Capsules,Domperidone 10 mg,✅ Yes,"Nausea, vomiting, gastric motility",0.0
Pantoprazole 40Mg And Domperidone 10Mg Capsules,Pantocid,Sun Pharma,10's,₹0.0 (10's),Jan Aushadhi,Pantoprazole 40mg and Domperidone 10mg Capsules,Pantoprazole 40 mg,✅ Yes,"Acidity, GERD, ulcers",0.0
Pantoprazole 40Mg And Domperidone 10Mg Capsules,Protonix,Pfizer,10's,₹0.0 (10's),Jan Aushadhi,Pantoprazole 40mg and Domperidone 10mg Capsules,Pantoprazole 40 mg,✅ Yes,"Acidity, GERD, ulcers",0.0
Pantoprazole 40Mg And Domperidone 10Mg Capsules,Vomistop,Cipla,10's,₹0.0 (10's),Jan Aushadhi,Pantoprazole 40mg and Domperidone 10mg Capsules,Domperidone 10 mg,✅ Yes,"Nausea, vomiting, gastric motility",0.0
Pantoprazole Gastro Resistant Tablets IP 40 Mg,Pantocid,Sun Pharma,10's,₹12.1 (10's),Jan Aushadhi,Pantoprazole Gastro Resistant Tablets IP 40 mg,Pantoprazole 40 mg,✅ Yes,"Acidity, GERD, ulcers",12.1
Pantoprazole Gastro Resistant Tablets IP 40 Mg,Protonix,Pfizer,10's,₹12.1 (10's),Jan Aushadhi,Pantoprazole Gastro Resistant Tablets IP 40 mg,Pantoprazole 40 mg,✅ Yes,"Acidity, GERD, ulcers",12.1
Pantoprazole Gastro-Resistance Tablets IP 20Mg,Pantocid,Sun Pharma,10's,₹7.0 (10's),Jan Aushadhi,Pantoprazole Gastro-Resistance Tablets IP 20mg,Pantoprazole 40 mg,✅ Yes,"Acidity, GERD, ulcers",7.0
Pantoprazole Gastro-Resistance Tablets IP 20Mg,Protonix,Pfizer,10's,₹7.0 (10's),Jan Aushadhi,Pantoprazole Gastro-Resistance Tablets IP 20mg,Pantoprazole 40 mg,✅ Yes,"Acidity, GERD, ulcers",7.0
Pantoprazole Gastro-Resistant 40Mg And Cinitapride Sustained Release 3Mg Capsules,Pantocid,Sun Pharma,10's,₹55.0 (10's),Jan Aushadhi,Pantoprazole Gastro-resistant 40mg and Cinitapride Sustained release 3mg Capsules,Pantoprazole 40 mg,✅ Yes,"Acidity, GERD, ulcers",55.0
Pantoprazole Gastro-Resistant 40Mg And Cinitapride Sustained Release 3Mg Capsules,Protonix,Pfizer,10's,₹55.0 (10's),Jan Aushadhi,Pantoprazole Gastro-resistant 40mg and Cinitapride Sustained release 3mg Capsules,Pantoprazole 40 mg,✅ Yes,"Acidity, GERD, ulcers",55.0
Pantoprazole Injection 40Mg,Pantocid,Sun Pharma,Vial,₹23.1 (Vial),Jan Aushadhi,Pantoprazole Injection 40mg,Pantoprazole 40 mg,✅ Yes,"Acidity, GERD, ulcers",23.1
Pantoprazole Injection 40Mg,Protonix,Pfizer,Vial,₹23.1 (Vial),Jan Aushadhi,Pantoprazole Injection 40mg,Pantoprazole 40 mg,✅ Yes,"Acidity, GERD, ulcers",23.1
Pantoprazole Sodium 40 Mg (Enteric Coated) And Itopride Hydrochloride 150 Mg (Sustained Release) Capsules,Pantocid,Sun Pharma,10's,₹50.0 (10's),Jan Aushadhi,Pantoprazole Sodium 40 mg (Enteric Coated) and Itopride Hydrochloride 150 mg (Sustained Release) Capsules,Pantoprazole 40 mg,✅ Yes,"Acidity, GERD, ulcers",50.0
Pantoprazole Sodium 40 Mg (Enteric Coated) And Itopride Hydrochloride 150 Mg (Sustained Release) Capsules,Protonix,Pfizer,10's,₹50.0 (10's),Jan Aushadhi,Pantoprazole Sodium 40 mg (Enteric Coated) and Itopride Hydrochloride 150 mg (Sustained Release) Capsules,Pantoprazole 40 mg,✅ Yes,"Acidity, GERD, ulcers",50.0
"Papain 10Mg, Fungal Diastase (Alpha Amylase 1:800) 20Mg, Caraway Oil 2Mg, Anise Oil 2Mg And Dil Oil 2Mg Oral Drops",Nan,nan,15ml in Mono-carton with screw dropper,₹0.0 (15ml in Mono-carton with screw dropper),Jan Aushadhi,"Papain 10mg, Fungal Diastase (Alpha Amylase 1:800) 20mg, Caraway oil 2mg, Anise Oil 2mg and Dil oil 2mg Oral Drops",nan,nan,nan,0.0
Papain 60Mg And Fungal Diastase (Alpha Amylase 1:800) 75Mg Syrup,Nan,nan,200ml in Mono-carton,₹0.0 (200ml in Mono-carton),Jan Aushadhi,Papain 60mg and Fungal Diastase (Alpha Amylase 1:800) 75mg Syrup,nan,nan,nan,0.0
Papaya Leaf Extract 1100Mg Tablets,Nan,nan,15's,₹0.0 (15's),Jan Aushadhi,Papaya Leaf Extract 1100mg Tablets,nan,nan,nan,0.0
"Para Aminobenzoic Acid100Mg, Calcium Pant 100Mg, Niacinamide12Mg, L-Arginine50Mg L-Cysteine50Mg, Dl-Methionine40Mg, L-Lysine20Mg, Zinc25Mg, Inositol 10Mg, Biotin10Mg, Ferrous10Mg, Copper2Mg Tablets",Nan,nan,10's,₹0.0 (10's),Jan Aushadhi,"Para Aminobenzoic Acid100mg, Calcium Pant 100mg, Niacinamide12mg, L-Arginine50mg L-Cysteine50mg, DL-Methionine40mg, L-Lysine20mg, Zinc25mg, Inositol 10mg, Biotin10mg, Ferrous10mg, Copper2mg Tablets",nan,nan,nan,0.0
"Paracetamol 125 Mg, Phenylephrine 2.5 Mg And Chlorpheniramine 1 Mg Drops",Calpol,GSK,15 ml,₹20.0 (15 ml),Jan Aushadhi,"Paracetamol 125 mg, Phenylephrine 2.5 mg and Chlorpheniramine 1 mg Drops",Paracetamol 500 mg,✅ Yes,"Pain relief, fever reducer",20.0
"Paracetamol 125 Mg, Phenylephrine 2.5 Mg And Chlorpheniramine 1 Mg Drops",Crocin,GSK,15 ml,₹20.0 (15 ml),Jan Aushadhi,"Paracetamol 125 mg, Phenylephrine 2.5 mg and Chlorpheniramine 1 mg Drops",Paracetamol 500 mg,✅ Yes,"Pain relief, fever reducer",20.0
"Paracetamol 125 Mg, Phenylephrine 2.5 Mg And Chlorpheniramine 1 Mg Drops",Dolo-650,Micro Labs,15 ml,₹20.0 (15 ml),Jan Aushadhi,"Paracetamol 125 mg, Phenylephrine 2.5 mg and Chlorpheniramine 1 mg Drops",Paracetamol 650 mg,✅ Yes,"Pain relief, fever reducer",20.0
"Paracetamol 125 Mg, Phenylephrine 5 Mg And Chlorpheniramine 1 Mg Suspension",Calpol,GSK,60 ML,₹22.0 (60 ML),Jan Aushadhi,"Paracetamol 125 mg, Phenylephrine 5 mg and Chlorpheniramine 1 mg Suspension",Paracetamol 500 mg,✅ Yes,"Pain relief, fever reducer",22.0
"Paracetamol 125 Mg, Phenylephrine 5 Mg And Chlorpheniramine 1 Mg Suspension",Crocin,GSK,60 ML,₹22.0 (60 ML),Jan Aushadhi,"Paracetamol 125 mg, Phenylephrine 5 mg and Chlorpheniramine 1 mg Suspension",Paracetamol 500 mg,✅ Yes,"Pain relief, fever reducer",22.0
"Paracetamol 125 Mg, Phenylephrine 5 Mg And Chlorpheniramine 1 Mg Suspension",Dolo-650,Micro Labs,60 ML,₹22.0 (60 ML),Jan Aushadhi,"Paracetamol 125 mg, Phenylephrine 5 mg and Chlorpheniramine 1 mg Suspension",Paracetamol 650 mg,✅ Yes,"Pain relief, fever reducer",22.0
"Paracetamol 125Mg, Chlorpheniramine 1Mg And Sodium Citrate 60Mg Syrup In Flavour Base",Calpol,GSK,60 ml Bottle,₹18.0 (60 ml Bottle),Jan Aushadhi,"Paracetamol 125mg, Chlorpheniramine 1mg and Sodium Citrate 60mg Syrup in Flavour base",Paracetamol 500 mg,✅ Yes,"Pain relief, fever reducer",18.0
"Paracetamol 125Mg, Chlorpheniramine 1Mg And Sodium Citrate 60Mg Syrup In Flavour Base",Crocin,GSK,60 ml Bottle,₹18.0 (60 ml Bottle),Jan Aushadhi,"Paracetamol 125mg, Chlorpheniramine 1mg and Sodium Citrate 60mg Syrup in Flavour base",Paracetamol 500 mg,✅ Yes,"Pain relief, fever reducer",18.0
"Paracetamol 125Mg, Chlorpheniramine 1Mg And Sodium Citrate 60Mg Syrup In Flavour Base",Dolo-650,Micro Labs,60 ml Bottle,₹18.0 (60 ml Bottle),Jan Aushadhi,"Paracetamol 125mg, Chlorpheniramine 1mg and Sodium Citrate 60mg Syrup in Flavour base",Paracetamol 650 mg,✅ Yes,"Pain relief, fever reducer",18.0
"Paracetamol 125Mg, Phenylephrine Hydrochloride 5Mg And Cetirizine Dihydrochloride 2Mg Suspension",Calpol,GSK,60 ML,₹15.0 (60 ML),Jan Aushadhi,"Paracetamol 125mg, Phenylephrine Hydrochloride 5mg and Cetirizine Dihydrochloride 2mg Suspension",Paracetamol 500 mg,✅ Yes,"Pain relief, fever reducer",15.0
"Paracetamol 125Mg, Phenylephrine Hydrochloride 5Mg And Cetirizine Dihydrochloride 2Mg Suspension",Cetzine,GSK,60 ML,₹15.0 (60 ML),Jan Aushadhi,"Paracetamol 125mg, Phenylephrine Hydrochloride 5mg and Cetirizine Dihydrochloride 2mg Suspension",Cetirizine 10 mg,✅ Yes,Allergy relief,15.0
"Paracetamol 125Mg, Phenylephrine Hydrochloride 5Mg And Cetirizine Dihydrochloride 2Mg Suspension",Crocin,GSK,60 ML,₹15.0 (60 ML),Jan Aushadhi,"Paracetamol 125mg, Phenylephrine Hydrochloride 5mg and Cetirizine Dihydrochloride 2mg Suspension",Paracetamol 500 mg,✅ Yes,"Pain relief, fever reducer",15.0
"Paracetamol 125Mg, Phenylephrine Hydrochloride 5Mg And Cetirizine Dihydrochloride 2Mg Suspension",Dolo-650,Micro Labs,60 ML,₹15.0 (60 ML),Jan Aushadhi,"Paracetamol 125mg, Phenylephrine Hydrochloride 5mg and Cetirizine Dihydrochloride 2mg Suspension",Paracetamol 650 mg,✅ Yes,"Pain relief, fever reducer",15.0
"Paracetamol 125Mg, Phenylephrine Hydrochloride 5Mg And Cetirizine Dihydrochloride 2Mg Suspension",Okacet,Cipla,60 ML,₹15.0 (60 ML),Jan Aushadhi,"Paracetamol 125mg, Phenylephrine Hydrochloride 5mg and Cetirizine Dihydrochloride 2mg Suspension",Cetirizine 10 mg,✅ Yes,Allergy relief,15.0
Paracetamol 162.5 Mg And Tramadol 18.75 Mg Tablet,Calpol,GSK,10's,₹10.0 (10's),Jan Aushadhi,Paracetamol 162.5 mg and Tramadol 18.75 mg Tablet,Paracetamol 500 mg,✅ Yes,"Pain relief, fever reducer",10.0
Paracetamol 162.5 Mg And Tramadol 18.75 Mg Tablet,Crocin,GSK,10's,₹10.0 (10's),Jan Aushadhi,Paracetamol 162.5 mg and Tramadol 18.75 mg Tablet,Paracetamol 500 mg,✅ Yes,"Pain relief, fever reducer",10.0
Paracetamol 162.5 Mg And Tramadol 18.75 Mg Tablet,Dolo-650,Micro Labs,10's,₹10.0 (10's),Jan Aushadhi,Paracetamol 162.5 mg and Tramadol 18.75 mg Tablet,Paracetamol 650 mg,✅ Yes,"Pain relief, fever reducer",10.0
Paracetamol 162.5 Mg And Tramadol 18.75 Mg Tablet,Dolo-Tram,Micro Labs,10's,₹10.0 (10's),Jan Aushadhi,Paracetamol 162.5 mg and Tramadol 18.75 mg Tablet,Tramadol 50 mg,✅ Yes,Moderate to severe pain,10.0
Paracetamol 162.5 Mg And Tramadol 18.75 Mg Tablet,Ultram,Janssen,10's,₹10.0 (10's),Jan Aushadhi,Paracetamol 162.5 mg and Tramadol 18.75 mg Tablet,Tramadol 50 mg,✅ Yes,Moderate to severe pain,10.0
"Paracetamol 250 Mg, Phenylephrine 5 Mg And Chlorpheniramine 2 Mg Suspension",Calpol,GSK,60 ML,₹25.0 (60 ML),Jan Aushadhi,"Paracetamol 250 mg, Phenylephrine 5 mg and Chlorpheniramine 2 mg Suspension",Paracetamol 500 mg,✅ Yes,"Pain relief, fever reducer",25.0
"Paracetamol 250 Mg, Phenylephrine 5 Mg And Chlorpheniramine 2 Mg Suspension",Crocin,GSK,60 ML,₹25.0 (60 ML),Jan Aushadhi,"Paracetamol 250 mg, Phenylephrine 5 mg and Chlorpheniramine 2 mg Suspension",Paracetamol 500 mg,✅ Yes,"Pain relief, fever reducer",25.0
"Paracetamol 250 Mg, Phenylephrine 5 Mg And Chlorpheniramine 2 Mg Suspension",Dolo-650,Micro Labs,60 ML,₹25.0 (60 ML),Jan Aushadhi,"Paracetamol 250 mg, Phenylephrine 5 mg and Chlorpheniramine 2 mg Suspension",Paracetamol 650 mg,✅ Yes,"Pain relief, fever reducer",25.0
Paracetamol 325Mg And Dicyclomine Hydrochloride 20Mg Tablets,Calpol,GSK,10's,₹8.0 (10's),Jan Aushadhi,Paracetamol 325mg and Dicyclomine Hydrochloride 20mg Tablets,Paracetamol 500 mg,✅ Yes,"Pain relief, fever reducer",8.0
Paracetamol 325Mg And Dicyclomine Hydrochloride 20Mg Tablets,Crocin,GSK,10's,₹8.0 (10's),Jan Aushadhi,Paracetamol 325mg and Dicyclomine Hydrochloride 20mg Tablets,Paracetamol 500 mg,✅ Yes,"Pain relief, fever reducer",8.0
Paracetamol 325Mg And Dicyclomine Hydrochloride 20Mg Tablets,Dolo-650,Micro Labs,10's,₹8.0 (10's),Jan Aushadhi,Paracetamol 325mg and Dicyclomine Hydrochloride 20mg Tablets,Paracetamol 650 mg,✅ Yes,"Pain relief, fever reducer",8.0
Paracetamol 325Mg And Tramadol 37.5Mg Tablets,Calpol,GSK,10's,₹13.2 (10's),Jan Aushadhi,Paracetamol 325mg and Tramadol 37.5mg Tablets,Paracetamol 500 mg,✅ Yes,"Pain relief, fever reducer",13.2
Paracetamol 325Mg And Tramadol 37.5Mg Tablets,Crocin,GSK,10's,₹13.2 (10's),Jan Aushadhi,Paracetamol 325mg and Tramadol 37.5mg Tablets,Paracetamol 500 mg,✅ Yes,"Pain relief, fever reducer",13.2
Paracetamol 325Mg And Tramadol 37.5Mg Tablets,Dolo-650,Micro Labs,10's,₹13.2 (10's),Jan Aushadhi,Paracetamol 325mg and Tramadol 37.5mg Tablets,Paracetamol 650 mg,✅ Yes,"Pain relief, fever reducer",13.2
Paracetamol 325Mg And Tramadol 37.5Mg Tablets,Dolo-Tram,Micro Labs,10's,₹13.2 (10's),Jan Aushadhi,Paracetamol 325mg and Tramadol 37.5mg Tablets,Tramadol 50 mg,✅ Yes,Moderate to severe pain,13.2
Paracetamol 325Mg And Tramadol 37.5Mg Tablets,Ultram,Janssen,10's,₹13.2 (10's),Jan Aushadhi,Paracetamol 325mg and Tramadol 37.5mg Tablets,Tramadol 50 mg,✅ Yes,Moderate to severe pain,13.2
"Paracetamol 325Mg, Phenylephrine 10Mg And Chlorpheniramine 2Mg Tablets",Calpol,GSK,10's,₹22.0 (10's),Jan Aushadhi,"Paracetamol 325mg, Phenylephrine 10mg and Chlorpheniramine 2mg Tablets",Paracetamol 500 mg,✅ Yes,"Pain relief, fever reducer",22.0
"Paracetamol 325Mg, Phenylephrine 10Mg And Chlorpheniramine 2Mg Tablets",Crocin,GSK,10's,₹22.0 (10's),Jan Aushadhi,"Paracetamol 325mg, Phenylephrine 10mg and Chlorpheniramine 2mg Tablets",Paracetamol 500 mg,✅ Yes,"Pain relief, fever reducer",22.0
"Paracetamol 325Mg, Phenylephrine 10Mg And Chlorpheniramine 2Mg Tablets",Dolo-650,Micro Labs,10's,₹22.0 (10's),Jan Aushadhi,"Paracetamol 325mg, Phenylephrine 10mg and Chlorpheniramine 2mg Tablets",Paracetamol 650 mg,✅ Yes,"Pain relief, fever reducer",22.0
"Paracetamol 500 Mg, Phenylephrine 10 Mg And Chlorpheniramine 2 Mg Tablet",Calpol,GSK,10's,₹14.0 (10's),Jan Aushadhi,"Paracetamol 500 mg, Phenylephrine 10 mg and Chlorpheniramine 2 mg Tablet",Paracetamol 500 mg,✅ Yes,"Pain relief, fever reducer",14.0
"Paracetamol 500 Mg, Phenylephrine 10 Mg And Chlorpheniramine 2 Mg Tablet",Crocin,GSK,10's,₹14.0 (10's),Jan Aushadhi,"Paracetamol 500 mg, Phenylephrine 10 mg and Chlorpheniramine 2 mg Tablet",Paracetamol 500 mg,✅ Yes,"Pain relief, fever reducer",14.0
"Paracetamol 500 Mg, Phenylephrine 10 Mg And Chlorpheniramine 2 Mg Tablet",Dolo-650,Micro Labs,10's,₹14.0 (10's),Jan Aushadhi,"Paracetamol 500 mg, Phenylephrine 10 mg and Chlorpheniramine 2 mg Tablet",Paracetamol 650 mg,✅ Yes,"Pain relief, fever reducer",14.0
Paracetamol 500Mg And Caffeine 25Mg Tablet IP,Calpol,GSK,10's,₹12.0 (10's),Jan Aushadhi,Paracetamol 500mg and Caffeine 25mg Tablet IP,Paracetamol 500 mg,✅ Yes,"Pain relief, fever reducer",12.0
Paracetamol 500Mg And Caffeine 25Mg Tablet IP,Crocin,GSK,10's,₹12.0 (10's),Jan Aushadhi,Paracetamol 500mg and Caffeine 25mg Tablet IP,Paracetamol 500 mg,✅ Yes,"Pain relief, fever reducer",12.0
Paracetamol 500Mg And Caffeine 25Mg Tablet IP,Dolo-650,Micro Labs,10's,₹12.0 (10's),Jan Aushadhi,Paracetamol 500mg and Caffeine 25mg Tablet IP,Paracetamol 650 mg,✅ Yes,"Pain relief, fever reducer",12.0
Paracetamol 500Mg And Chlorzoxazone 250Mg Tablet,Calpol,GSK,10's,₹16.0 (10's),Jan Aushadhi,Paracetamol 500mg and Chlorzoxazone 250mg Tablet,Paracetamol 500 mg,✅ Yes,"Pain relief, fever reducer",16.0
Paracetamol 500Mg And Chlorzoxazone 250Mg Tablet,Crocin,GSK,10's,₹16.0 (10's),Jan Aushadhi,Paracetamol 500mg and Chlorzoxazone 250mg Tablet,Paracetamol 500 mg,✅ Yes,"Pain relief, fever reducer",16.0
Paracetamol 500Mg And Chlorzoxazone 250Mg Tablet,Dolo-650,Micro Labs,10's,₹16.0 (10's),Jan Aushadhi,Paracetamol 500mg and Chlorzoxazone 250mg Tablet,Paracetamol 650 mg,✅ Yes,"Pain relief, fever reducer",16.0
Paracetamol 650Mg And Caffeine 50Mg Tablets IP,Calpol,GSK,10's,₹19.0 (10's),Jan Aushadhi,Paracetamol 650mg and Caffeine 50mg Tablets IP,Paracetamol 500 mg,✅ Yes,"Pain relief, fever reducer",19.0
Paracetamol 650Mg And Caffeine 50Mg Tablets IP,Crocin,GSK,10's,₹19.0 (10's),Jan Aushadhi,Paracetamol 650mg and Caffeine 50mg Tablets IP,Paracetamol 500 mg,✅ Yes,"Pain relief, fever reducer",19.0
Paracetamol 650Mg And Caffeine 50Mg Tablets IP,Dolo-650,Micro Labs,10's,₹19.0 (10's),Jan Aushadhi,Paracetamol 650mg and Caffeine 50mg Tablets IP,Paracetamol 650 mg,✅ Yes,"Pain relief, fever reducer",19.0
Paracetamol Drops 100 Mg Per Ml,Calpol,GSK,15 ml,₹13.0 (15 ml),Jan Aushadhi,Paracetamol Drops 100 mg per ml,Paracetamol 500 mg,✅ Yes,"Pain relief, fever reducer",13.0
Paracetamol Drops 100 Mg Per Ml,Crocin,GSK,15 ml,₹13.0 (15 ml),Jan Aushadhi,Paracetamol Drops 100 mg per ml,Paracetamol 500 mg,✅ Yes,"Pain relief, fever reducer",13.0
Paracetamol Drops 100 Mg Per Ml,Dolo-650,Micro Labs,15 ml,₹13.0 (15 ml),Jan Aushadhi,Paracetamol Drops 100 mg per ml,Paracetamol 650 mg,✅ Yes,"Pain relief, fever reducer",13.0
Paracetamol Infusion IP 1 Gm Per 100 Ml,Calpol,GSK,100 ml,₹50.0 (100 ml),Jan Aushadhi,Paracetamol Infusion IP 1 gm per 100 ml,Paracetamol 500 mg,✅ Yes,"Pain relief, fever reducer",50.0
Paracetamol Infusion IP 1 Gm Per 100 Ml,Crocin,GSK,100 ml,₹50.0 (100 ml),Jan Aushadhi,Paracetamol Infusion IP 1 gm per 100 ml,Paracetamol 500 mg,✅ Yes,"Pain relief, fever reducer",50.0
Paracetamol Infusion IP 1 Gm Per 100 Ml,Dolo-650,Micro Labs,100 ml,₹50.0 (100 ml),Jan Aushadhi,Paracetamol Infusion IP 1 gm per 100 ml,Paracetamol 650 mg,✅ Yes,"Pain relief, fever reducer",50.0
Paracetamol Oral Suspension IP 250Mg Per 5Ml,Calpol,GSK,60 ml,₹21.0 (60 ml),Jan Aushadhi,Paracetamol Oral Suspension IP 250mg per 5ml,Paracetamol 500 mg,✅ Yes,"Pain relief, fever reducer",21.0
Paracetamol Oral Suspension IP 250Mg Per 5Ml,Crocin,GSK,60 ml,₹21.0 (60 ml),Jan Aushadhi,Paracetamol Oral Suspension IP 250mg per 5ml,Paracetamol 500 mg,✅ Yes,"Pain relief, fever reducer",21.0
Paracetamol Oral Suspension IP 250Mg Per 5Ml,Dolo-650,Micro Labs,60 ml,₹21.0 (60 ml),Jan Aushadhi,Paracetamol Oral Suspension IP 250mg per 5ml,Paracetamol 650 mg,✅ Yes,"Pain relief, fever reducer",21.0
Paracetamol Paediatric Oral Suspension IP 125 Mg Per 5 Ml,Calpol,GSK,60 ml,₹11.0 (60 ml),Jan Aushadhi,Paracetamol Paediatric Oral Suspension IP 125 mg per 5 ml,Paracetamol 500 mg,✅ Yes,"Pain relief, fever reducer",11.0
Paracetamol Paediatric Oral Suspension IP 125 Mg Per 5 Ml,Crocin,GSK,60 ml,₹11.0 (60 ml),Jan Aushadhi,Paracetamol Paediatric Oral Suspension IP 125 mg per 5 ml,Paracetamol 500 mg,✅ Yes,"Pain relief, fever reducer",11.0
Paracetamol Paediatric Oral Suspension IP 125 Mg Per 5 Ml,Dolo-650,Micro Labs,60 ml,₹11.0 (60 ml),Jan Aushadhi,Paracetamol Paediatric Oral Suspension IP 125 mg per 5 ml,Paracetamol 650 mg,✅ Yes,"Pain relief, fever reducer",11.0
Paracetamol Suspension IP 120 Mg,Calpol,GSK,60 ml,₹13.0 (60 ml),Jan Aushadhi,Paracetamol Suspension IP 120 mg,Paracetamol 500 mg,✅ Yes,"Pain relief, fever reducer",13.0
Paracetamol Suspension IP 120 Mg,Crocin,GSK,60 ml,₹13.0 (60 ml),Jan Aushadhi,Paracetamol Suspension IP 120 mg,Paracetamol 500 mg,✅ Yes,"Pain relief, fever reducer",13.0
Paracetamol Suspension IP 120 Mg,Dolo-650,Micro Labs,60 ml,₹13.0 (60 ml),Jan Aushadhi,Paracetamol Suspension IP 120 mg,Paracetamol 650 mg,✅ Yes,"Pain relief, fever reducer",13.0
Paracetamol Tablets IP 1000 Mg,Calpol,GSK,10's,₹16.0 (10's),Jan Aushadhi,Paracetamol Tablets IP 1000 Mg,Paracetamol 500 mg,✅ Yes,"Pain relief, fever reducer",16.0
Paracetamol Tablets IP 1000 Mg,Crocin,GSK,10's,₹16.0 (10's),Jan Aushadhi,Paracetamol Tablets IP 1000 Mg,Paracetamol 500 mg,✅ Yes,"Pain relief, fever reducer",16.0
Paracetamol Tablets IP 1000 Mg,Dolo-650,Micro Labs,10's,₹16.0 (10's),Jan Aushadhi,Paracetamol Tablets IP 1000 Mg,Paracetamol 650 mg,✅ Yes,"Pain relief, fever reducer",16.0
Paracetamol Tablets IP 500 Mg,Calpol,GSK,10's,₹7.0 (10's),Jan Aushadhi,Paracetamol Tablets IP 500 mg,Paracetamol 500 mg,✅ Yes,"Pain relief, fever reducer",7.0
Paracetamol Tablets IP 500 Mg,Crocin,GSK,10's,₹7.0 (10's),Jan Aushadhi,Paracetamol Tablets IP 500 mg,Paracetamol 500 mg,✅ Yes,"Pain relief, fever reducer",7.0
Paracetamol Tablets IP 500 Mg,Dolo-650,Micro Labs,10's,₹7.0 (10's),Jan Aushadhi,Paracetamol Tablets IP 500 mg,Paracetamol 650 mg,✅ Yes,"Pain relief, fever reducer",7.0
Paracetamol Tablets IP 650 Mg,Calpol,GSK,15's,₹15.0 (15's),Jan Aushadhi,Paracetamol Tablets IP 650 mg,Paracetamol 500 mg,✅ Yes,"Pain relief, fever reducer",15.0
Paracetamol Tablets IP 650 Mg,Crocin,GSK,15's,₹15.0 (15's),Jan Aushadhi,Paracetamol Tablets IP 650 mg,Paracetamol 500 mg,✅ Yes,"Pain relief, fever reducer",15.0
Paracetamol Tablets IP 650 Mg,Dolo-650,Micro Labs,15's,₹15.0 (15's),Jan Aushadhi,Paracetamol Tablets IP 650 mg,Paracetamol 650 mg,✅ Yes,"Pain relief, fever reducer",15.0
"Paradichlorobenzene (2% W/V), Chlorbutol (5% W/V), Turpentine Oil (15% W/V) And Lidocaine (2% W/V) Ear Drop",Nan,nan,10ml Drop bottle in Mono Carton,₹30.0 (10ml Drop bottle in Mono Carton),Jan Aushadhi,"Paradichlorobenzene (2% w/v), Chlorbutol (5% w/v), Turpentine Oil (15% w/v) and Lidocaine (2% w/v) Ear drop",nan,nan,nan,30.0
"Paradichlorobenzene 2%W/V, Benzocaine 2.7%W/V, Chlorbutol 5%W/V And Turpentine Oil 15%W/V Ear Drops",Nan,nan,10 ml,₹13.0 (10 ml),Jan Aushadhi,"Paradichlorobenzene 2%w/v, Benzocaine 2.7%w/v, Chlorbutol 5%w/v and Turpentine Oil 15%w/v Ear Drops",nan,nan,nan,13.0
Paroxetin Prolonged-Release Tablets IP 25Mg,Nan,nan,10's,₹40.0 (10's),Jan Aushadhi,Paroxetin Prolonged-release Tablets IP 25mg,nan,nan,nan,40.0
Paroxetine Extended Release 12.5Mg And Clonazepam 0.25Mg Tablets,Nan,nan,10's,₹40.0 (10's),Jan Aushadhi,Paroxetine Extended Release 12.5mg and Clonazepam 0.25mg Tablets,nan,nan,nan,40.0
Paroxetine Prolonged Release Tablets IP 37.5Mg,Nan,nan,10's,₹64.0 (10's),Jan Aushadhi,Paroxetine Prolonged Release Tablets IP 37.5mg,nan,nan,nan,64.0
Paroxetine Prolonged-Release Tablets IP 12.5Mg,Nan,nan,10's,₹25.0 (10's),Jan Aushadhi,Paroxetine Prolonged-release Tablets IP 12.5mg,nan,nan,nan,25.0
Pazopanib Tablets 200Mg,Nan,nan,30's bottle in Monopack,₹2200.0 (30's bottle in Monopack),Jan Aushadhi,Pazopanib Tablets 200mg,nan,nan,nan,2200.0
Pazopanib Tablets 400Mg,Nan,nan,30's bottle in Monopack,₹3100.0 (30's bottle in Monopack),Jan Aushadhi,Pazopanib Tablets 400mg,nan,nan,nan,3100.0
Pemetrexed Injection IP 100 Mg,Nan,nan,VIAL,₹810.0 (VIAL),Jan Aushadhi,Pemetrexed Injection IP 100 mg,nan,nan,nan,810.0
Pemetrexed Injection IP 500 Mg,Nan,nan,VIAL,₹2310.0 (VIAL),Jan Aushadhi,Pemetrexed Injection IP 500 mg,nan,nan,nan,2310.0
Penicillin G Tablets 400000 IU,Nan,nan,10's,₹0.0 (10's),Jan Aushadhi,Penicillin G Tablets 400000 IU,nan,nan,nan,0.0
Penicillin G Tablets 800000 IU,Nan,nan,10's,₹0.0 (10's),Jan Aushadhi,Penicillin G Tablets 800000 IU,nan,nan,nan,0.0
Pentazocine Injection IP 30 Mg Per Ml,Nan,nan,1 ml,₹15.0 (1 ml),Jan Aushadhi,Pentazocine Injection IP 30 mg per ml,nan,nan,nan,15.0
Pepsin (12.50G) + Alpha-Amylase (18.75Mg) Capsules,Nan,nan,10's,₹0.0 (10's),Jan Aushadhi,Pepsin (12.50g) + Alpha-amylase (18.75mg) Capsules,nan,nan,nan,0.0
Pepsin 7.5Mg And Fungal Diastase Enyme 12.5Mg Syrup Per 5Ml (Mix Fruit Flavour),Nan,nan,200 ml,₹48.0 (200 ml),Jan Aushadhi,Pepsin 7.5mg and Fungal Diastase Enyme 12.5mg Syrup per 5ml (Mix Fruit Flavour),nan,nan,nan,48.0
Perampanel Tablet (2 Mg),Nan,nan,10's,₹0.0 (10's),Jan Aushadhi,Perampanel Tablet (2 Mg),nan,nan,nan,0.0
Perampanel Tablet (4 Mg),Nan,nan,10's,₹0.0 (10's),Jan Aushadhi,Perampanel Tablet (4 Mg),nan,nan,nan,0.0
Perindopril Erbumine 4Mg And Indapamide 1.25Mg Tablets,Nan,nan,10's,₹70.0 (10's),Jan Aushadhi,Perindopril Erbumine 4mg and Indapamide 1.25mg Tablets,nan,nan,nan,70.0
Perindopril Erbumine 8Mg Tablets,Nan,nan,10's,₹80.0 (10's),Jan Aushadhi,Perindopril Erbumine 8mg Tablets,nan,nan,nan,80.0
Permethrin Cream 5% W/W,Nan,nan,30 gm,₹24.0 (30 gm),Jan Aushadhi,Permethrin Cream 5% w/w,nan,nan,nan,24.0
Pheniramine Maleate Injection IP 22.75 Mg,Nan,nan,2 ML,₹4.0 (2 ML),Jan Aushadhi,Pheniramine Maleate Injection IP 22.75 mg,nan,nan,nan,4.0
Pheniramine Maleate Tablets IP 25 Mg,Nan,nan,15's,₹5.0 (15's),Jan Aushadhi,Pheniramine Maleate Tablets IP 25 mg,nan,nan,nan,5.0
Phenobarbitone 200Mg/1Ml Injection,Nan,nan,10 ml /vial,₹0.0 (10 ml /vial),Jan Aushadhi,Phenobarbitone 200mg/1ml Injection,nan,nan,nan,0.0
Phenobarbitone Sodium 20Mg Per 5Ml Syrup,Nan,nan,100 ml,₹0.0 (100 ml),Jan Aushadhi,Phenobarbitone Sodium 20mg per 5ml Syrup,nan,nan,nan,0.0
Phenobarbitone Tablets IP 30Mg,Nan,nan,30's,₹17.0 (30's),Jan Aushadhi,Phenobarbitone Tablets IP 30mg,nan,nan,nan,17.0
Phenobarbitone Tablets IP 60 Mg,Nan,nan,30's,₹28.0 (30's),Jan Aushadhi,Phenobarbitone Tablets IP 60 mg,nan,nan,nan,28.0
"Phenylephrine 5 Mg, Chlorpheniramine 2 Mg And Dextromethorphan 15 Mg Syrup",Nan,nan,100 ml,₹30.0 (100 ml),Jan Aushadhi,"Phenylephrine 5 mg, Chlorpheniramine 2 mg and Dextromethorphan 15 mg Syrup",nan,nan,nan,30.0
"Phenylephrine 5 Mg,Chlorpheniramine 2 Mg And Dextromethorphan 10 Mg Syrup",Nan,nan,100 ml,₹25.0 (100 ml),Jan Aushadhi,"Phenylephrine 5 mg,Chlorpheniramine 2 mg and Dextromethorphan 10 mg Syrup",nan,nan,nan,25.0
Phenylephrine Hydrochloride 5Mg And Chlorpheniramine Maleate 2Mg Drops,Nan,nan,15 ml Bottle,₹20.0 (15 ml Bottle),Jan Aushadhi,Phenylephrine Hydrochloride 5mg and Chlorpheniramine Maleate 2mg Drops,nan,nan,nan,20.0
Phenytoin Injection IP 100Mg Per 2 Ml,Nan,nan,2ml Ampoule,₹8.0 (2ml Ampoule),Jan Aushadhi,Phenytoin Injection IP 100mg per 2 ml,nan,nan,nan,8.0
Phenytoin Tablets IP 100 Mg,Nan,nan,100's in Bottle,₹55.0 (100's in Bottle),Jan Aushadhi,Phenytoin Tablets IP 100 mg,nan,nan,nan,55.0
Phytomenadione Injection (Vitamin K1) IP 1Mg Per 0.5Ml,Nan,nan,0.5 ml Ampoule,₹11.0 (0.5 ml Ampoule),Jan Aushadhi,Phytomenadione Injection (Vitamin K1) IP 1mg per 0.5ml,nan,nan,nan,11.0
Pilocarpine Eye Drops IP 2% W/V,Nan,nan,10 ml Vial,₹0.0 (10 ml Vial),Jan Aushadhi,Pilocarpine Eye Drops IP 2% W/V,nan,nan,nan,0.0
Pilocarpine Tablets 5Mg,Nan,nan,10's,₹0.0 (10's),Jan Aushadhi,Pilocarpine Tablets 5mg,nan,nan,nan,0.0
Pioglitazone + Glimepiride Tablet (15/2 Mg),Actos,Takeda,10's,₹0.0 (10's),Jan Aushadhi,Pioglitazone + Glimepiride Tablet (15/2 Mg),Pioglitazone 15 mg,✅ Yes,Type 2 diabetes (insulin sensitizer),0.0
Pioglitazone + Glimepiride Tablet (15/2 Mg),Pioglit,Sun Pharma,10's,₹0.0 (10's),Jan Aushadhi,Pioglitazone + Glimepiride Tablet (15/2 Mg),Pioglitazone 15 mg,✅ Yes,Type 2 diabetes (insulin sensitizer),0.0
Pioglitazone 15Mg And Metformin 500Mg Sustained Release Tablets,Actos,Takeda,10's,₹27.0 (10's),Jan Aushadhi,Pioglitazone 15mg and Metformin 500mg Sustained Release Tablets,Pioglitazone 15 mg,✅ Yes,Type 2 diabetes (insulin sensitizer),27.0
Pioglitazone 15Mg And Metformin 500Mg Sustained Release Tablets,Gluformin,Abbott,10's,₹27.0 (10's),Jan Aushadhi,Pioglitazone 15mg and Metformin 500mg Sustained Release Tablets,Metformin 500 mg,✅ Yes,Type 2 diabetes (first-line therapy),27.0
Pioglitazone 15Mg And Metformin 500Mg Sustained Release Tablets,Glycomet,USV,10's,₹27.0 (10's),Jan Aushadhi,Pioglitazone 15mg and Metformin 500mg Sustained Release Tablets,Metformin 500 mg,✅ Yes,Type 2 diabetes (first-line therapy),27.0
Pioglitazone 15Mg And Metformin 500Mg Sustained Release Tablets,Pioglit,Sun Pharma,10's,₹27.0 (10's),Jan Aushadhi,Pioglitazone 15mg and Metformin 500mg Sustained Release Tablets,Pioglitazone 15 mg,✅ Yes,Type 2 diabetes (insulin sensitizer),27.0
Pioglitazone Tablets IP 15 Mg,Actos,Takeda,10's,₹8.8 (10's),Jan Aushadhi,Pioglitazone Tablets IP 15 mg,Pioglitazone 15 mg,✅ Yes,Type 2 diabetes (insulin sensitizer),8.8
Pioglitazone Tablets IP 15 Mg,Pioglit,Sun Pharma,10's,₹8.8 (10's),Jan Aushadhi,Pioglitazone Tablets IP 15 mg,Pioglitazone 15 mg,✅ Yes,Type 2 diabetes (insulin sensitizer),8.8
Pioglitazone Tablets IP 30Mg,Actos,Takeda,10's,₹13.2 (10's),Jan Aushadhi,Pioglitazone Tablets IP 30mg,Pioglitazone 15 mg,✅ Yes,Type 2 diabetes (insulin sensitizer),13.2
Pioglitazone Tablets IP 30Mg,Pioglit,Sun Pharma,10's,₹13.2 (10's),Jan Aushadhi,Pioglitazone Tablets IP 30mg,Pioglitazone 15 mg,✅ Yes,Type 2 diabetes (insulin sensitizer),13.2
Piperacillin 4000Mg And Tazobactum 500Mg Injection IP,Nan,nan,Vial & Wfi,₹122.0 (Vial & Wfi),Jan Aushadhi,Piperacillin 4000mg and Tazobactum 500mg Injection IP,nan,nan,nan,122.0
Piracetam Syrup 500Mg Per 5Ml,Nan,nan,100 ml,₹65.0 (100 ml),Jan Aushadhi,Piracetam Syrup 500mg per 5ml,nan,nan,nan,65.0
Piracetam Tablet 800 Mg,Nan,nan,10's,₹34.0 (10's),Jan Aushadhi,Piracetam Tablet 800 mg,nan,nan,nan,34.0
Piracetam Tablets 400Mg,Nan,nan,10's,₹18.7 (10's),Jan Aushadhi,Piracetam Tablets 400mg,nan,nan,nan,18.7
Pirfenidone Tablets IP 200Mg,Nan,nan,10's,₹0.0 (10's),Jan Aushadhi,Pirfenidone Tablets IP 200mg,nan,nan,nan,0.0
Pirfenidone Tablets IP 400Mg,Nan,nan,10's,₹170.0 (10's),Jan Aushadhi,Pirfenidone Tablets IP 400mg,nan,nan,nan,170.0
Piroxicam Capsules IP 20 Mg,Nan,nan,10's,₹9.0 (10's),Jan Aushadhi,Piroxicam Capsules IP 20 mg,nan,nan,nan,9.0
Piroxicam Dispersible Tablets 10 Mg,Nan,nan,10's,₹10.0 (10's),Jan Aushadhi,Piroxicam Dispersible Tablets 10 mg,nan,nan,nan,10.0
Piroxicam Dispersible Tablets 20 Mg,Nan,nan,10's,₹21.0 (10's),Jan Aushadhi,Piroxicam Dispersible Tablets 20 mg,nan,nan,nan,21.0
Piroxicam With Bezyl Alcohol Injection 20 Mg,Nan,nan,1 ml,₹6.0 (1 ml),Jan Aushadhi,Piroxicam with bezyl alcohol Injection 20 mg,nan,nan,nan,6.0
Piroxicam With Bezyl Alcohol Injection 40 Mg,Nan,nan,2 ml,₹12.0 (2 ml),Jan Aushadhi,Piroxicam with bezyl alcohol Injection 40 mg,nan,nan,nan,12.0
Polmacoxib 2 Mg Capsules,Nan,nan,10's,₹0.0 (10's),Jan Aushadhi,Polmacoxib 2 Mg Capsules,nan,nan,nan,0.0
Polyethylene Glycol 400- 0.4% W/V And Propylene Glycol 0.3% W/V Ophthalmic Solution,Nan,nan,10ml Drop bottle in Mono Carton,₹0.0 (10ml Drop bottle in Mono Carton),Jan Aushadhi,Polyethylene Glycol 400- 0.4% w/v and Propylene Glycol 0.3% w/v Ophthalmic solution,nan,nan,nan,0.0
"Polymyxin B Sulphate 5000IU, Chloramphenicol 4Mg And Dexamethasone 1Mg Eye/Ear Drops",Nan,nan,5 ml,₹42.0 (5 ml),Jan Aushadhi,"Polymyxin B Sulphate 5000IU, Chloramphenicol 4mg and Dexamethasone 1mg Eye/Ear Drops",nan,nan,nan,42.0
Polyvitamin Tablets NFI (Prophylactic),Nan,nan,10's,₹7.0 (10's),Jan Aushadhi,Polyvitamin Tablets NFI (Prophylactic),nan,nan,nan,7.0
Pomalidomide 2Mg Capsules,Nan,nan,21's in bottle,₹750.0 (21's in bottle),Jan Aushadhi,Pomalidomide 2mg Capsules,nan,nan,nan,750.0
Potassium Citrate 1100 Mg And Magnesium Citrate 375 Mg And Pyridoxine Hydrochloride 20Mg Syrup Per 5Ml,Nan,nan,200ml,₹65.0 (200ml),Jan Aushadhi,Potassium Citrate 1100 mg and Magnesium Citrate 375 mg and Pyridoxine Hydrochloride 20mg Syrup per 5ml,nan,nan,nan,65.0
Potassium Citrate 1100Mg And Magnesium Citrate 375Mg Oral Solution,Nan,nan,200ml Bottle,₹55.0 (200ml Bottle),Jan Aushadhi,Potassium Citrate 1100mg and Magnesium Citrate 375mg Oral Solution,nan,nan,nan,55.0
"Potassium Magnesium Citrate 978Mg, D-Mannose 300Mg With Cranberry Extract 200Mg Sachet",Nan,nan,5gm Sachet,₹0.0 (5gm Sachet),Jan Aushadhi,"Potassium Magnesium Citrate 978mg, D-Mannose 300mg with Cranberry extract 200mg Sachet",nan,nan,nan,0.0
Potassium Nitrate 5% W/W And Sodium Monofluoro Phosphate 0.7% W/W Toothpaste Gel (Fresh-Mint Flavour),Nan,nan,100g,₹35.0 (100g),Jan Aushadhi,Potassium Nitrate 5% w/w and Sodium Monofluoro Phosphate 0.7% w/w Toothpaste Gel (Fresh-Mint Flavour),nan,nan,nan,35.0
Potassium Nitrate Toothpaste 5% W/W,Nan,nan,100gm,₹45.0 (100gm),Jan Aushadhi,Potassium Nitrate Toothpaste 5% w/w,nan,nan,nan,45.0
Povidone Iodine Gargle 2% W/V,Nan,nan,100ml Bottle,₹40.0 (100ml Bottle),Jan Aushadhi,Povidone Iodine Gargle 2% w/v,nan,nan,nan,40.0
Povidone Iodine IP 5% W/W Spray,Nan,nan,50ml,₹0.0 (50ml),Jan Aushadhi,Povidone Iodine IP 5% w/w Spray,nan,nan,nan,0.0
Povidone Iodine Ointment 5% W/W,Nan,nan,250 gm tubes/Jar,₹115.0 (250 gm tubes/Jar),Jan Aushadhi,Povidone Iodine Ointment 5% w/w,nan,nan,nan,115.0
Povidone Iodine Solution 7.5% W/V,Nan,nan,500 ml,₹121.0 (500 ml),Jan Aushadhi,Povidone Iodine Solution 7.5% w/v,nan,nan,nan,121.0
Povidone- Iodine Solution IP 10 % W/V,Nan,nan,100 ml Bottle,₹50.0 (100 ml Bottle),Jan Aushadhi,Povidone- Iodine Solution IP 10 % w/v,nan,nan,nan,50.0
Povidone-Iodine Powder 5% W/W,Nan,nan,10 gm Container,₹19.0 (10 gm Container),Jan Aushadhi,Povidone-Iodine Powder 5% W/W,nan,nan,nan,19.0
Povidone-Iodine Solution IP 10 % W/V,Nan,nan,500 ml,₹145.0 (500 ml),Jan Aushadhi,Povidone-Iodine Solution IP 10 % w/v,nan,nan,nan,145.0
Povidone-Iodine Solution IP 5 % W/V,Nan,nan,100 ml,₹21.0 (100 ml),Jan Aushadhi,Povidone-Iodine Solution IP 5 % w/v,nan,nan,nan,21.0
Pramipexole 0.75Mg Tablets,Nan,nan,10's,₹16.0 (10's),Jan Aushadhi,Pramipexole 0.75mg Tablets,nan,nan,nan,16.0
Pramipexole 1.5Mg Tablets,Nan,nan,10's,₹26.0 (10's),Jan Aushadhi,Pramipexole 1.5mg Tablets,nan,nan,nan,26.0
Pramipexole Dihydrochloride Tablets 0.25Mg,Nan,nan,10's,₹49.0 (10's),Jan Aushadhi,Pramipexole Dihydrochloride Tablets 0.25mg,nan,nan,nan,49.0
Prasugrel Tablets IP 10 Mg,Nan,nan,10's,₹66.0 (10's),Jan Aushadhi,Prasugrel Tablets IP 10 mg,nan,nan,nan,66.0
Prazosin Extended Release Tablets 5Mg,Nan,nan,10's,₹28.0 (10's),Jan Aushadhi,Prazosin Extended Release Tablets 5mg,nan,nan,nan,28.0
Prazosin Hydrochloride Sustained Release Tablets 2.5 Mg,Nan,nan,30's,₹60.0 (30's),Jan Aushadhi,Prazosin Hydrochloride Sustained Release Tablets 2.5 mg,nan,nan,nan,60.0
Prazosin Tablets IP 5 Mg,Nan,nan,15's,₹30.8 (15's),Jan Aushadhi,Prazosin Tablets IP 5 mg,nan,nan,nan,30.8
"Pre & Pro-Biotic Capsules (Bacillus Mesentericus - 2M, Clostridium Butyricum - 4M, Lactobacillus Sporogenes - 100M, Streptococcus Faecalis - 60M)",Nan,nan,10's,₹55.0 (10's),Jan Aushadhi,"Pre & Pro-Biotic Capsules (Bacillus Mesentericus - 2M, Clostridium Butyricum - 4M, Lactobacillus Sporogenes - 100M, Streptococcus Faecalis - 60M)",nan,nan,nan,55.0
Prednisolone (15Mg/5Ml) Syrup,Nan,nan,60 ml / 1 Bottle,₹0.0 (60 ml / 1 Bottle),Jan Aushadhi,Prednisolone (15Mg/5Ml) Syrup,nan,nan,nan,0.0
Prednisolone Dispersible Tablet (20Mg),Nan,nan,15's,₹0.0 (15's),Jan Aushadhi,Prednisolone Dispersible Tablet (20Mg),nan,nan,nan,0.0
Prednisolone Sodium Phosphate Eye Drops IP 1%W/V,Nan,nan,10ml Drops,₹15.0 (10ml Drops),Jan Aushadhi,Prednisolone Sodium Phosphate Eye Drops IP 1%w/v,nan,nan,nan,15.0
Prednisolone Tablet (40Mg),Nan,nan,10's,₹0.0 (10's),Jan Aushadhi,Prednisolone Tablet (40Mg),nan,nan,nan,0.0
Prednisolone Tablets IP 10 Mg,Nan,nan,10's,₹9.0 (10's),Jan Aushadhi,Prednisolone Tablets IP 10 mg,nan,nan,nan,9.0
Prednisolone Tablets IP 5 Mg,Nan,nan,15's,₹8.0 (15's),Jan Aushadhi,Prednisolone Tablets IP 5 mg,nan,nan,nan,8.0
Pregabalin (Sustained Release) 75Mg And Methylcobalamin 1500Mcg Tablets,Nan,nan,10's,₹50.0 (10's),Jan Aushadhi,Pregabalin (Sustained release) 75mg and Methylcobalamin 1500mcg Tablets,nan,nan,nan,50.0
Pregabalin 50Mg And Duloxetin (Delayed Release) 20Mg Capsules,Nan,nan,10's,₹35.0 (10's),Jan Aushadhi,Pregabalin 50mg and Duloxetin (Delayed Release) 20mg Capsules,nan,nan,nan,35.0
Pregabalin 75 Mg And Methylcobalamin 1500 Mcg And Nortriptyline 10 Mg Tablets,Nan,nan,10's,₹45.0 (10's),Jan Aushadhi,Pregabalin 75 mg and Methylcobalamin 1500 mcg and Nortriptyline 10 mg Tablets,nan,nan,nan,45.0
Pregabalin 75Mg And Duloxetin (Delayed Release) 20Mg Capsules,Nan,nan,10's,₹45.0 (10's),Jan Aushadhi,Pregabalin 75mg and Duloxetin (Delayed Release) 20mg Capsules,nan,nan,nan,45.0
Pregabalin 75Mg And Duloxetin (Delayed Release) 30Mg Capsules,Nan,nan,10's,₹50.0 (10's),Jan Aushadhi,Pregabalin 75mg and Duloxetin (Delayed Release) 30mg Capsules,nan,nan,nan,50.0
Pregabalin 75Mg And Methylcobalamin 750Mcg Capsule IP,Nan,nan,10's,₹38.5 (10's),Jan Aushadhi,Pregabalin 75mg and Methylcobalamin 750mcg Capsule IP,nan,nan,nan,38.5
Pregabalin 75Mg And Methylcobalamin 750Mcg Tablets,Nan,nan,10's,₹38.0 (10's),Jan Aushadhi,Pregabalin 75mg and Methylcobalamin 750mcg Tablets,nan,nan,nan,38.0
Pregabalin 75Mg And Nortriptyline 10Mg Tablets,Nan,nan,10's,₹34.1 (10's),Jan Aushadhi,Pregabalin 75mg and Nortriptyline 10mg Tablets,nan,nan,nan,34.1
Pregabalin Capsules IP 75 Mg,Nan,nan,10's,₹22.0 (10's),Jan Aushadhi,Pregabalin Capsules IP 75 mg,nan,nan,nan,22.0
Pregabalin Tablets 75 Mg,Nan,nan,10's,₹24.2 (10's),Jan Aushadhi,Pregabalin Tablets 75 mg,nan,nan,nan,24.2
Pregabalin Tablets IP 150Mg,Nan,nan,10's,₹30.0 (10's),Jan Aushadhi,Pregabalin Tablets IP 150mg,nan,nan,nan,30.0
Primaquine Phosphate Tablets IP 2.5 Mg,Nan,nan,10's,₹10.0 (10's),Jan Aushadhi,Primaquine Phosphate Tablets IP 2.5 mg,nan,nan,nan,10.0
Primaquine Phosphate Tablets IP 7.5 Mg,Nan,nan,10's,₹13.0 (10's),Jan Aushadhi,Primaquine Phosphate Tablets IP 7.5 mg,nan,nan,nan,13.0
Probiotic Microbes Capsules 5Mg,Nan,nan,10's,₹28.0 (10's),Jan Aushadhi,Probiotic Microbes Capsules 5mg,nan,nan,nan,28.0
Prochlorperazine Tablets IP 5 Mg,Nan,nan,10's,₹6.0 (10's),Jan Aushadhi,Prochlorperazine Tablets IP 5 mg,nan,nan,nan,6.0
Procyclidine 2.5Mg Tablets,Nan,nan,10's,₹0.0 (10's),Jan Aushadhi,Procyclidine 2.5mg Tablets,nan,nan,nan,0.0
Procyclidine 5Mg Tablets,Nan,nan,10's,₹35.0 (10's),Jan Aushadhi,Procyclidine 5mg Tablets,nan,nan,nan,35.0
Progesterone 100Mg/2Ml Injection IP,Nan,nan,2ml Ampoule in Mono blister,₹0.0 (2ml Ampoule in Mono blister),Jan Aushadhi,Progesterone 100mg/2ml Injection IP,nan,nan,nan,0.0
Progesterone Sustained Release Tablets 200 Mg,Nan,nan,10's,₹163.0 (10's),Jan Aushadhi,Progesterone Sustained Release Tablets 200 mg,nan,nan,nan,163.0
Promethazine Injection IP 25 Mg Per Ml,Nan,nan,2 ml,₹3.0 (2 ml),Jan Aushadhi,Promethazine Injection IP 25 mg per ml,nan,nan,nan,3.0
Promethazine Syrup IP 5Mg Per 5Ml,Nan,nan,100 ml,₹14.0 (100 ml),Jan Aushadhi,Promethazine Syrup IP 5mg per 5ml,nan,nan,nan,14.0
Promethazine Tablets IP 25 Mg,Nan,nan,10's,₹7.0 (10's),Jan Aushadhi,Promethazine Tablets IP 25 mg,nan,nan,nan,7.0
Propofol Injection IP 10 Mg Per Ml,Nan,nan,10 ml Vial,₹39.0 (10 ml Vial),Jan Aushadhi,Propofol Injection IP 10 mg per ml,nan,nan,nan,39.0
Propranolol Hydrochloride 40Mg Sustained Release) And Flunarizine Dihydrochloride 10Mg Tablets,Nan,nan,10's,₹20.0 (10's),Jan Aushadhi,Propranolol Hydrochloride 40mg Sustained Release) and Flunarizine Dihydrochloride 10mg Tablets,nan,nan,nan,20.0
Propranolol Tablets IP 10Mg,Nan,nan,10's,₹5.5 (10's),Jan Aushadhi,Propranolol Tablets IP 10mg,nan,nan,nan,5.5
Propranolol Tablets IP 20Mg,Nan,nan,10's,₹6.0 (10's),Jan Aushadhi,Propranolol Tablets IP 20mg,nan,nan,nan,6.0
Propranolol Tablets IP 40 Mg,Nan,nan,10's,₹6.6 (10's),Jan Aushadhi,Propranolol Tablets IP 40 mg,nan,nan,nan,6.6
Protamine Sulphate Injection IP 10Mg Per Ml,Nan,nan,5 ml Vial/Ampoule,₹21.0 (5 ml Vial/Ampoule),Jan Aushadhi,Protamine Sulphate Injection IP 10mg per ml,nan,nan,nan,21.0
Protein Powder (100% Whey Protein) 1 Kg (2.2 Lbs) Jar,Nan,nan,1 kg (2.2 lbs) Jar,₹1499.0 (1 kg (2.2 lbs) Jar),Jan Aushadhi,Protein Powder (100% Whey Protein) 1 kg (2.2 lbs) Jar,nan,nan,nan,1499.0
Prucalopride Tablet 2 Mg,Nan,nan,10's,₹120.0 (10's),Jan Aushadhi,Prucalopride Tablet 2 mg,nan,nan,nan,120.0
Prucalopride Tablets 1Mg,Nan,nan,10's,₹90.0 (10's),Jan Aushadhi,Prucalopride Tablets 1mg,nan,nan,nan,90.0
Pyrantel Pamoate Oral Suspension IP 250Mg Per 5Ml,Nan,nan,10 ml,₹12.0 (10 ml),Jan Aushadhi,Pyrantel Pamoate Oral Suspension IP 250mg per 5ml,nan,nan,nan,12.0
Pyrazinamide Tablets IP 1000Mg,Nan,nan,10's,₹0.0 (10's),Jan Aushadhi,Pyrazinamide Tablets IP 1000mg,nan,nan,nan,0.0
Pyridostigmine Bromide Tablets IP 60Mg,Nan,nan,10's,₹72.0 (10's),Jan Aushadhi,Pyridostigmine Bromide Tablets IP 60mg,nan,nan,nan,72.0
"Pyridoxine Hydrochloride 10Mg, Doxylamine 10Mg And Folic Acid 2.5Mg Tablets",Nan,nan,30's,₹35.0 (30's),Jan Aushadhi,"Pyridoxine Hydrochloride 10mg, Doxylamine 10mg and Folic Acid 2.5mg Tablets",nan,nan,nan,35.0
Pyridoxine Hydrochloride Sustained Release Tablets 100Mg,Nan,nan,10's,₹35.0 (10's),Jan Aushadhi,Pyridoxine Hydrochloride Sustained release tablets 100mg,nan,nan,nan,35.0
Pyridoxine Tablets IP 50 Mg,Nan,nan,10's,₹9.0 (10's),Jan Aushadhi,Pyridoxine Tablets IP 50 mg,nan,nan,nan,9.0
"Pyridoxine-3Mg, Niacinamide-50Mg, Folic Acid-1.5Mg, Lactic Acid Bacillus 4 Million Spores Capsules",Nan,nan,10's,₹0.0 (10's),Jan Aushadhi,"Pyridoxine-3mg, Niacinamide-50mg, Folic Acid-1.5mg, Lactic Acid Bacillus 4 million spores Capsules",nan,nan,nan,0.0
Quetiapine Fumarate Tablets IP 200Mg,Nan,nan,10's,₹65.0 (10's),Jan Aushadhi,Quetiapine Fumarate Tablets IP 200mg,nan,nan,nan,65.0
Quetiapine Prolonged Release Tablets IP 300Mg,Nan,nan,10's,₹75.0 (10's),Jan Aushadhi,Quetiapine Prolonged release Tablets IP 300mg,nan,nan,nan,75.0
Quetiapine Tablets IP 100Mg,Nan,nan,10's,₹36.3 (10's),Jan Aushadhi,Quetiapine Tablets IP 100mg,nan,nan,nan,36.3
Quetiapine Tablets IP 25 Mg,Nan,nan,10's,₹11.0 (10's),Jan Aushadhi,Quetiapine Tablets IP 25 mg,nan,nan,nan,11.0
Quetiapine Tablets IP 50Mg,Nan,nan,10's,₹18.0 (10's),Jan Aushadhi,Quetiapine Tablets IP 50mg,nan,nan,nan,18.0
Quinine Sulphate Tablets IP 300 Mg,Nan,nan,10's,₹31.0 (10's),Jan Aushadhi,Quinine Sulphate Tablets IP 300 mg,nan,nan,nan,31.0
Quinine Sulphate Tablets IP 600 Mg,Nan,nan,10's,₹50.0 (10's),Jan Aushadhi,Quinine Sulphate Tablets IP 600 mg,nan,nan,nan,50.0
Rabeprazole (20 Mg) + Mosapride (15Mg) Tablet,Aciphex,Eisai,10's,₹0.0 (10's),Jan Aushadhi,Rabeprazole (20 Mg) + Mosapride (15Mg) Tablet,Rabeprazole 20 mg,✅ Yes,"Acidity, GERD, ulcers",0.0
Rabeprazole (20 Mg) + Mosapride (15Mg) Tablet,Rabeloc,Intas,10's,₹0.0 (10's),Jan Aushadhi,Rabeprazole (20 Mg) + Mosapride (15Mg) Tablet,Rabeprazole 20 mg,✅ Yes,"Acidity, GERD, ulcers",0.0
Rabeprazole 20Mg (Enteric Coated) And Domperidone 30Mg (Sustained Release) Capsules,Aciphex,Eisai,10's,₹18.0 (10's),Jan Aushadhi,Rabeprazole 20mg (Enteric Coated) and Domperidone 30mg (Sustained Release) Capsules,Rabeprazole 20 mg,✅ Yes,"Acidity, GERD, ulcers",18.0
Rabeprazole 20Mg (Enteric Coated) And Domperidone 30Mg (Sustained Release) Capsules,Domstal,Torrent,10's,₹18.0 (10's),Jan Aushadhi,Rabeprazole 20mg (Enteric Coated) and Domperidone 30mg (Sustained Release) Capsules,Domperidone 10 mg,✅ Yes,"Nausea, vomiting, gastric motility",18.0
Rabeprazole 20Mg (Enteric Coated) And Domperidone 30Mg (Sustained Release) Capsules,Rabeloc,Intas,10's,₹18.0 (10's),Jan Aushadhi,Rabeprazole 20mg (Enteric Coated) and Domperidone 30mg (Sustained Release) Capsules,Rabeprazole 20 mg,✅ Yes,"Acidity, GERD, ulcers",18.0
Rabeprazole 20Mg (Enteric Coated) And Domperidone 30Mg (Sustained Release) Capsules,Vomistop,Cipla,10's,₹18.0 (10's),Jan Aushadhi,Rabeprazole 20mg (Enteric Coated) and Domperidone 30mg (Sustained Release) Capsules,Domperidone 10 mg,✅ Yes,"Nausea, vomiting, gastric motility",18.0
Rabeprazole 20Mg (Enteric Coated) And Levosulpiride 75Mg (Sustained Release) Capsules,Aciphex,Eisai,10's,₹36.0 (10's),Jan Aushadhi,Rabeprazole 20mg (Enteric Coated) and Levosulpiride 75mg (Sustained Release) Capsules,Rabeprazole 20 mg,✅ Yes,"Acidity, GERD, ulcers",36.0
Rabeprazole 20Mg (Enteric Coated) And Levosulpiride 75Mg (Sustained Release) Capsules,Rabeloc,Intas,10's,₹36.0 (10's),Jan Aushadhi,Rabeprazole 20mg (Enteric Coated) and Levosulpiride 75mg (Sustained Release) Capsules,Rabeprazole 20 mg,✅ Yes,"Acidity, GERD, ulcers",36.0
Rabeprazole 20Mg And Domperidone 10Mg Capsules,Aciphex,Eisai,10's,₹22.0 (10's),Jan Aushadhi,Rabeprazole 20mg and Domperidone 10mg Capsules,Rabeprazole 20 mg,✅ Yes,"Acidity, GERD, ulcers",22.0
Rabeprazole 20Mg And Domperidone 10Mg Capsules,Domstal,Torrent,10's,₹22.0 (10's),Jan Aushadhi,Rabeprazole 20mg and Domperidone 10mg Capsules,Domperidone 10 mg,✅ Yes,"Nausea, vomiting, gastric motility",22.0
Rabeprazole 20Mg And Domperidone 10Mg Capsules,Rabeloc,Intas,10's,₹22.0 (10's),Jan Aushadhi,Rabeprazole 20mg and Domperidone 10mg Capsules,Rabeprazole 20 mg,✅ Yes,"Acidity, GERD, ulcers",22.0
Rabeprazole 20Mg And Domperidone 10Mg Capsules,Vomistop,Cipla,10's,₹22.0 (10's),Jan Aushadhi,Rabeprazole 20mg and Domperidone 10mg Capsules,Domperidone 10 mg,✅ Yes,"Nausea, vomiting, gastric motility",22.0
Rabeprazole Gastro Resistant Tablets IP 20 Mg,Aciphex,Eisai,10's,₹8.8 (10's),Jan Aushadhi,Rabeprazole Gastro Resistant Tablets IP 20 mg,Rabeprazole 20 mg,✅ Yes,"Acidity, GERD, ulcers",8.8
Rabeprazole Gastro Resistant Tablets IP 20 Mg,Rabeloc,Intas,10's,₹8.8 (10's),Jan Aushadhi,Rabeprazole Gastro Resistant Tablets IP 20 mg,Rabeprazole 20 mg,✅ Yes,"Acidity, GERD, ulcers",8.8
Rabeprazole Sodium (Gastro-Resistant) 20Mg And Itopride Hydrochloride Prolonged Release 150Mg Capsules IP,Aciphex,Eisai,10's,₹40.0 (10's),Jan Aushadhi,Rabeprazole Sodium (Gastro-resistant) 20mg and Itopride Hydrochloride Prolonged release 150mg Capsules IP,Rabeprazole 20 mg,✅ Yes,"Acidity, GERD, ulcers",40.0
Rabeprazole Sodium (Gastro-Resistant) 20Mg And Itopride Hydrochloride Prolonged Release 150Mg Capsules IP,Rabeloc,Intas,10's,₹40.0 (10's),Jan Aushadhi,Rabeprazole Sodium (Gastro-resistant) 20mg and Itopride Hydrochloride Prolonged release 150mg Capsules IP,Rabeprazole 20 mg,✅ Yes,"Acidity, GERD, ulcers",40.0
"Rabies Vaccine, Human IP",Nan,nan,1 ml vial with diluent in Mono pack,₹295.0 (1 ml vial with diluent in Mono pack),Jan Aushadhi,"Rabies Vaccine, Human IP",nan,nan,nan,295.0
Racecadotril Capsule IP 100 Mg,Nan,nan,15's,₹110.0 (15's),Jan Aushadhi,Racecadotril Capsule IP 100 mg,nan,nan,nan,110.0
Racecadotril Sachet IP 10Mg,Nan,nan,1gm Sachet,₹5.0 (1gm Sachet),Jan Aushadhi,Racecadotril Sachet IP 10mg,nan,nan,nan,5.0
Racecadotril Sachet IP 15Mg,Nan,nan,1gm Sachet,₹5.5 (1gm Sachet),Jan Aushadhi,Racecadotril Sachet IP 15mg,nan,nan,nan,5.5
Racecadotril Sachet IP 30Mg,Nan,nan,3gm Sachet,₹6.0 (3gm Sachet),Jan Aushadhi,Racecadotril Sachet IP 30mg,nan,nan,nan,6.0
Ramipril 2.5Mg And Hydrochlorothiazide12.5Mg Tablets,Nan,nan,10's,₹75.0 (10's),Jan Aushadhi,Ramipril 2.5mg and Hydrochlorothiazide12.5mg Tablets,nan,nan,nan,75.0
Ramipril 5Mg And Amlodipine 5Mg Tablets,Amlong,Micro Labs,10's,₹25.0 (10's),Jan Aushadhi,Ramipril 5mg and Amlodipine 5mg Tablets,Amlodipine 5 mg,✅ Yes,"High blood pressure, angina",25.0
Ramipril 5Mg And Amlodipine 5Mg Tablets,Norvasc,Pfizer,10's,₹25.0 (10's),Jan Aushadhi,Ramipril 5mg and Amlodipine 5mg Tablets,Amlodipine 5 mg,✅ Yes,"High blood pressure, angina",25.0
Ramipril 5Mg And Hydrochlorothiazide 12.5Mg Tablets IP,Nan,nan,10's,₹14.0 (10's),Jan Aushadhi,Ramipril 5mg and Hydrochlorothiazide 12.5mg Tablets IP,nan,nan,nan,14.0
Ramipril Tablets IP 1.25Mg,Nan,nan,10's,₹0.0 (10's),Jan Aushadhi,Ramipril Tablets IP 1.25mg,nan,nan,nan,0.0
Ramipril Tablets IP 10Mg,Nan,nan,10's,₹20.0 (10's),Jan Aushadhi,Ramipril Tablets IP 10mg,nan,nan,nan,20.0
Ramipril Tablets IP 2.5 Mg,Nan,nan,10's,₹7.7 (10's),Jan Aushadhi,Ramipril Tablets IP 2.5 mg,nan,nan,nan,7.7
Ramipril Tablets IP 5 Mg,Nan,nan,10's,₹10.0 (10's),Jan Aushadhi,Ramipril Tablets IP 5 mg,nan,nan,nan,10.0
Ranitidine 150Mg And Domperidone 10Mg Tablets,Aciloc,Cadila,15's,₹15.0 (15's),Jan Aushadhi,Ranitidine 150mg and Domperidone 10mg Tablets,Ranitidine 150 mg,✅ Yes,"Acidity, indigestion (now largely discontinued)",15.0
Ranitidine 150Mg And Domperidone 10Mg Tablets,Domstal,Torrent,15's,₹15.0 (15's),Jan Aushadhi,Ranitidine 150mg and Domperidone 10mg Tablets,Domperidone 10 mg,✅ Yes,"Nausea, vomiting, gastric motility",15.0
Ranitidine 150Mg And Domperidone 10Mg Tablets,Rantac,JB Chemicals,15's,₹15.0 (15's),Jan Aushadhi,Ranitidine 150mg and Domperidone 10mg Tablets,Ranitidine 150 mg,✅ Yes,"Acidity, indigestion (now largely discontinued)",15.0
Ranitidine 150Mg And Domperidone 10Mg Tablets,Vomistop,Cipla,15's,₹15.0 (15's),Jan Aushadhi,Ranitidine 150mg and Domperidone 10mg Tablets,Domperidone 10 mg,✅ Yes,"Nausea, vomiting, gastric motility",15.0
Ranitidine Injection IP 25 Mg Per Ml,Aciloc,Cadila,2 ml,₹4.0 (2 ml),Jan Aushadhi,Ranitidine Injection IP 25 mg per ml,Ranitidine 150 mg,✅ Yes,"Acidity, indigestion (now largely discontinued)",4.0
Ranitidine Injection IP 25 Mg Per Ml,Rantac,JB Chemicals,2 ml,₹4.0 (2 ml),Jan Aushadhi,Ranitidine Injection IP 25 mg per ml,Ranitidine 150 mg,✅ Yes,"Acidity, indigestion (now largely discontinued)",4.0
Ranitidine Syrup IP 75 Mg Per 5Ml,Aciloc,Cadila,100 ml,₹25.0 (100 ml),Jan Aushadhi,Ranitidine Syrup IP 75 mg per 5ml,Ranitidine 150 mg,✅ Yes,"Acidity, indigestion (now largely discontinued)",25.0
Ranitidine Syrup IP 75 Mg Per 5Ml,Rantac,JB Chemicals,100 ml,₹25.0 (100 ml),Jan Aushadhi,Ranitidine Syrup IP 75 mg per 5ml,Ranitidine 150 mg,✅ Yes,"Acidity, indigestion (now largely discontinued)",25.0
Ranitidine Tablets IP 150 Mg,Aciloc,Cadila,10's,₹6.0 (10's),Jan Aushadhi,Ranitidine Tablets IP 150 mg,Ranitidine 150 mg,✅ Yes,"Acidity, indigestion (now largely discontinued)",6.0
Ranitidine Tablets IP 150 Mg,Rantac,JB Chemicals,10's,₹6.0 (10's),Jan Aushadhi,Ranitidine Tablets IP 150 mg,Ranitidine 150 mg,✅ Yes,"Acidity, indigestion (now largely discontinued)",6.0
Ranitidine Tablets IP 300 Mg,Aciloc,Cadila,10's,₹13.0 (10's),Jan Aushadhi,Ranitidine Tablets IP 300 mg,Ranitidine 150 mg,✅ Yes,"Acidity, indigestion (now largely discontinued)",13.0
Ranitidine Tablets IP 300 Mg,Rantac,JB Chemicals,10's,₹13.0 (10's),Jan Aushadhi,Ranitidine Tablets IP 300 mg,Ranitidine 150 mg,✅ Yes,"Acidity, indigestion (now largely discontinued)",13.0
Ranolazine Extended Release Tablets 1000Mg,Nan,nan,10's,₹75.0 (10's),Jan Aushadhi,Ranolazine Extended Release Tablets 1000mg,nan,nan,nan,75.0
Ranolazine Extended Release Tablets 500Mg,Nan,nan,10's,₹55.0 (10's),Jan Aushadhi,Ranolazine Extended Release Tablets 500mg,nan,nan,nan,55.0
Rasagiline Tablets 0.5Mg,Nan,nan,10's,₹0.0 (10's),Jan Aushadhi,Rasagiline Tablets 0.5mg,nan,nan,nan,0.0
Rasagiline Tablets 1Mg,Nan,nan,10's,₹0.0 (10's),Jan Aushadhi,Rasagiline Tablets 1mg,nan,nan,nan,0.0
Rebamipide Tablets 100 Mg,Nan,nan,10's,₹50.0 (10's),Jan Aushadhi,Rebamipide Tablets 100 mg,nan,nan,nan,50.0
Recombinant Human Tissue Type Plasminogen Activator Injection 20Mg (Alteplase),Nan,nan,Vial with WFI and Transfer canula in Mono Carton,₹0.0 (Vial with WFI and Transfer canula in Mono Carton),Jan Aushadhi,Recombinant Human Tissue type Plasminogen Activator Injection 20mg (Alteplase),nan,nan,nan,0.0
Recombinant Human Tissue Type Plasminogen Activator Injection 50Mg (Alteplase),Nan,nan,Vial with WFI and Transfer canula in Mono Carton,₹0.0 (Vial with WFI and Transfer canula in Mono Carton),Jan Aushadhi,Recombinant Human Tissue type Plasminogen Activator Injection 50mg (Alteplase),nan,nan,nan,0.0
Remdesivir,Remdac,Hetero Healthcare Ltd,200 mg IV STAT followed by 100 mg IV BD × 4 days,₹5400 (approx per vial),Hospital Formulary,Remdesivir 100 mg Injection,Remdesivir 100 mg Injection,✅ Yes,"Antiviral drug used in COVID-19 treatment and severe viral infections",5400.0
Remogliflozin Etabonate 100Mg And Metformin Hydrochloride 1000Mg Tablets,Gluformin,Abbott,10's,₹0.0 (10's),Jan Aushadhi,Remogliflozin Etabonate 100mg and Metformin Hydrochloride 1000mg Tablets,Metformin 500 mg,✅ Yes,Type 2 diabetes (first-line therapy),0.0
Remogliflozin Etabonate 100Mg And Metformin Hydrochloride 1000Mg Tablets,Glycomet,USV,10's,₹0.0 (10's),Jan Aushadhi,Remogliflozin Etabonate 100mg and Metformin Hydrochloride 1000mg Tablets,Metformin 500 mg,✅ Yes,Type 2 diabetes (first-line therapy),0.0
Remogliflozin Etabonate 100Mg And Teneligliptin 10Mg Tablets,Nan,nan,10's,₹0.0 (10's),Jan Aushadhi,Remogliflozin Etabonate 100mg and Teneligliptin 10mg Tablets,nan,nan,nan,0.0
Remogliflozin Etabonate 100Mg And Vildagliptin 50Mg Tablets,Nan,nan,10's,₹0.0 (10's),Jan Aushadhi,Remogliflozin Etabonate 100mg and Vildagliptin 50mg Tablets,nan,nan,nan,0.0
Remogliflozin Etabonate 100Mg Tablets,Nan,nan,10's,₹0.0 (10's),Jan Aushadhi,Remogliflozin Etabonate 100mg Tablets,nan,nan,nan,0.0
"Remogliflozin Etabonate 100Mg, Vildagliptin 50Mg And Metformin Hydrochloride 500Mg Tablets",Gluformin,Abbott,10's,₹0.0 (10's),Jan Aushadhi,"Remogliflozin Etabonate 100mg, Vildagliptin 50mg and Metformin Hydrochloride 500mg Tablets",Metformin 500 mg,✅ Yes,Type 2 diabetes (first-line therapy),0.0
"Remogliflozin Etabonate 100Mg, Vildagliptin 50Mg And Metformin Hydrochloride 500Mg Tablets",Glycomet,USV,10's,₹0.0 (10's),Jan Aushadhi,"Remogliflozin Etabonate 100mg, Vildagliptin 50mg and Metformin Hydrochloride 500mg Tablets",Metformin 500 mg,✅ Yes,Type 2 diabetes (first-line therapy),0.0
Remogliflozin Etabonate Tablets 100Mg And Metformin Hydrochloride 500Mg Tablets,Gluformin,Abbott,10's,₹0.0 (10's),Jan Aushadhi,Remogliflozin Etabonate Tablets 100mg and Metformin Hydrochloride 500mg Tablets,Metformin 500 mg,✅ Yes,Type 2 diabetes (first-line therapy),0.0
Remogliflozin Etabonate Tablets 100Mg And Metformin Hydrochloride 500Mg Tablets,Glycomet,USV,10's,₹0.0 (10's),Jan Aushadhi,Remogliflozin Etabonate Tablets 100mg and Metformin Hydrochloride 500mg Tablets,Metformin 500 mg,✅ Yes,Type 2 diabetes (first-line therapy),0.0
Renal Care Protein Powder (Low Protein),Nan,nan,400g Jar,₹400.0 (400g Jar),Jan Aushadhi,Renal care protein powder (Low Protein),nan,nan,nan,400.0
Renal Care Protein Powder For Dialysis Patients (High Protein),Nan,nan,400g Jar,₹500.0 (400g Jar),Jan Aushadhi,Renal care protein powder for dialysis patients (High Protein),nan,nan,nan,500.0
Repaglinide 0.5Mg And Voglibose 0.2Mg Tablets IP,Nan,nan,10's,₹20.0 (10's),Jan Aushadhi,Repaglinide 0.5mg and Voglibose 0.2mg Tablets IP,nan,nan,nan,20.0
Repaglinide 0.5Mg And Voglibose 0.3Mg Tablets IP,Nan,nan,10's,₹25.0 (10's),Jan Aushadhi,Repaglinide 0.5mg and Voglibose 0.3mg Tablets IP,nan,nan,nan,25.0
Repaglinide 1Mg And Metformin Hydrochloride (Sustained-Release) 500Mg Tablets IP,Gluformin,Abbott,10's,₹30.0 (10's),Jan Aushadhi,Repaglinide 1mg and Metformin Hydrochloride (Sustained-release) 500mg Tablets IP,Metformin 500 mg,✅ Yes,Type 2 diabetes (first-line therapy),30.0
Repaglinide 1Mg And Metformin Hydrochloride (Sustained-Release) 500Mg Tablets IP,Glycomet,USV,10's,₹30.0 (10's),Jan Aushadhi,Repaglinide 1mg and Metformin Hydrochloride (Sustained-release) 500mg Tablets IP,Metformin 500 mg,✅ Yes,Type 2 diabetes (first-line therapy),30.0
Repaglinide 1Mg And Voglibose 0.2Mg Tablets IP,Nan,nan,10's,₹30.0 (10's),Jan Aushadhi,Repaglinide 1mg and Voglibose 0.2mg Tablets IP,nan,nan,nan,30.0
Repaglinide 1Mg And Voglibose 0.3Mg Tablets IP,Nan,nan,10's,₹35.0 (10's),Jan Aushadhi,Repaglinide 1mg and Voglibose 0.3mg Tablets IP,nan,nan,nan,35.0
Repaglinide 2Mg And Metformin Hydrochloride (Sustained-Release) 500Mg Tablets IP,Gluformin,Abbott,10's,₹35.0 (10's),Jan Aushadhi,Repaglinide 2mg and Metformin Hydrochloride (Sustained-release) 500mg Tablets IP,Metformin 500 mg,✅ Yes,Type 2 diabetes (first-line therapy),35.0
Repaglinide 2Mg And Metformin Hydrochloride (Sustained-Release) 500Mg Tablets IP,Glycomet,USV,10's,₹35.0 (10's),Jan Aushadhi,Repaglinide 2mg and Metformin Hydrochloride (Sustained-release) 500mg Tablets IP,Metformin 500 mg,✅ Yes,Type 2 diabetes (first-line therapy),35.0
Repaglinide Tablet IP 0.5Mg,Nan,nan,10's,₹15.0 (10's),Jan Aushadhi,Repaglinide Tablet IP 0.5mg,nan,nan,nan,15.0
Repaglinide Tablet IP 1Mg,Nan,nan,10's,₹25.0 (10's),Jan Aushadhi,Repaglinide Tablet IP 1mg,nan,nan,nan,25.0
Repaglinide Tablet IP 2Mg,Nan,nan,10's,₹35.0 (10's),Jan Aushadhi,Repaglinide Tablet IP 2mg,nan,nan,nan,35.0
Ribavirin Capsules USP 200Mg,Nan,nan,4's,₹50.0 (4's),Jan Aushadhi,Ribavirin Capsules USP 200mg,nan,nan,nan,50.0
"Riboflavin 10Mg,Folic Acid 1.5Mg, Niacinamide 100Mg & Lactic Acid Bacillus 60 Million Spores Tablets",Nan,nan,10's,₹24.0 (10's),Jan Aushadhi,"Riboflavin 10Mg,Folic Acid 1.5Mg, Niacinamide 100Mg & Lactic Acid Bacillus 60 Million Spores Tablets",nan,nan,nan,24.0
Rifaximin Tablets 200 Mg,Nan,nan,10's,₹70.0 (10's),Jan Aushadhi,Rifaximin Tablets 200 mg,nan,nan,nan,70.0
Rifaximin Tablets 400 Mg,Nan,nan,10's,₹200.0 (10's),Jan Aushadhi,Rifaximin Tablets 400 mg,nan,nan,nan,200.0
Rifaximin Tablets 550 Mg,Nan,nan,10's,₹170.0 (10's),Jan Aushadhi,Rifaximin Tablets 550 mg,nan,nan,nan,170.0
Ringer Lactate Infusion,Nan,nan,500 ml in FFS Bottle,₹24.0 (500 ml in FFS Bottle),Jan Aushadhi,Ringer Lactate Infusion,nan,nan,nan,24.0
Risperidone 2Mg Trihexyphenidyl 2 Mg Tablets (Mouth Dissolving ),Nan,nan,10's,₹10.0 (10's),Jan Aushadhi,Risperidone 2mg Trihexyphenidyl 2 mg Tablets (mouth Dissolving ),nan,nan,nan,10.0
Risperidone 3Mg Trihexyphenidyl 2 Mg Tablets,Nan,nan,10's,₹0.0 (10's),Jan Aushadhi,Risperidone 3mg Trihexyphenidyl 2 mg Tablets,nan,nan,nan,0.0
Risperidone 4Mg And Trihexiphenidyl 2Mg Tablets,Nan,nan,10's,₹14.3 (10's),Jan Aushadhi,Risperidone 4mg and Trihexiphenidyl 2mg Tablets,nan,nan,nan,14.3
Risperidone Tablets IP 1Mg,Nan,nan,10's,₹8.0 (10's),Jan Aushadhi,Risperidone Tablets IP 1mg,nan,nan,nan,8.0
Risperidone Tablets IP 2 Mg,Nan,nan,10's,₹10.0 (10's),Jan Aushadhi,Risperidone Tablets IP 2 mg,nan,nan,nan,10.0
Risperidone Tablets IP 3 Mg,Nan,nan,10's,₹11.0 (10's),Jan Aushadhi,Risperidone Tablets IP 3 mg,nan,nan,nan,11.0
Risperidone Tablets IP 4Mg,Nan,nan,10's,₹9.0 (10's),Jan Aushadhi,Risperidone Tablets IP 4mg,nan,nan,nan,9.0
Rituximab 100Mg/10Ml Injection,Nan,nan,10ml vial,₹4000.0 (10ml vial),Jan Aushadhi,Rituximab 100mg/10ml Injection,nan,nan,nan,4000.0
Rituximab 500Mg/50Ml Injection,Nan,nan,50ml vial,₹11700.0 (50ml vial),Jan Aushadhi,Rituximab 500mg/50ml Injection,nan,nan,nan,11700.0
Rivaroxaban Tablet 15 Mg,Nan,nan,14's,₹125.0 (14's),Jan Aushadhi,Rivaroxaban Tablet 15 mg,nan,nan,nan,125.0
Rivaroxaban Tablet 2.5 Mg,Nan,nan,14's,₹45.0 (14's),Jan Aushadhi,Rivaroxaban Tablet 2.5 mg,nan,nan,nan,45.0
Rivaroxaban Tablets 10Mg,Nan,nan,30's,₹210.0 (30's),Jan Aushadhi,Rivaroxaban Tablets 10mg,nan,nan,nan,210.0
Rivaroxaban Tablets 20Mg,Nan,nan,14's,₹150.0 (14's),Jan Aushadhi,Rivaroxaban Tablets 20mg,nan,nan,nan,150.0
Rivastigmine Capsules 1.5Mg,Nan,nan,10's,₹50.0 (10's),Jan Aushadhi,Rivastigmine Capsules 1.5mg,nan,nan,nan,50.0
Rivastigmine Capsules 3Mg,Nan,nan,10's,₹0.0 (10's),Jan Aushadhi,Rivastigmine Capsules 3mg,nan,nan,nan,0.0
Rivastigmine Capsules 4.5 Mg,Nan,nan,10's,₹0.0 (10's),Jan Aushadhi,Rivastigmine Capsules 4.5 mg,nan,nan,nan,0.0
Rivastigmine Capsules 6 Mg,Nan,nan,10's,₹0.0 (10's),Jan Aushadhi,Rivastigmine Capsules 6 mg,nan,nan,nan,0.0
Rivastigmine Transdermal Patch 18Mg (9.5Mg/24 Hour),Nan,nan,30's in monocarton,₹0.0 (30's in monocarton),Jan Aushadhi,Rivastigmine Transdermal Patch 18mg (9.5mg/24 hour),nan,nan,nan,0.0
Rivastigmine Transdermal Patch 27Mg (13.3Mg/24 Hour),Nan,nan,30's in monocarton,₹0.0 (30's in monocarton),Jan Aushadhi,Rivastigmine Transdermal Patch 27mg (13.3mg/24 hour),nan,nan,nan,0.0
Rivastigmine Transdermal Patch 9Mg (4.6Mg/24 Hour),Nan,nan,30's in monocarton,₹0.0 (30's in monocarton),Jan Aushadhi,Rivastigmine Transdermal Patch 9mg (4.6mg/24 hour),nan,nan,nan,0.0
Rizatriptan Benzoate Orally Disintegrating Strips 10 Mg,Nan,nan,5's in Mono-carton,₹160.0 (5's in Mono-carton),Jan Aushadhi,Rizatriptan Benzoate Orally Disintegrating Strips 10 mg,nan,nan,nan,160.0
Rizatriptan Benzoate Orally Disintegrating Strips 5 Mg,Nan,nan,5's in Mono-carton,₹97.0 (5's in Mono-carton),Jan Aushadhi,Rizatriptan Benzoate Orally Disintegrating Strips 5 mg,nan,nan,nan,97.0
Romiplostim Powder And Solvent For Solution For Injection 250Mcg Per 0.5 Vial,Nan,nan,Vial,₹0.0 (Vial),Jan Aushadhi,Romiplostim Powder and Solvent for solution for Injection 250mcg per 0.5 vial,nan,nan,nan,0.0
Romiplostim Powder And Solvent For Solution For Injection 500Mcg Per Vial,Nan,nan,Vial,₹0.0 (Vial),Jan Aushadhi,Romiplostim Powder and Solvent for solution for Injection 500mcg per vial,nan,nan,nan,0.0
Ropinirole Tablets 0.25Mg,Nan,nan,10's,₹0.0 (10's),Jan Aushadhi,Ropinirole Tablets 0.25mg,nan,nan,nan,0.0
Ropinirole Tablets IP 0.5Mg,Nan,nan,10's,₹15.0 (10's),Jan Aushadhi,Ropinirole Tablets IP 0.5mg,nan,nan,nan,15.0
Ropinirole Tablets IP 1 Mg,Nan,nan,10's,₹20.0 (10's),Jan Aushadhi,Ropinirole Tablets IP 1 mg,nan,nan,nan,20.0
Ropinirole Tablets IP 2 Mg,Nan,nan,10's,₹30.0 (10's),Jan Aushadhi,Ropinirole Tablets IP 2 mg,nan,nan,nan,30.0
Ropinirole Tablets IP 4 Mg,Nan,nan,10's,₹0.0 (10's),Jan Aushadhi,Ropinirole Tablets IP 4 mg,nan,nan,nan,0.0
"Rosehip Extract 275Mg, Devil'S Claw Extract (20%) 100Mg And Boswellia Serrata Extract (65%) 307.5Mg Capsules",Nan,nan,10's,₹90.0 (10's),Jan Aushadhi,"Rosehip Extract 275mg, Devil's Claw Extract (20%) 100mg and Boswellia serrata Extract (65%) 307.5mg Capsules",nan,nan,nan,90.0
Rosuvastatin + Cholecalciferol Tablet (10 Mg/1000 IU),Nan,nan,10's,₹0.0 (10's),Jan Aushadhi,Rosuvastatin + Cholecalciferol Tablet (10 Mg/1000 IU),nan,nan,nan,0.0
Rosuvastatin + Ezetimibe Tablet (10/ 10Mg),Nan,nan,10's,₹0.0 (10's),Jan Aushadhi,Rosuvastatin + Ezetimibe Tablet (10/ 10Mg),nan,nan,nan,0.0
Rosuvastatin + Ezetimibe Tablet (20/ 10Mg),Nan,nan,10's,₹0.0 (10's),Jan Aushadhi,Rosuvastatin + Ezetimibe Tablet (20/ 10Mg),nan,nan,nan,0.0
Rosuvastatin 10Mg And Clopidogrel 75Mg Capsules,Clopilet,Sun Pharma,10's,₹42.0 (10's),Jan Aushadhi,Rosuvastatin 10mg and Clopidogrel 75mg Capsules,Clopidogrel 75 mg,✅ Yes,Prevents blood clots after heart attack/stroke,42.0
Rosuvastatin 10Mg And Clopidogrel 75Mg Capsules,Deplatt,Torrent,10's,₹42.0 (10's),Jan Aushadhi,Rosuvastatin 10mg and Clopidogrel 75mg Capsules,Clopidogrel 75 mg,✅ Yes,Prevents blood clots after heart attack/stroke,42.0
Rosuvastatin 10Mg And Fenofibrate 160Mg Tablets IP,Nan,nan,10's,₹34.1 (10's),Jan Aushadhi,Rosuvastatin 10mg and Fenofibrate 160mg Tablets IP,nan,nan,nan,34.1
"Rosuvastatin 10Mg, Aspirin 75Mg And Clopidogrel 75Mg Capsules",Clopilet,Sun Pharma,10's,₹49.5 (10's),Jan Aushadhi,"Rosuvastatin 10mg, Aspirin 75mg and Clopidogrel 75mg Capsules",Clopidogrel 75 mg,✅ Yes,Prevents blood clots after heart attack/stroke,49.5
"Rosuvastatin 10Mg, Aspirin 75Mg And Clopidogrel 75Mg Capsules",Deplatt,Torrent,10's,₹49.5 (10's),Jan Aushadhi,"Rosuvastatin 10mg, Aspirin 75mg and Clopidogrel 75mg Capsules",Clopidogrel 75 mg,✅ Yes,Prevents blood clots after heart attack/stroke,49.5
Rosuvastatin 20Mg And Aspirin 75Mg Capsules,Nan,nan,10's,₹40.0 (10's),Jan Aushadhi,Rosuvastatin 20mg and Aspirin 75mg Capsules,nan,nan,nan,40.0
Rosuvastatin 20Mg And Clopidogrel 75Mg Capsules,Clopilet,Sun Pharma,10's,₹0.0 (10's),Jan Aushadhi,Rosuvastatin 20Mg And Clopidogrel 75Mg Capsules,Clopidogrel 75 mg,✅ Yes,Prevents blood clots after heart attack/stroke,0.0
Rosuvastatin 20Mg And Clopidogrel 75Mg Capsules,Deplatt,Torrent,10's,₹0.0 (10's),Jan Aushadhi,Rosuvastatin 20Mg And Clopidogrel 75Mg Capsules,Clopidogrel 75 mg,✅ Yes,Prevents blood clots after heart attack/stroke,0.0
Rosuvastatin 20Mg And Fenofibrate 160Mg Tablets IP,Nan,nan,10's,₹40.0 (10's),Jan Aushadhi,Rosuvastatin 20mg and Fenofibrate 160mg Tablets IP,nan,nan,nan,40.0
"Rosuvastatin 20Mg, Aspirin 75Mg And Clopidogrel 75Mg Capsules",Clopilet,Sun Pharma,10's,₹55.0 (10's),Jan Aushadhi,"Rosuvastatin 20mg, Aspirin 75mg and Clopidogrel 75mg Capsules",Clopidogrel 75 mg,✅ Yes,Prevents blood clots after heart attack/stroke,55.0
"Rosuvastatin 20Mg, Aspirin 75Mg And Clopidogrel 75Mg Capsules",Deplatt,Torrent,10's,₹55.0 (10's),Jan Aushadhi,"Rosuvastatin 20mg, Aspirin 75mg and Clopidogrel 75mg Capsules",Clopidogrel 75 mg,✅ Yes,Prevents blood clots after heart attack/stroke,55.0
Rosuvastatin Tablets IP 10Mg,Nan,nan,15's,₹18.7 (15's),Jan Aushadhi,Rosuvastatin Tablets IP 10mg,nan,nan,nan,18.7
Rosuvastatin Tablets IP 20 Mg,Nan,nan,10's,₹28.6 (10's),Jan Aushadhi,Rosuvastatin Tablets IP 20 mg,nan,nan,nan,28.6
Rosuvastatin Tablets IP 40Mg,Nan,nan,10's,₹44.0 (10's),Jan Aushadhi,Rosuvastatin Tablets IP 40mg,nan,nan,nan,44.0
Rosuvastatin Tablets IP 5Mg,Nan,nan,10's,₹13.2 (10's),Jan Aushadhi,Rosuvastatin Tablets IP 5mg,nan,nan,nan,13.2
Roxithromycin Tablets IP 150 Mg,Nan,nan,10's,₹28.0 (10's),Jan Aushadhi,Roxithromycin Tablets IP 150 mg,nan,nan,nan,28.0
Roxithromycin Tablets IP 300 Mg,Nan,nan,10's,₹50.0 (10's),Jan Aushadhi,Roxithromycin Tablets IP 300 mg,nan,nan,nan,50.0
Rupatadine (10Mg) + Montelukast (10Mg) Tablet,Nan,nan,10's,₹0.0 (10's),Jan Aushadhi,Rupatadine (10Mg) + Montelukast (10Mg) Tablet,nan,nan,nan,0.0
Rupatadine 10 Mg Tab,Nan,nan,10's,₹0.0 (10's),Jan Aushadhi,Rupatadine 10 Mg Tab,nan,nan,nan,0.0
S (-) Amlodipine Tablets IP 5Mg,Amlong,Micro Labs,15's,₹10.0 (15's),Jan Aushadhi,S (-) Amlodipine Tablets IP 5mg,Amlodipine 5 mg,✅ Yes,"High blood pressure, angina",10.0
S (-) Amlodipine Tablets IP 5Mg,Norvasc,Pfizer,15's,₹10.0 (15's),Jan Aushadhi,S (-) Amlodipine Tablets IP 5mg,Amlodipine 5 mg,✅ Yes,"High blood pressure, angina",10.0
S(-) Amlodipine 2.5Mg And Atenolol 50Mg Tablets,Amlong,Micro Labs,10's,₹15.0 (10's),Jan Aushadhi,S(-) Amlodipine 2.5mg and Atenolol 50mg Tablets,Amlodipine 5 mg,✅ Yes,"High blood pressure, angina",15.0
S(-) Amlodipine 2.5Mg And Atenolol 50Mg Tablets,Norvasc,Pfizer,10's,₹15.0 (10's),Jan Aushadhi,S(-) Amlodipine 2.5mg and Atenolol 50mg Tablets,Amlodipine 5 mg,✅ Yes,"High blood pressure, angina",15.0
S(-)Amlodipine Tablets IP 2.5 Mg,Amlong,Micro Labs,10's,₹12.1 (10's),Jan Aushadhi,S(-)Amlodipine Tablets IP 2.5 mg,Amlodipine 5 mg,✅ Yes,"High blood pressure, angina",12.1
S(-)Amlodipine Tablets IP 2.5 Mg,Norvasc,Pfizer,10's,₹12.1 (10's),Jan Aushadhi,S(-)Amlodipine Tablets IP 2.5 mg,Amlodipine 5 mg,✅ Yes,"High blood pressure, angina",12.1
S-Adenosyl L- Methionine 400Mg Tablets,Nan,nan,10's,₹250.0 (10's),Jan Aushadhi,S-Adenosyl L- Methionine 400mg Tablets,nan,nan,nan,250.0
S-Adenosyl L-Methionine 200Mg Tablets,Nan,nan,10's,₹120.0 (10's),Jan Aushadhi,S-Adenosyl L-Methionine 200mg Tablets,nan,nan,nan,120.0
S-Amlodipine + Hydrochlorothiazide Tablet (2.5/12.5 Mg),Amlong,Micro Labs,10's,₹0.0 (10's),Jan Aushadhi,S-Amlodipine + Hydrochlorothiazide Tablet (2.5/12.5 Mg),Amlodipine 5 mg,✅ Yes,"High blood pressure, angina",0.0
S-Amlodipine + Hydrochlorothiazide Tablet (2.5/12.5 Mg),Norvasc,Pfizer,10's,₹0.0 (10's),Jan Aushadhi,S-Amlodipine + Hydrochlorothiazide Tablet (2.5/12.5 Mg),Amlodipine 5 mg,✅ Yes,"High blood pressure, angina",0.0
S-Metoprolol + S-Amlodipine Tablet (25/2.5 Mg),Amlong,Micro Labs,10's,₹0.0 (10's),Jan Aushadhi,S-Metoprolol + S-Amlodipine Tablet (25/2.5 Mg),Amlodipine 5 mg,✅ Yes,"High blood pressure, angina",0.0
S-Metoprolol + S-Amlodipine Tablet (25/2.5 Mg),Norvasc,Pfizer,10's,₹0.0 (10's),Jan Aushadhi,S-Metoprolol + S-Amlodipine Tablet (25/2.5 Mg),Amlodipine 5 mg,✅ Yes,"High blood pressure, angina",0.0
S-Metoprolol + S-Amlodipine Tablet (25/5 Mg),Amlong,Micro Labs,10's,₹0.0 (10's),Jan Aushadhi,S-Metoprolol + S-Amlodipine Tablet (25/5 Mg),Amlodipine 5 mg,✅ Yes,"High blood pressure, angina",0.0
S-Metoprolol + S-Amlodipine Tablet (25/5 Mg),Norvasc,Pfizer,10's,₹0.0 (10's),Jan Aushadhi,S-Metoprolol + S-Amlodipine Tablet (25/5 Mg),Amlodipine 5 mg,✅ Yes,"High blood pressure, angina",0.0
S-Metoprolol + Telmisartan Tablet (25/ 20Mg),Micardis,Boehringer,10's,₹0.0 (10's),Jan Aushadhi,S-Metoprolol + Telmisartan Tablet (25/ 20Mg),Telmisartan 40 mg,✅ Yes,"High blood pressure, heart protection",0.0
S-Metoprolol + Telmisartan Tablet (25/ 20Mg),Telma,Glenmark,10's,₹0.0 (10's),Jan Aushadhi,S-Metoprolol + Telmisartan Tablet (25/ 20Mg),Telmisartan 40 mg,✅ Yes,"High blood pressure, heart protection",0.0
Saccharomyces Boulardii Capsule 250Mg,Nan,nan,5's,₹66.0 (5's),Jan Aushadhi,Saccharomyces Boulardii Capsule 250mg,nan,nan,nan,66.0
Saccharomyces Boulardii Powder 250Mg,Nan,nan,1’s Sachet,₹15.0 (1’s Sachet),Jan Aushadhi,Saccharomyces Boulardii Powder 250mg,nan,nan,nan,15.0
Sacubitril 24Mg And Valsartan 26Mg Tablets,Nan,nan,10's,₹72.0 (10's),Jan Aushadhi,Sacubitril 24mg and Valsartan 26mg Tablets,nan,nan,nan,72.0
Sacubitril 49Mg And Valsartan 51Mg Tablets,Nan,nan,10's,₹140.0 (10's),Jan Aushadhi,Sacubitril 49mg and Valsartan 51mg Tablets,nan,nan,nan,140.0
Sacubitril 97Mg And Valsartan 103Mg Tablets,Nan,nan,7’s,₹227.0 (7’s),Jan Aushadhi,Sacubitril 97mg and Valsartan 103mg Tablets,nan,nan,nan,227.0
Safinamide Tablet (50 Mg),Nan,nan,10's,₹0.0 (10's),Jan Aushadhi,Safinamide Tablet (50 Mg),nan,nan,nan,0.0
Salbutamol 100Mcg And Ipratropium 20Mcg Inhaler,Nan,nan,200 MDI,₹110.0 (200 MDI),Jan Aushadhi,Salbutamol 100mcg and Ipratropium 20mcg Inhaler,nan,nan,nan,110.0
Salbutamol Inhalation IP 100Mcg,Nan,nan,200 md,₹50.0 (200 md),Jan Aushadhi,Salbutamol Inhalation IP 100mcg,nan,nan,nan,50.0
Salbutamol Rotacaps 200Mcg,Nan,nan,60 s in Container,₹24.0 (60 s in Container),Jan Aushadhi,Salbutamol Rotacaps 200mcg,nan,nan,nan,24.0
Salbutamol Syrup IP 2Mg Per 5Ml,Nan,nan,100 ml,₹11.0 (100 ml),Jan Aushadhi,Salbutamol Syrup IP 2mg per 5ml,nan,nan,nan,11.0
Salbutamol Tablets IP 2Mg,Nan,nan,10's,₹1.0 (10's),Jan Aushadhi,Salbutamol Tablets IP 2mg,nan,nan,nan,1.0
Salbutamol Tablets IP 4 Mg,Nan,nan,10's,₹2.0 (10's),Jan Aushadhi,Salbutamol Tablets IP 4 mg,nan,nan,nan,2.0
Salicylic Acid 1% W/V Foaming Facewash,Nan,nan,60ml Lami Tube,₹50.0 (60ml Lami Tube),Jan Aushadhi,Salicylic Acid 1% w/v Foaming Facewash,nan,nan,nan,50.0
"Salicylic Acid 1.15%W/W, Dithranol 1.15%W/W And Coal Tar 5.3%W/W Ointment",Nan,nan,30 gm,₹45.0 (30 gm),Jan Aushadhi,"Salicylic acid 1.15%w/w, Dithranol 1.15%w/w and Coal Tar 5.3%w/w Ointment",nan,nan,nan,45.0
Salicylic Acid 2% W/V Foaming Facewash,Nan,nan,60ml Lami Tube,₹70.0 (60ml Lami Tube),Jan Aushadhi,Salicylic Acid 2% w/v Foaming Facewash,nan,nan,nan,70.0
Salicylic Acid 3% Powder,Nan,nan,150gm bottle,₹0.0 (150gm bottle),Jan Aushadhi,Salicylic Acid 3% powder,nan,nan,nan,0.0
Saline Nasal Drops (Sodium Chloride 0.65% W/V),Nan,nan,20 ml,₹12.0 (20 ml),Jan Aushadhi,Saline Nasal Drops (Sodium Chloride 0.65% w/v),nan,nan,nan,12.0
Salmeterol 25Mcg And Fluticasone Propionate 250Mcg Inhaler IP,Nan,nan,100 MD,₹250.0 (100 MD),Jan Aushadhi,Salmeterol 25mcg and Fluticasone Propionate 250mcg Inhaler IP,nan,nan,nan,250.0
Salmeterol 50Mcg And Fluticasone 250Mcg Rotacaps,Nan,nan,30's,₹120.0 (30's),Jan Aushadhi,Salmeterol 50mcg and Fluticasone 250mcg Rotacaps,nan,nan,nan,120.0
Salmeterol 50Mcg And Fluticasone 500Mcg Rotacaps,Nan,nan,30's in Monocarton,₹150.0 (30's in Monocarton),Jan Aushadhi,Salmeterol 50mcg and Fluticasone 500mcg Rotacaps,nan,nan,nan,150.0
Salmeterol 50Mcg And Fluticasone Propionate 100Mcg Powder For Inhalation IP,Nan,nan,30's,₹75.0 (30's),Jan Aushadhi,Salmeterol 50mcg and Fluticasone Propionate 100mcg Powder for Inhalation IP,nan,nan,nan,75.0
Saroglitazar Tablets 4Mg,Nan,nan,10's,₹0.0 (10's),Jan Aushadhi,Saroglitazar Tablets 4mg,nan,nan,nan,0.0
Saxagliptin Tablets 5Mg,Nan,nan,10's,₹93.0 (10's),Jan Aushadhi,Saxagliptin Tablets 5mg,nan,nan,nan,93.0
Selegiline Hydrochloride 5Mg Tablets,Nan,nan,10's,₹30.0 (10's),Jan Aushadhi,Selegiline Hydrochloride 5mg Tablets,nan,nan,nan,30.0
Selenium Sulphide Shampoo 1% W/W,Nan,nan,60ml Flip top Jar,₹95.0 (60ml Flip top Jar),Jan Aushadhi,Selenium Sulphide Shampoo 1% w/w,nan,nan,nan,95.0
Selenium Sulphide Shampoo 2.5% W/V,Nan,nan,120 ml,₹186.0 (120 ml),Jan Aushadhi,Selenium Sulphide Shampoo 2.5% w/v,nan,nan,nan,186.0
Selexipag Tablets 200Mcg,Nan,nan,10's,₹420.0 (10's),Jan Aushadhi,Selexipag Tablets 200mcg,nan,nan,nan,420.0
Selexipag Tablets 400Mcg,Nan,nan,10's,₹0.0 (10's),Jan Aushadhi,Selexipag Tablets 400mcg,nan,nan,nan,0.0
Serratiopeptidase 10Mg And Diclofenac Sodium 50Mg Tablets,Dicloran,Torrent,10's,₹15.4 (10's),Jan Aushadhi,Serratiopeptidase 10mg and Diclofenac Sodium 50mg Tablets,Diclofenac 50 mg,✅ Yes,"Pain relief, inflammation, arthritis",15.4
Serratiopeptidase 10Mg And Diclofenac Sodium 50Mg Tablets,Voveran,Novartis,10's,₹15.4 (10's),Jan Aushadhi,Serratiopeptidase 10mg and Diclofenac Sodium 50mg Tablets,Diclofenac 50 mg,✅ Yes,"Pain relief, inflammation, arthritis",15.4
Serratiopeptidase Tablets IP 10 Mg,Nan,nan,10's,₹12.1 (10's),Jan Aushadhi,Serratiopeptidase Tablets IP 10 mg,nan,nan,nan,12.1
Sertaconazole Dusting Powder 2% W/W,Nan,nan,30g,₹0.0 (30g),Jan Aushadhi,Sertaconazole Dusting Powder 2% w/w,nan,nan,nan,0.0
Sertaconazole Nitrate Cream IP 2%W/W,Nan,nan,15 gm,₹60.0 (15 gm),Jan Aushadhi,Sertaconazole Nitrate Cream IP 2%w/w,nan,nan,nan,60.0
Sertraline Tablets IP 100Mg,Nan,nan,10's,₹22.0 (10's),Jan Aushadhi,Sertraline Tablets IP 100mg,nan,nan,nan,22.0
Sertraline Tablets IP 25Mg,Nan,nan,10's,₹15.0 (10's),Jan Aushadhi,Sertraline Tablets IP 25mg,nan,nan,nan,15.0
Sertraline Tablets IP 50Mg,Nan,nan,10's,₹18.0 (10's),Jan Aushadhi,Sertraline Tablets IP 50mg,nan,nan,nan,18.0
Sevelamer 800Mg Tablets,Nan,nan,10's,₹80.0 (10's),Jan Aushadhi,Sevelamer 800mg Tablets,nan,nan,nan,80.0
Sevelamer Carbonate Tablets 400Mg,Nan,nan,10's,₹55.0 (10's),Jan Aushadhi,Sevelamer Carbonate Tablets 400mg,nan,nan,nan,55.0
Shilajit Capsule 500 Mg,Nan,nan,60's in Bottle,₹160.0 (60's in Bottle),Jan Aushadhi,Shilajit Capsule 500 mg,nan,nan,nan,160.0
Sildenafil 50Mg Oral Disintegrating Strips,Nan,nan,5's in Mono Carton,₹50.0 (5's in Mono Carton),Jan Aushadhi,Sildenafil 50mg Oral Disintegrating Strips,nan,nan,nan,50.0
Sildenafil Orally Disintegrating Strips 100 Mg,Nan,nan,5's in mono-carton,₹0.0 (5's in mono-carton),Jan Aushadhi,Sildenafil Orally Disintegrating Strips 100 mg,nan,nan,nan,0.0
Sildenafil Tablets IP 100 Mg,Nan,nan,4's,₹10.0 (4's),Jan Aushadhi,Sildenafil Tablets IP 100 mg,nan,nan,nan,10.0
Sildenafil Tablets IP 20Mg,Nan,nan,10's,₹7.0 (10's),Jan Aushadhi,Sildenafil Tablets IP 20mg,nan,nan,nan,7.0
Sildenafil Tablets IP 50 Mg,Nan,nan,4's,₹9.9 (4's),Jan Aushadhi,Sildenafil Tablets IP 50 mg,nan,nan,nan,9.9
Silodosin 4Mg And Dutasteride 0.5Mg Capsules,Nan,nan,10's,₹100.0 (10's),Jan Aushadhi,Silodosin 4mg and Dutasteride 0.5mg Capsules,nan,nan,nan,100.0
Silodosin 8Mg And Dutasteride 0.5Mg Capsules,Nan,nan,10's,₹140.0 (10's),Jan Aushadhi,Silodosin 8mg and Dutasteride 0.5mg Capsules,nan,nan,nan,140.0
Silodosin Capsules 4 Mg,Nan,nan,10's,₹50.0 (10's),Jan Aushadhi,Silodosin Capsules 4 mg,nan,nan,nan,50.0
Silodosin Capsules 8 Mg,Nan,nan,10's,₹75.0 (10's),Jan Aushadhi,Silodosin Capsules 8 mg,nan,nan,nan,75.0
Silver Nitrate 0.20% W/W And Chlorhexidine Gluconate 0.20% W/W Cream,Nan,nan,15 Gms Tube,₹25.0 (15 Gms Tube),Jan Aushadhi,Silver Nitrate 0.20% w/w and Chlorhexidine Gluconate 0.20% w/w Cream,nan,nan,nan,25.0
"Silver Sulphadiazine 1% W/W, Chlorhexidine Gluconate 0.2% W/W, Allantoin 0.1% W/W, Aloe Vera 15% W/W Cream",Nan,nan,20 gm,₹30.0 (20 gm),Jan Aushadhi,"Silver Sulphadiazine 1% w/w, Chlorhexidine Gluconate 0.2% w/w, Allantoin 0.1% w/w, Aloe vera 15% w/w Cream",nan,nan,nan,30.0
Silymarin Tablet 140 Mg,Nan,nan,10's,₹30.0 (10's),Jan Aushadhi,Silymarin Tablet 140 mg,nan,nan,nan,30.0
"Simethicone 40Mg , Dill Oil 0.005Ml And Fennel Oil 0.0007Ml Drops",Nan,nan,30ml Oral Drops,₹20.0 (30ml Oral Drops),Jan Aushadhi,"Simethicone 40Mg , Dill Oil 0.005Ml And Fennel Oil 0.0007Ml Drops",nan,nan,nan,20.0
Simvastatin Tablets IP 10Mg,Nan,nan,10's,₹11.0 (10's),Jan Aushadhi,Simvastatin Tablets IP 10mg,nan,nan,nan,11.0
Simvastatin Tablets IP 20Mg,Nan,nan,10's,₹16.0 (10's),Jan Aushadhi,Simvastatin Tablets IP 20mg,nan,nan,nan,16.0
Sirolimus Tablets 1Mg,Nan,nan,10's,₹200.0 (10's),Jan Aushadhi,Sirolimus Tablets 1mg,nan,nan,nan,200.0
Sitagliptin + Pioglitazone + Metformin Tablet (100/15/500 Mg),Actos,Takeda,10's,₹0.0 (10's),Jan Aushadhi,Sitagliptin + Pioglitazone + Metformin Tablet (100/15/500 Mg),Pioglitazone 15 mg,✅ Yes,Type 2 diabetes (insulin sensitizer),0.0
Sitagliptin + Pioglitazone + Metformin Tablet (100/15/500 Mg),Gluformin,Abbott,10's,₹0.0 (10's),Jan Aushadhi,Sitagliptin + Pioglitazone + Metformin Tablet (100/15/500 Mg),Metformin 500 mg,✅ Yes,Type 2 diabetes (first-line therapy),0.0
Sitagliptin + Pioglitazone + Metformin Tablet (100/15/500 Mg),Glycomet,USV,10's,₹0.0 (10's),Jan Aushadhi,Sitagliptin + Pioglitazone + Metformin Tablet (100/15/500 Mg),Metformin 500 mg,✅ Yes,Type 2 diabetes (first-line therapy),0.0
Sitagliptin + Pioglitazone + Metformin Tablet (100/15/500 Mg),Pioglit,Sun Pharma,10's,₹0.0 (10's),Jan Aushadhi,Sitagliptin + Pioglitazone + Metformin Tablet (100/15/500 Mg),Pioglitazone 15 mg,✅ Yes,Type 2 diabetes (insulin sensitizer),0.0
Sitagliptin 100Mg And Metformin 1000Mg Extended Release Tablets,Gluformin,Abbott,10's,₹90.0 (10's),Jan Aushadhi,Sitagliptin 100mg and Metformin 1000mg Extended Release Tablets,Metformin 500 mg,✅ Yes,Type 2 diabetes (first-line therapy),90.0
Sitagliptin 100Mg And Metformin 1000Mg Extended Release Tablets,Glycomet,USV,10's,₹90.0 (10's),Jan Aushadhi,Sitagliptin 100mg and Metformin 1000mg Extended Release Tablets,Metformin 500 mg,✅ Yes,Type 2 diabetes (first-line therapy),90.0
Sitagliptin 100Mg And Metformin 500Mg Extended Release Tablets,Gluformin,Abbott,10's,₹70.0 (10's),Jan Aushadhi,Sitagliptin 100mg and Metformin 500mg Extended Release Tablets,Metformin 500 mg,✅ Yes,Type 2 diabetes (first-line therapy),70.0
Sitagliptin 100Mg And Metformin 500Mg Extended Release Tablets,Glycomet,USV,10's,₹70.0 (10's),Jan Aushadhi,Sitagliptin 100mg and Metformin 500mg Extended Release Tablets,Metformin 500 mg,✅ Yes,Type 2 diabetes (first-line therapy),70.0
Sitagliptin 50Mg And Metformin 500Mg Extended Release Tablets,Gluformin,Abbott,10's,₹55.0 (10's),Jan Aushadhi,Sitagliptin 50mg and Metformin 500mg Extended Release Tablets,Metformin 500 mg,✅ Yes,Type 2 diabetes (first-line therapy),55.0
Sitagliptin 50Mg And Metformin 500Mg Extended Release Tablets,Glycomet,USV,10's,₹55.0 (10's),Jan Aushadhi,Sitagliptin 50mg and Metformin 500mg Extended Release Tablets,Metformin 500 mg,✅ Yes,Type 2 diabetes (first-line therapy),55.0
"Sitagliptin 50Mg, Glimepiride 1Mg And Metformin Hydrochloride 1000Mg Tablets",Gluformin,Abbott,10's,₹62.0 (10's),Jan Aushadhi,"Sitagliptin 50mg, Glimepiride 1mg and Metformin Hydrochloride 1000mg Tablets",Metformin 500 mg,✅ Yes,Type 2 diabetes (first-line therapy),62.0
"Sitagliptin 50Mg, Glimepiride 1Mg And Metformin Hydrochloride 1000Mg Tablets",Glycomet,USV,10's,₹62.0 (10's),Jan Aushadhi,"Sitagliptin 50mg, Glimepiride 1mg and Metformin Hydrochloride 1000mg Tablets",Metformin 500 mg,✅ Yes,Type 2 diabetes (first-line therapy),62.0
"Sitagliptin 50Mg, Glimepiride 2Mg And Metformin Hydrochloride 1000Mg Tablets",Gluformin,Abbott,10's,₹65.0 (10's),Jan Aushadhi,"Sitagliptin 50mg, Glimepiride 2mg and Metformin Hydrochloride 1000mg Tablets",Metformin 500 mg,✅ Yes,Type 2 diabetes (first-line therapy),65.0
"Sitagliptin 50Mg, Glimepiride 2Mg And Metformin Hydrochloride 1000Mg Tablets",Glycomet,USV,10's,₹65.0 (10's),Jan Aushadhi,"Sitagliptin 50mg, Glimepiride 2mg and Metformin Hydrochloride 1000mg Tablets",Metformin 500 mg,✅ Yes,Type 2 diabetes (first-line therapy),65.0
Sitagliptin Phosphate 50Mg & Metformin Hydrochloride 1000Mg Tablets,Gluformin,Abbott,10's,₹60.0 (10's),Jan Aushadhi,Sitagliptin Phosphate 50mg & Metformin Hydrochloride 1000mg Tablets,Metformin 500 mg,✅ Yes,Type 2 diabetes (first-line therapy),60.0
Sitagliptin Phosphate 50Mg & Metformin Hydrochloride 1000Mg Tablets,Glycomet,USV,10's,₹60.0 (10's),Jan Aushadhi,Sitagliptin Phosphate 50mg & Metformin Hydrochloride 1000mg Tablets,Metformin 500 mg,✅ Yes,Type 2 diabetes (first-line therapy),60.0
Sitagliptin Phosphate 50Mg & Metformin Hydrochloride 500Mg Tablets,Gluformin,Abbott,10's,₹65.0 (10's),Jan Aushadhi,Sitagliptin Phosphate 50mg & Metformin Hydrochloride 500mg Tablets,Metformin 500 mg,✅ Yes,Type 2 diabetes (first-line therapy),65.0
Sitagliptin Phosphate 50Mg & Metformin Hydrochloride 500Mg Tablets,Glycomet,USV,10's,₹65.0 (10's),Jan Aushadhi,Sitagliptin Phosphate 50mg & Metformin Hydrochloride 500mg Tablets,Metformin 500 mg,✅ Yes,Type 2 diabetes (first-line therapy),65.0
Sitagliptin Phosphate Tablets IP 100Mg,Nan,nan,10's,₹80.0 (10's),Jan Aushadhi,Sitagliptin Phosphate Tablets IP 100mg,nan,nan,nan,80.0
Sitagliptin Phosphate Tablets IP 50Mg,Nan,nan,10's,₹43.0 (10's),Jan Aushadhi,Sitagliptin Phosphate Tablets IP 50mg,nan,nan,nan,43.0
Sodium Bicarbonate Tablet 1000 Mg,Nan,nan,10's,₹15.0 (10's),Jan Aushadhi,Sodium Bicarbonate Tablet 1000 mg,nan,nan,nan,15.0
Sodium Bicarbonate Tablet 500 Mg,Nan,nan,10's,₹10.0 (10's),Jan Aushadhi,Sodium Bicarbonate Tablet 500 mg,nan,nan,nan,10.0
Sodium Chloride Injection IP 0.9%W/V,Nan,nan,100 ml IV Fluid Plastic Container,₹15.0 (100 ml IV Fluid Plastic Container),Jan Aushadhi,Sodium Chloride Injection IP 0.9%W/V,nan,nan,nan,15.0
Sodium Hyaluronate Eye Drops 0.1% W/V,Nan,nan,10ml Drops,₹50.0 (10ml Drops),Jan Aushadhi,Sodium Hyaluronate Eye Drops 0.1% w/v,nan,nan,nan,50.0
Sodium Picosulphate Tablets 10 Mg,Nan,nan,10's,₹11.0 (10's),Jan Aushadhi,Sodium Picosulphate Tablets 10 mg,nan,nan,nan,11.0
Sodium Valproate 200Mg And Valproic Acid 87Mg Controlled Release Tablets,Nan,nan,10's,₹25.0 (10's),Jan Aushadhi,Sodium Valproate 200mg and Valproic acid 87mg Controlled Release Tablets,nan,nan,nan,25.0
Sodium Valproate 333Mg And Valproic Acid 145Mg Controlled Release Tablets,Nan,nan,10's,₹42.0 (10's),Jan Aushadhi,Sodium Valproate 333mg and Valproic acid 145mg Controlled Release Tablets,nan,nan,nan,42.0
Sodium Valproate Enteric Coated Tablets IP 200Mg,Nan,nan,10's,₹17.0 (10's),Jan Aushadhi,Sodium Valproate Enteric Coated Tablets IP 200mg,nan,nan,nan,17.0
Sodium Valproate Gastro-Resistant Tablets IP 300Mg,Nan,nan,10's,₹22.0 (10's),Jan Aushadhi,Sodium Valproate Gastro-Resistant Tablets IP 300mg,nan,nan,nan,22.0
Sodium Valproate Oral Solution IP 200Mg Per 5Ml,Nan,nan,200 ml Plastic Bottle,₹55.0 (200 ml Plastic Bottle),Jan Aushadhi,Sodium Valproate Oral solution IP 200mg per 5ml,nan,nan,nan,55.0
Sofosbuvir 400Mg And Velpatasvir 100Mg Tablets,Nan,nan,28's Bottle,₹0.0 (28's Bottle),Jan Aushadhi,Sofosbuvir 400mg and Velpatasvir 100mg Tablets,nan,nan,nan,0.0
Sofosbuvir Tablets IP 400Mg,Nan,nan,28's in a bottle,₹4400.0 (28's in a bottle),Jan Aushadhi,Sofosbuvir Tablets IP 400mg,nan,nan,nan,4400.0
Solifenacin Succinate Tablets IP 10 Mg,Nan,nan,10's,₹80.0 (10's),Jan Aushadhi,Solifenacin Succinate Tablets IP 10 mg,nan,nan,nan,80.0
Solifenacin Succinate Tablets IP 5 Mg,Nan,nan,10's,₹65.0 (10's),Jan Aushadhi,Solifenacin Succinate Tablets IP 5 mg,nan,nan,nan,65.0
Soluble Insulin Injection IP 100 IU Per Ml (R-DNA Origin),Nan,nan,3 ml Catridge,₹170.0 (3 ml Catridge),Jan Aushadhi,Soluble Insulin Injection IP 100 IU per ml (R-DNA Origin),nan,nan,nan,170.0
Soluble Insulin Injection IP 40 IU Per Ml (R-DNA Origin),Nan,nan,10 ml Vial,₹78.1 (10 ml Vial),Jan Aushadhi,Soluble Insulin Injection IP 40 IU per ml (R-DNA Origin),nan,nan,nan,78.1
Somatotropin 4 IU (Recombinant Human Growth Hormone) Powder For Injection,Nan,nan,Vial with WFI in Mono Carton,₹0.0 (Vial with WFI in Mono Carton),Jan Aushadhi,Somatotropin 4 IU (Recombinant Human Growth Hormone) Powder for Injection,nan,nan,nan,0.0
Sorafenib Tablets 200Mg,Nan,nan,120's Bottle,₹3000.0 (120's Bottle),Jan Aushadhi,Sorafenib Tablets 200mg,nan,nan,nan,3000.0
Sorbitol 7.15G And Tricholine Citrate 550Mg Per 10Ml Solution,Nan,nan,200 ML,₹40.0 (200 ML),Jan Aushadhi,Sorbitol 7.15g and Tricholine Citrate 550mg per 10ml Solution,nan,nan,nan,40.0
Spironolactone 50Mg And Torasemide 20Mg Tablets,Nan,nan,10's,₹42.0 (10's),Jan Aushadhi,Spironolactone 50mg and Torasemide 20mg Tablets,nan,nan,nan,42.0
Spironolactone Tablets IP 100Mg,Nan,nan,15's,₹85.0 (15's),Jan Aushadhi,Spironolactone Tablets IP 100mg,nan,nan,nan,85.0
Spironolactone Tablets IP 25 Mg,Nan,nan,15's,₹22.0 (15's),Jan Aushadhi,Spironolactone Tablets IP 25 mg,nan,nan,nan,22.0
Spironolactone Tablets IP 50 Mg,Nan,nan,15's,₹36.5 (15's),Jan Aushadhi,Spironolactone Tablets IP 50 mg,nan,nan,nan,36.5
"Streptokinase Injection IP 15,00,000 IU",Nan,nan,10 ml & wfi,₹995.0 (10 ml & wfi),Jan Aushadhi,"Streptokinase Injection IP 15,00,000 IU",nan,nan,nan,995.0
Strontium Chloride Hexahydrate 10% W/W Toothpaste,Nan,nan,100g,₹0.0 (100g),Jan Aushadhi,Strontium chloride hexahydrate 10% w/w Toothpaste,nan,nan,nan,0.0
Sucralfate 1G And Oxetacaine 10Mg Suspension Per 10Ml,Nan,nan,100 ml,₹68.0 (100 ml),Jan Aushadhi,Sucralfate 1g and Oxetacaine 10mg Suspension per 10ml,nan,nan,nan,68.0
Sucralfate Suspension 500Mg Per 5Ml,Nan,nan,200 ml,₹77.0 (200 ml),Jan Aushadhi,Sucralfate Suspension 500mg per 5ml,nan,nan,nan,77.0
Sulfasalazine Delayed Release Tablets 500Mg,Nan,nan,10's,₹26.0 (10's),Jan Aushadhi,Sulfasalazine Delayed Release Tablets 500mg,nan,nan,nan,26.0
Sulfasalazine Gastro-Resistant Tablets 1000Mg,Nan,nan,10's,₹77.0 (10's),Jan Aushadhi,Sulfasalazine Gastro-resistant Tablets 1000mg,nan,nan,nan,77.0
Sulphacetamide Eye Drop IP 10 % W/V,Nan,nan,10 ml,₹12.0 (10 ml),Jan Aushadhi,Sulphacetamide Eye Drop IP 10 % w/v,nan,nan,nan,12.0
Sumatriptan 50 Mg Tablets,Nan,nan,10's,₹0.0 (10's),Jan Aushadhi,Sumatriptan 50 Mg Tablets,nan,nan,nan,0.0
Sumatriptan 85Mg And Naproxen 500Mg Tablets,Nan,nan,2's,₹50.0 (2's),Jan Aushadhi,Sumatriptan 85mg and Naproxen 500mg Tablets,nan,nan,nan,50.0
Sunitinib Capsules 12.5Mg,Nan,nan,28's Bottle,₹499.0 (28's Bottle),Jan Aushadhi,Sunitinib Capsules 12.5mg,nan,nan,nan,499.0
Sunitinib Capsules 25Mg,Nan,nan,28's Bottle,₹910.0 (28's Bottle),Jan Aushadhi,Sunitinib Capsules 25mg,nan,nan,nan,910.0
"Surgical Spirit IP (Methyl Salicylate 0.5% V/V, Diethyl Pthalate 2% V/V & Castor Oil 2.5% V/V)",Nan,nan,100ml,₹0.0 (100ml),Jan Aushadhi,"Surgical Spirit IP (Methyl Salicylate 0.5% v/v, Diethyl Pthalate 2% v/v & Castor Oil 2.5% v/v)",nan,nan,nan,0.0
Syrup Of Iron And Folic Acid In A Flavoured Base,Nan,nan,200 ml,₹35.2 (200 ml),Jan Aushadhi,Syrup of Iron and Folic Acid in a flavoured Base,nan,nan,nan,35.2
Tacrolimus Capsule IP 0.25 Mg,Nan,nan,10's,₹45.0 (10's),Jan Aushadhi,Tacrolimus Capsule IP 0.25 mg,nan,nan,nan,45.0
Tacrolimus Capsule IP 1 Mg,Nan,nan,10's,₹110.0 (10's),Jan Aushadhi,Tacrolimus Capsule IP 1 mg,nan,nan,nan,110.0
Tacrolimus Capsule IP 2 Mg,Nan,nan,10's,₹190.0 (10's),Jan Aushadhi,Tacrolimus Capsule IP 2 mg,nan,nan,nan,190.0
Tacrolimus Ointment 0.1% W/W,Nan,nan,10 gm tube,₹100.0 (10 gm tube),Jan Aushadhi,Tacrolimus Ointment 0.1% w/w,nan,nan,nan,100.0
Tadalafil 10Mg And Dapoxetine 30 Mg Tablets,Nan,nan,4's,₹70.0 (4's),Jan Aushadhi,Tadalafil 10Mg And Dapoxetine 30 Mg Tablets,nan,nan,nan,70.0
Tadalafil Oral Disintegrating Strips 10 Mg,Nan,nan,1's,₹10.0 (1's),Jan Aushadhi,Tadalafil Oral Disintegrating Strips 10 mg,nan,nan,nan,10.0
Tadalafil Oral Disintegrating Strips 20 Mg,Nan,nan,1's,₹15.0 (1's),Jan Aushadhi,Tadalafil Oral Disintegrating Strips 20 mg,nan,nan,nan,15.0
Tadalafil Tablets IP 10 Mg,Nan,nan,4's,₹10.0 (4's),Jan Aushadhi,Tadalafil Tablets IP 10 mg,nan,nan,nan,10.0
Tadalafil Tablets IP 2.5 Mg,Nan,nan,10's,₹10.0 (10's),Jan Aushadhi,Tadalafil Tablets IP 2.5 mg,nan,nan,nan,10.0
Tadalafil Tablets IP 20 Mg,Nan,nan,4's,₹16.5 (4's),Jan Aushadhi,Tadalafil Tablets IP 20 mg,nan,nan,nan,16.5
Tadalafil Tablets IP 5 Mg,Nan,nan,10's,₹12.0 (10's),Jan Aushadhi,Tadalafil Tablets IP 5 mg,nan,nan,nan,12.0
Tamoxifen Citrate Tablets IP 10 Mg,Nan,nan,10's,₹11.0 (10's),Jan Aushadhi,Tamoxifen Citrate Tablets IP 10 mg,nan,nan,nan,11.0
Tamoxifen Citrate Tablets IP 20 Mg,Nan,nan,10's,₹16.0 (10's),Jan Aushadhi,Tamoxifen Citrate Tablets IP 20 mg,nan,nan,nan,16.0
Tamsulosin Hydrochloride (Modified Release) 0.4Mg And Dutasteride 0.5Mg Tablets,Nan,nan,15's,₹26.4 (15's),Jan Aushadhi,Tamsulosin Hydrochloride (Modified Release) 0.4mg and Dutasteride 0.5mg Tablets,nan,nan,nan,26.4
Tamsulosin Hydrochloride 0.4Mg And Tolterodine Tartrate 2Mg Extended Release Capsules,Nan,nan,10's,₹60.0 (10's),Jan Aushadhi,Tamsulosin Hydrochloride 0.4mg and Tolterodine Tartrate 2mg Extended Release Capsules,nan,nan,nan,60.0
Tamsulosin Hydrochloride 0.4Mg And Tolterodine Tartrate 4Mg Extended Release Capsules,Nan,nan,10's,₹80.0 (10's),Jan Aushadhi,Tamsulosin Hydrochloride 0.4mg and Tolterodine Tartrate 4mg Extended Release Capsules,nan,nan,nan,80.0
Tamsulosin Hydrochloride Prolonged Release Capsules IP 0.4Mg,Nan,nan,10's,₹22.0 (10's),Jan Aushadhi,Tamsulosin Hydrochloride Prolonged Release Capsules IP 0.4mg,nan,nan,nan,22.0
"Tannic Acid Glycerin 27% W/V, Potassium Iodide 0.05% W/V, Iodine 0.03% W/V, Menthol 0.05% W/V And Thymol 0.033% W/V With Glycerine Mouth Paint",Nan,nan,20ml Bottle in Mono Carton,₹0.0 (20ml Bottle in Mono Carton),Jan Aushadhi,"Tannic Acid Glycerin 27% w/v, Potassium Iodide 0.05% w/v, Iodine 0.03% w/v, Menthol 0.05% w/v and Thymol 0.033% w/v with Glycerine Mouth Paint",nan,nan,nan,0.0
Tapentadol 100Mg Extended Release Tablets,Nan,nan,10's,₹65.0 (10's),Jan Aushadhi,Tapentadol 100mg Extended Release Tablets,nan,nan,nan,65.0
Tapentadol 50Mg Tablets,Nan,nan,10's,₹32.0 (10's),Jan Aushadhi,Tapentadol 50mg Tablets,nan,nan,nan,32.0
Teicoplanin Injection IP 400Mg,Nan,nan,1 ml Vial,₹750.0 (1 ml Vial),Jan Aushadhi,Teicoplanin Injection IP 400mg,nan,nan,nan,750.0
Telmisartan + Indapamide Tablet (40/1.5 Mg),Micardis,Boehringer,10's,₹0.0 (10's),Jan Aushadhi,Telmisartan + Indapamide Tablet (40/1.5 Mg),Telmisartan 40 mg,✅ Yes,"High blood pressure, heart protection",0.0
Telmisartan + Indapamide Tablet (40/1.5 Mg),Telma,Glenmark,10's,₹0.0 (10's),Jan Aushadhi,Telmisartan + Indapamide Tablet (40/1.5 Mg),Telmisartan 40 mg,✅ Yes,"High blood pressure, heart protection",0.0
Telmisartan + Rosuvastatin Tablet (40/10 Mg),Micardis,Boehringer,10's,₹0.0 (10's),Jan Aushadhi,Telmisartan + Rosuvastatin Tablet (40/10 Mg),Telmisartan 40 mg,✅ Yes,"High blood pressure, heart protection",0.0
Telmisartan + Rosuvastatin Tablet (40/10 Mg),Telma,Glenmark,10's,₹0.0 (10's),Jan Aushadhi,Telmisartan + Rosuvastatin Tablet (40/10 Mg),Telmisartan 40 mg,✅ Yes,"High blood pressure, heart protection",0.0
Telmisartan + S- Amlodipine Tablet (40/2.5 Mg),Amlong,Micro Labs,15's,₹0.0 (15's),Jan Aushadhi,Telmisartan + S- Amlodipine Tablet (40/2.5 Mg),Amlodipine 5 mg,✅ Yes,"High blood pressure, angina",0.0
Telmisartan + S- Amlodipine Tablet (40/2.5 Mg),Micardis,Boehringer,15's,₹0.0 (15's),Jan Aushadhi,Telmisartan + S- Amlodipine Tablet (40/2.5 Mg),Telmisartan 40 mg,✅ Yes,"High blood pressure, heart protection",0.0
Telmisartan + S- Amlodipine Tablet (40/2.5 Mg),Norvasc,Pfizer,15's,₹0.0 (15's),Jan Aushadhi,Telmisartan + S- Amlodipine Tablet (40/2.5 Mg),Amlodipine 5 mg,✅ Yes,"High blood pressure, angina",0.0
Telmisartan + S- Amlodipine Tablet (40/2.5 Mg),Telma,Glenmark,15's,₹0.0 (15's),Jan Aushadhi,Telmisartan + S- Amlodipine Tablet (40/2.5 Mg),Telmisartan 40 mg,✅ Yes,"High blood pressure, heart protection",0.0
Telmisartan + S- Amlodipine Tablet (40/5 Mg),Amlong,Micro Labs,15's,₹0.0 (15's),Jan Aushadhi,Telmisartan + S- Amlodipine Tablet (40/5 Mg),Amlodipine 5 mg,✅ Yes,"High blood pressure, angina",0.0
Telmisartan + S- Amlodipine Tablet (40/5 Mg),Micardis,Boehringer,15's,₹0.0 (15's),Jan Aushadhi,Telmisartan + S- Amlodipine Tablet (40/5 Mg),Telmisartan 40 mg,✅ Yes,"High blood pressure, heart protection",0.0
Telmisartan + S- Amlodipine Tablet (40/5 Mg),Norvasc,Pfizer,15's,₹0.0 (15's),Jan Aushadhi,Telmisartan + S- Amlodipine Tablet (40/5 Mg),Amlodipine 5 mg,✅ Yes,"High blood pressure, angina",0.0
Telmisartan + S- Amlodipine Tablet (40/5 Mg),Telma,Glenmark,15's,₹0.0 (15's),Jan Aushadhi,Telmisartan + S- Amlodipine Tablet (40/5 Mg),Telmisartan 40 mg,✅ Yes,"High blood pressure, heart protection",0.0
Telmisartan 40Mg + Cilnidipine 10Mg + Metoprolol ER 25 Tablets,Micardis,Boehringer,10's,₹32.0 (10's),Jan Aushadhi,Telmisartan 40mg + Cilnidipine 10mg + Metoprolol ER 25 Tablets,Telmisartan 40 mg,✅ Yes,"High blood pressure, heart protection",32.0
Telmisartan 40Mg + Cilnidipine 10Mg + Metoprolol ER 25 Tablets,Telma,Glenmark,10's,₹32.0 (10's),Jan Aushadhi,Telmisartan 40mg + Cilnidipine 10mg + Metoprolol ER 25 Tablets,Telmisartan 40 mg,✅ Yes,"High blood pressure, heart protection",32.0
Telmisartan 40Mg + Cilnidipine 10Mg + Metoprolol ER 50 Tablets,Micardis,Boehringer,10's,₹35.0 (10's),Jan Aushadhi,Telmisartan 40mg + Cilnidipine 10mg + Metoprolol ER 50 Tablets,Telmisartan 40 mg,✅ Yes,"High blood pressure, heart protection",35.0
Telmisartan 40Mg + Cilnidipine 10Mg + Metoprolol ER 50 Tablets,Telma,Glenmark,10's,₹35.0 (10's),Jan Aushadhi,Telmisartan 40mg + Cilnidipine 10mg + Metoprolol ER 50 Tablets,Telmisartan 40 mg,✅ Yes,"High blood pressure, heart protection",35.0
Telmisartan 40Mg + Metoprolol ER 25Mg + Chlorthalidon 12.5Mg Tablets,Micardis,Boehringer,10's,₹35.0 (10's),Jan Aushadhi,Telmisartan 40mg + Metoprolol ER 25mg + Chlorthalidon 12.5mg Tablets,Telmisartan 40 mg,✅ Yes,"High blood pressure, heart protection",35.0
Telmisartan 40Mg + Metoprolol ER 25Mg + Chlorthalidon 12.5Mg Tablets,Telma,Glenmark,10's,₹35.0 (10's),Jan Aushadhi,Telmisartan 40mg + Metoprolol ER 25mg + Chlorthalidon 12.5mg Tablets,Telmisartan 40 mg,✅ Yes,"High blood pressure, heart protection",35.0
Telmisartan 40Mg And Amlodipine 5Mg Tablets IP,Amlong,Micro Labs,15's,₹24.2 (15's),Jan Aushadhi,Telmisartan 40mg and Amlodipine 5mg Tablets IP,Amlodipine 5 mg,✅ Yes,"High blood pressure, angina",24.2
Telmisartan 40Mg And Amlodipine 5Mg Tablets IP,Micardis,Boehringer,15's,₹24.2 (15's),Jan Aushadhi,Telmisartan 40mg and Amlodipine 5mg Tablets IP,Telmisartan 40 mg,✅ Yes,"High blood pressure, heart protection",24.2
Telmisartan 40Mg And Amlodipine 5Mg Tablets IP,Norvasc,Pfizer,15's,₹24.2 (15's),Jan Aushadhi,Telmisartan 40mg and Amlodipine 5mg Tablets IP,Amlodipine 5 mg,✅ Yes,"High blood pressure, angina",24.2
Telmisartan 40Mg And Amlodipine 5Mg Tablets IP,Telma,Glenmark,15's,₹24.2 (15's),Jan Aushadhi,Telmisartan 40mg and Amlodipine 5mg Tablets IP,Telmisartan 40 mg,✅ Yes,"High blood pressure, heart protection",24.2
Telmisartan 40Mg And Atorvastatin 10Mg Tablet,Micardis,Boehringer,10's,₹15.0 (10's),Jan Aushadhi,Telmisartan 40mg and Atorvastatin 10mg Tablet,Telmisartan 40 mg,✅ Yes,"High blood pressure, heart protection",15.0
Telmisartan 40Mg And Atorvastatin 10Mg Tablet,Telma,Glenmark,10's,₹15.0 (10's),Jan Aushadhi,Telmisartan 40mg and Atorvastatin 10mg Tablet,Telmisartan 40 mg,✅ Yes,"High blood pressure, heart protection",15.0
Telmisartan 40Mg And Bisoprolol Fumarate 2.5Mg Tablets,Micardis,Boehringer,10's,₹20.0 (10's),Jan Aushadhi,Telmisartan 40mg and Bisoprolol Fumarate 2.5mg Tablets,Telmisartan 40 mg,✅ Yes,"High blood pressure, heart protection",20.0
Telmisartan 40Mg And Bisoprolol Fumarate 2.5Mg Tablets,Telma,Glenmark,10's,₹20.0 (10's),Jan Aushadhi,Telmisartan 40mg and Bisoprolol Fumarate 2.5mg Tablets,Telmisartan 40 mg,✅ Yes,"High blood pressure, heart protection",20.0
Telmisartan 40Mg And Bisoprolol Fumarate 5Mg Tablets,Micardis,Boehringer,10's,₹25.0 (10's),Jan Aushadhi,Telmisartan 40mg and Bisoprolol Fumarate 5mg Tablets,Telmisartan 40 mg,✅ Yes,"High blood pressure, heart protection",25.0
Telmisartan 40Mg And Bisoprolol Fumarate 5Mg Tablets,Telma,Glenmark,10's,₹25.0 (10's),Jan Aushadhi,Telmisartan 40mg and Bisoprolol Fumarate 5mg Tablets,Telmisartan 40 mg,✅ Yes,"High blood pressure, heart protection",25.0
Telmisartan 40Mg And Chlorthalidone 12.5Mg Tablets,Micardis,Boehringer,10's,₹22.0 (10's),Jan Aushadhi,Telmisartan 40mg and Chlorthalidone 12.5mg Tablets,Telmisartan 40 mg,✅ Yes,"High blood pressure, heart protection",22.0
Telmisartan 40Mg And Chlorthalidone 12.5Mg Tablets,Telma,Glenmark,10's,₹22.0 (10's),Jan Aushadhi,Telmisartan 40mg and Chlorthalidone 12.5mg Tablets,Telmisartan 40 mg,✅ Yes,"High blood pressure, heart protection",22.0
Telmisartan 40Mg And Chlorthalidone 6.25Mg Tablets,Micardis,Boehringer,10's,₹20.0 (10's),Jan Aushadhi,Telmisartan 40mg and Chlorthalidone 6.25mg Tablets,Telmisartan 40 mg,✅ Yes,"High blood pressure, heart protection",20.0
Telmisartan 40Mg And Chlorthalidone 6.25Mg Tablets,Telma,Glenmark,10's,₹20.0 (10's),Jan Aushadhi,Telmisartan 40mg and Chlorthalidone 6.25mg Tablets,Telmisartan 40 mg,✅ Yes,"High blood pressure, heart protection",20.0
Telmisartan 40Mg And Hydrochlorothiazide 12.5Mg Tablets IP,Micardis,Boehringer,10's,₹17.0 (10's),Jan Aushadhi,Telmisartan 40mg and Hydrochlorothiazide 12.5mg Tablets IP,Telmisartan 40 mg,✅ Yes,"High blood pressure, heart protection",17.0
Telmisartan 40Mg And Hydrochlorothiazide 12.5Mg Tablets IP,Telma,Glenmark,10's,₹17.0 (10's),Jan Aushadhi,Telmisartan 40mg and Hydrochlorothiazide 12.5mg Tablets IP,Telmisartan 40 mg,✅ Yes,"High blood pressure, heart protection",17.0
Telmisartan 40Mg And Metoprolol 25Mg Tablets,Micardis,Boehringer,10's,₹30.0 (10's),Jan Aushadhi,Telmisartan 40mg and Metoprolol 25mg Tablets,Telmisartan 40 mg,✅ Yes,"High blood pressure, heart protection",30.0
Telmisartan 40Mg And Metoprolol 25Mg Tablets,Telma,Glenmark,10's,₹30.0 (10's),Jan Aushadhi,Telmisartan 40mg and Metoprolol 25mg Tablets,Telmisartan 40 mg,✅ Yes,"High blood pressure, heart protection",30.0
"Telmisartan 40Mg, Amlodipine 5Mg And Hydrochlorothiazide 12.5Mg Tablets",Amlong,Micro Labs,10's,₹20.9 (10's),Jan Aushadhi,"Telmisartan 40mg, Amlodipine 5mg and Hydrochlorothiazide 12.5mg Tablets",Amlodipine 5 mg,✅ Yes,"High blood pressure, angina",20.9
"Telmisartan 40Mg, Amlodipine 5Mg And Hydrochlorothiazide 12.5Mg Tablets",Micardis,Boehringer,10's,₹20.9 (10's),Jan Aushadhi,"Telmisartan 40mg, Amlodipine 5mg and Hydrochlorothiazide 12.5mg Tablets",Telmisartan 40 mg,✅ Yes,"High blood pressure, heart protection",20.9
"Telmisartan 40Mg, Amlodipine 5Mg And Hydrochlorothiazide 12.5Mg Tablets",Norvasc,Pfizer,10's,₹20.9 (10's),Jan Aushadhi,"Telmisartan 40mg, Amlodipine 5mg and Hydrochlorothiazide 12.5mg Tablets",Amlodipine 5 mg,✅ Yes,"High blood pressure, angina",20.9
"Telmisartan 40Mg, Amlodipine 5Mg And Hydrochlorothiazide 12.5Mg Tablets",Telma,Glenmark,10's,₹20.9 (10's),Jan Aushadhi,"Telmisartan 40mg, Amlodipine 5mg and Hydrochlorothiazide 12.5mg Tablets",Telmisartan 40 mg,✅ Yes,"High blood pressure, heart protection",20.9
"Telmisartan 40Mg, Chlorthalidone 12.5Mg And Amlodipine 5Mg Tablets",Amlong,Micro Labs,10's,₹24.0 (10's),Jan Aushadhi,"Telmisartan 40mg, Chlorthalidone 12.5mg and Amlodipine 5mg Tablets",Amlodipine 5 mg,✅ Yes,"High blood pressure, angina",24.0
"Telmisartan 40Mg, Chlorthalidone 12.5Mg And Amlodipine 5Mg Tablets",Micardis,Boehringer,10's,₹24.0 (10's),Jan Aushadhi,"Telmisartan 40mg, Chlorthalidone 12.5mg and Amlodipine 5mg Tablets",Telmisartan 40 mg,✅ Yes,"High blood pressure, heart protection",24.0
"Telmisartan 40Mg, Chlorthalidone 12.5Mg And Amlodipine 5Mg Tablets",Norvasc,Pfizer,10's,₹24.0 (10's),Jan Aushadhi,"Telmisartan 40mg, Chlorthalidone 12.5mg and Amlodipine 5mg Tablets",Amlodipine 5 mg,✅ Yes,"High blood pressure, angina",24.0
"Telmisartan 40Mg, Chlorthalidone 12.5Mg And Amlodipine 5Mg Tablets",Telma,Glenmark,10's,₹24.0 (10's),Jan Aushadhi,"Telmisartan 40mg, Chlorthalidone 12.5mg and Amlodipine 5mg Tablets",Telmisartan 40 mg,✅ Yes,"High blood pressure, heart protection",24.0
"Telmisartan 40Mg, Chlorthalidone 6.25Mg And Amlodipine 5Mg Tablets",Amlong,Micro Labs,10's,₹20.0 (10's),Jan Aushadhi,"Telmisartan 40mg, Chlorthalidone 6.25mg and Amlodipine 5mg Tablets",Amlodipine 5 mg,✅ Yes,"High blood pressure, angina",20.0
"Telmisartan 40Mg, Chlorthalidone 6.25Mg And Amlodipine 5Mg Tablets",Micardis,Boehringer,10's,₹20.0 (10's),Jan Aushadhi,"Telmisartan 40mg, Chlorthalidone 6.25mg and Amlodipine 5mg Tablets",Telmisartan 40 mg,✅ Yes,"High blood pressure, heart protection",20.0
"Telmisartan 40Mg, Chlorthalidone 6.25Mg And Amlodipine 5Mg Tablets",Norvasc,Pfizer,10's,₹20.0 (10's),Jan Aushadhi,"Telmisartan 40mg, Chlorthalidone 6.25mg and Amlodipine 5mg Tablets",Amlodipine 5 mg,✅ Yes,"High blood pressure, angina",20.0
"Telmisartan 40Mg, Chlorthalidone 6.25Mg And Amlodipine 5Mg Tablets",Telma,Glenmark,10's,₹20.0 (10's),Jan Aushadhi,"Telmisartan 40mg, Chlorthalidone 6.25mg and Amlodipine 5mg Tablets",Telmisartan 40 mg,✅ Yes,"High blood pressure, heart protection",20.0
"Telmisartan 40Mg, Cilnidipine 10Mg And Chlorthalidone 12.5Mg Tablets",Micardis,Boehringer,10's,₹30.0 (10's),Jan Aushadhi,"Telmisartan 40mg, Cilnidipine 10mg and Chlorthalidone 12.5mg Tablets",Telmisartan 40 mg,✅ Yes,"High blood pressure, heart protection",30.0
"Telmisartan 40Mg, Cilnidipine 10Mg And Chlorthalidone 12.5Mg Tablets",Telma,Glenmark,10's,₹30.0 (10's),Jan Aushadhi,"Telmisartan 40mg, Cilnidipine 10mg and Chlorthalidone 12.5mg Tablets",Telmisartan 40 mg,✅ Yes,"High blood pressure, heart protection",30.0
"Telmisartan 40Mg, Cilnidipine 10Mg And Chlorthalidone 6.25Mg Tablets",Micardis,Boehringer,10's,₹30.0 (10's),Jan Aushadhi,"Telmisartan 40mg, Cilnidipine 10mg and Chlorthalidone 6.25mg Tablets",Telmisartan 40 mg,✅ Yes,"High blood pressure, heart protection",30.0
"Telmisartan 40Mg, Cilnidipine 10Mg And Chlorthalidone 6.25Mg Tablets",Telma,Glenmark,10's,₹30.0 (10's),Jan Aushadhi,"Telmisartan 40mg, Cilnidipine 10mg and Chlorthalidone 6.25mg Tablets",Telmisartan 40 mg,✅ Yes,"High blood pressure, heart protection",30.0
Telmisartan 80Mg And Amlodipine 5Mg Tablets IP,Amlong,Micro Labs,10's,₹30.0 (10's),Jan Aushadhi,Telmisartan 80mg and Amlodipine 5mg Tablets IP,Amlodipine 5 mg,✅ Yes,"High blood pressure, angina",30.0
Telmisartan 80Mg And Amlodipine 5Mg Tablets IP,Micardis,Boehringer,10's,₹30.0 (10's),Jan Aushadhi,Telmisartan 80mg and Amlodipine 5mg Tablets IP,Telmisartan 40 mg,✅ Yes,"High blood pressure, heart protection",30.0
Telmisartan 80Mg And Amlodipine 5Mg Tablets IP,Norvasc,Pfizer,10's,₹30.0 (10's),Jan Aushadhi,Telmisartan 80mg and Amlodipine 5mg Tablets IP,Amlodipine 5 mg,✅ Yes,"High blood pressure, angina",30.0
Telmisartan 80Mg And Amlodipine 5Mg Tablets IP,Telma,Glenmark,10's,₹30.0 (10's),Jan Aushadhi,Telmisartan 80mg and Amlodipine 5mg Tablets IP,Telmisartan 40 mg,✅ Yes,"High blood pressure, heart protection",30.0
Telmisartan 80Mg And Chlorthalidone 12.5Mg Tablets,Micardis,Boehringer,10's,₹30.0 (10's),Jan Aushadhi,Telmisartan 80mg and Chlorthalidone 12.5mg Tablets,Telmisartan 40 mg,✅ Yes,"High blood pressure, heart protection",30.0
Telmisartan 80Mg And Chlorthalidone 12.5Mg Tablets,Telma,Glenmark,10's,₹30.0 (10's),Jan Aushadhi,Telmisartan 80mg and Chlorthalidone 12.5mg Tablets,Telmisartan 40 mg,✅ Yes,"High blood pressure, heart protection",30.0
Telmisartan 80Mg And Cilnidipine 10Mg Tablets,Micardis,Boehringer,10's,₹35.0 (10's),Jan Aushadhi,Telmisartan 80mg and Cilnidipine 10mg Tablets,Telmisartan 40 mg,✅ Yes,"High blood pressure, heart protection",35.0
Telmisartan 80Mg And Cilnidipine 10Mg Tablets,Telma,Glenmark,10's,₹35.0 (10's),Jan Aushadhi,Telmisartan 80mg and Cilnidipine 10mg Tablets,Telmisartan 40 mg,✅ Yes,"High blood pressure, heart protection",35.0
Telmisartan 80Mg And Hydrochlorothiazide 12.5Mg Tablets IP,Micardis,Boehringer,10's,₹23.0 (10's),Jan Aushadhi,Telmisartan 80mg and Hydrochlorothiazide 12.5mg Tablets IP,Telmisartan 40 mg,✅ Yes,"High blood pressure, heart protection",23.0
Telmisartan 80Mg And Hydrochlorothiazide 12.5Mg Tablets IP,Telma,Glenmark,10's,₹23.0 (10's),Jan Aushadhi,Telmisartan 80mg and Hydrochlorothiazide 12.5mg Tablets IP,Telmisartan 40 mg,✅ Yes,"High blood pressure, heart protection",23.0
"Telmisartan 80Mg, Amlodipine 5Mg And Hydrochlorothiazide 12.5Mg Tablets",Amlong,Micro Labs,10's,₹40.0 (10's),Jan Aushadhi,"Telmisartan 80mg, Amlodipine 5mg and Hydrochlorothiazide 12.5mg Tablets",Amlodipine 5 mg,✅ Yes,"High blood pressure, angina",40.0
"Telmisartan 80Mg, Amlodipine 5Mg And Hydrochlorothiazide 12.5Mg Tablets",Micardis,Boehringer,10's,₹40.0 (10's),Jan Aushadhi,"Telmisartan 80mg, Amlodipine 5mg and Hydrochlorothiazide 12.5mg Tablets",Telmisartan 40 mg,✅ Yes,"High blood pressure, heart protection",40.0
"Telmisartan 80Mg, Amlodipine 5Mg And Hydrochlorothiazide 12.5Mg Tablets",Norvasc,Pfizer,10's,₹40.0 (10's),Jan Aushadhi,"Telmisartan 80mg, Amlodipine 5mg and Hydrochlorothiazide 12.5mg Tablets",Amlodipine 5 mg,✅ Yes,"High blood pressure, angina",40.0
"Telmisartan 80Mg, Amlodipine 5Mg And Hydrochlorothiazide 12.5Mg Tablets",Telma,Glenmark,10's,₹40.0 (10's),Jan Aushadhi,"Telmisartan 80mg, Amlodipine 5mg and Hydrochlorothiazide 12.5mg Tablets",Telmisartan 40 mg,✅ Yes,"High blood pressure, heart protection",40.0
Telmisartan Tablets IP 20Mg,Micardis,Boehringer,10's,₹11.0 (10's),Jan Aushadhi,Telmisartan Tablets IP 20mg,Telmisartan 40 mg,✅ Yes,"High blood pressure, heart protection",11.0
Telmisartan Tablets IP 20Mg,Telma,Glenmark,10's,₹11.0 (10's),Jan Aushadhi,Telmisartan Tablets IP 20mg,Telmisartan 40 mg,✅ Yes,"High blood pressure, heart protection",11.0
Telmisartan Tablets IP 40Mg,Micardis,Boehringer,10's,₹12.0 (10's),Jan Aushadhi,Telmisartan Tablets IP 40mg,Telmisartan 40 mg,✅ Yes,"High blood pressure, heart protection",12.0
Telmisartan Tablets IP 40Mg,Telma,Glenmark,10's,₹12.0 (10's),Jan Aushadhi,Telmisartan Tablets IP 40mg,Telmisartan 40 mg,✅ Yes,"High blood pressure, heart protection",12.0
Telmisartan Tablets IP 80Mg,Micardis,Boehringer,10's,₹24.2 (10's),Jan Aushadhi,Telmisartan Tablets IP 80mg,Telmisartan 40 mg,✅ Yes,"High blood pressure, heart protection",24.2
Telmisartan Tablets IP 80Mg,Telma,Glenmark,10's,₹24.2 (10's),Jan Aushadhi,Telmisartan Tablets IP 80mg,Telmisartan 40 mg,✅ Yes,"High blood pressure, heart protection",24.2
Temozolomide Capsules IP 100Mg,Nan,nan,5's in Bottle,₹1463.0 (5's in Bottle),Jan Aushadhi,Temozolomide Capsules IP 100mg,nan,nan,nan,1463.0
Temozolomide Capsules IP 20Mg,Nan,nan,5's in bottle,₹335.0 (5's in bottle),Jan Aushadhi,Temozolomide Capsules IP 20mg,nan,nan,nan,335.0
Temozolomide Capsules IP 250 Mg,Nan,nan,5's,₹2685.0 (5's),Jan Aushadhi,Temozolomide Capsules IP 250 mg,nan,nan,nan,2685.0
Teneligliptin 20Mg And Dapagliflozin 10Mg Tablets,Nan,nan,10's,₹35.0 (10's),Jan Aushadhi,Teneligliptin 20mg and Dapagliflozin 10mg Tablets,nan,nan,nan,35.0
Teneligliptin 20Mg And Dapagliflozin 5Mg Tablets,Nan,nan,10's,₹30.0 (10's),Jan Aushadhi,Teneligliptin 20mg and Dapagliflozin 5mg Tablets,nan,nan,nan,30.0
Teneligliptin 20Mg And Metformin Hydrochloride 1000Mg (Sustained Release) Tablets IP,Gluformin,Abbott,10's,₹40.0 (10's),Jan Aushadhi,Teneligliptin 20mg and Metformin Hydrochloride 1000mg (Sustained Release) Tablets IP,Metformin 500 mg,✅ Yes,Type 2 diabetes (first-line therapy),40.0
Teneligliptin 20Mg And Metformin Hydrochloride 1000Mg (Sustained Release) Tablets IP,Glycomet,USV,10's,₹40.0 (10's),Jan Aushadhi,Teneligliptin 20mg and Metformin Hydrochloride 1000mg (Sustained Release) Tablets IP,Metformin 500 mg,✅ Yes,Type 2 diabetes (first-line therapy),40.0
Teneligliptin 20Mg And Metformin Hydrochloride 500Mg (Sustained Release) Tablets IP,Gluformin,Abbott,10's,₹30.0 (10's),Jan Aushadhi,Teneligliptin 20mg and Metformin Hydrochloride 500mg (Sustained Release) Tablets IP,Metformin 500 mg,✅ Yes,Type 2 diabetes (first-line therapy),30.0
Teneligliptin 20Mg And Metformin Hydrochloride 500Mg (Sustained Release) Tablets IP,Glycomet,USV,10's,₹30.0 (10's),Jan Aushadhi,Teneligliptin 20mg and Metformin Hydrochloride 500mg (Sustained Release) Tablets IP,Metformin 500 mg,✅ Yes,Type 2 diabetes (first-line therapy),30.0
Teneligliptin 20Mg And Pioglitazone 15Mg Tablets,Actos,Takeda,10's,₹22.0 (10's),Jan Aushadhi,Teneligliptin 20mg and Pioglitazone 15mg Tablets,Pioglitazone 15 mg,✅ Yes,Type 2 diabetes (insulin sensitizer),22.0
Teneligliptin 20Mg And Pioglitazone 15Mg Tablets,Pioglit,Sun Pharma,10's,₹22.0 (10's),Jan Aushadhi,Teneligliptin 20mg and Pioglitazone 15mg Tablets,Pioglitazone 15 mg,✅ Yes,Type 2 diabetes (insulin sensitizer),22.0
"Teneligliptin 20Mg, Dapagliflozin 10Mg And Metformin Hydrochloride (Sustained Release) 1000Mg Tablets",Gluformin,Abbott,10's,₹50.0 (10's),Jan Aushadhi,"Teneligliptin 20mg, Dapagliflozin 10mg and Metformin Hydrochloride (Sustained Release) 1000mg Tablets",Metformin 500 mg,✅ Yes,Type 2 diabetes (first-line therapy),50.0
"Teneligliptin 20Mg, Dapagliflozin 10Mg And Metformin Hydrochloride (Sustained Release) 1000Mg Tablets",Glycomet,USV,10's,₹50.0 (10's),Jan Aushadhi,"Teneligliptin 20mg, Dapagliflozin 10mg and Metformin Hydrochloride (Sustained Release) 1000mg Tablets",Metformin 500 mg,✅ Yes,Type 2 diabetes (first-line therapy),50.0
"Teneligliptin 20Mg, Dapagliflozin 10Mg And Metformin Hydrochloride (Sustained Release) 500Mg Tablets",Gluformin,Abbott,10's,₹45.0 (10's),Jan Aushadhi,"Teneligliptin 20mg, Dapagliflozin 10mg and Metformin Hydrochloride (Sustained Release) 500mg Tablets",Metformin 500 mg,✅ Yes,Type 2 diabetes (first-line therapy),45.0
"Teneligliptin 20Mg, Dapagliflozin 10Mg And Metformin Hydrochloride (Sustained Release) 500Mg Tablets",Glycomet,USV,10's,₹45.0 (10's),Jan Aushadhi,"Teneligliptin 20mg, Dapagliflozin 10mg and Metformin Hydrochloride (Sustained Release) 500mg Tablets",Metformin 500 mg,✅ Yes,Type 2 diabetes (first-line therapy),45.0
"Teneligliptin 20Mg, Metformin Hydrochloride 1000Mg (Sustained Release) And Pioglitazone 15Mg Tablets IP",Actos,Takeda,10's,₹75.0 (10's),Jan Aushadhi,"Teneligliptin 20mg, Metformin Hydrochloride 1000mg (Sustained Release) and Pioglitazone 15mg Tablets IP",Pioglitazone 15 mg,✅ Yes,Type 2 diabetes (insulin sensitizer),75.0
"Teneligliptin 20Mg, Metformin Hydrochloride 1000Mg (Sustained Release) And Pioglitazone 15Mg Tablets IP",Gluformin,Abbott,10's,₹75.0 (10's),Jan Aushadhi,"Teneligliptin 20mg, Metformin Hydrochloride 1000mg (Sustained Release) and Pioglitazone 15mg Tablets IP",Metformin 500 mg,✅ Yes,Type 2 diabetes (first-line therapy),75.0
"Teneligliptin 20Mg, Metformin Hydrochloride 1000Mg (Sustained Release) And Pioglitazone 15Mg Tablets IP",Glycomet,USV,10's,₹75.0 (10's),Jan Aushadhi,"Teneligliptin 20mg, Metformin Hydrochloride 1000mg (Sustained Release) and Pioglitazone 15mg Tablets IP",Metformin 500 mg,✅ Yes,Type 2 diabetes (first-line therapy),75.0
"Teneligliptin 20Mg, Metformin Hydrochloride 1000Mg (Sustained Release) And Pioglitazone 15Mg Tablets IP",Pioglit,Sun Pharma,10's,₹75.0 (10's),Jan Aushadhi,"Teneligliptin 20mg, Metformin Hydrochloride 1000mg (Sustained Release) and Pioglitazone 15mg Tablets IP",Pioglitazone 15 mg,✅ Yes,Type 2 diabetes (insulin sensitizer),75.0
"Teneligliptin 20Mg, Metformin Hydrochloride 500Mg (Sustained Release) And Pioglitazone 15Mg Tablets IP",Actos,Takeda,10's,₹45.0 (10's),Jan Aushadhi,"Teneligliptin 20mg, Metformin Hydrochloride 500mg (Sustained Release) and Pioglitazone 15mg Tablets IP",Pioglitazone 15 mg,✅ Yes,Type 2 diabetes (insulin sensitizer),45.0
"Teneligliptin 20Mg, Metformin Hydrochloride 500Mg (Sustained Release) And Pioglitazone 15Mg Tablets IP",Gluformin,Abbott,10's,₹45.0 (10's),Jan Aushadhi,"Teneligliptin 20mg, Metformin Hydrochloride 500mg (Sustained Release) and Pioglitazone 15mg Tablets IP",Metformin 500 mg,✅ Yes,Type 2 diabetes (first-line therapy),45.0
"Teneligliptin 20Mg, Metformin Hydrochloride 500Mg (Sustained Release) And Pioglitazone 15Mg Tablets IP",Glycomet,USV,10's,₹45.0 (10's),Jan Aushadhi,"Teneligliptin 20mg, Metformin Hydrochloride 500mg (Sustained Release) and Pioglitazone 15mg Tablets IP",Metformin 500 mg,✅ Yes,Type 2 diabetes (first-line therapy),45.0
"Teneligliptin 20Mg, Metformin Hydrochloride 500Mg (Sustained Release) And Pioglitazone 15Mg Tablets IP",Pioglit,Sun Pharma,10's,₹45.0 (10's),Jan Aushadhi,"Teneligliptin 20mg, Metformin Hydrochloride 500mg (Sustained Release) and Pioglitazone 15mg Tablets IP",Pioglitazone 15 mg,✅ Yes,Type 2 diabetes (insulin sensitizer),45.0
Teneligliptin Tablets IP 20Mg,Nan,nan,10's,₹20.0 (10's),Jan Aushadhi,Teneligliptin Tablets IP 20mg,nan,nan,nan,20.0
Tenofovir Alafenamide Tablets IP 25Mg,Nan,nan,30's in Bottle,₹600.0 (30's in Bottle),Jan Aushadhi,Tenofovir Alafenamide Tablets IP 25mg,nan,nan,nan,600.0
Tenofovir Disoproxil Fumarate Tablets IP 300 Mg,Nan,nan,10's,₹196.0 (10's),Jan Aushadhi,Tenofovir Disoproxil Fumarate Tablets IP 300 mg,nan,nan,nan,196.0
Terazosin (1Mg) Tab,Nan,nan,10's,₹0.0 (10's),Jan Aushadhi,Terazosin (1Mg) Tab,nan,nan,nan,0.0
Terazosin (2Mg) Tab,Nan,nan,10's,₹0.0 (10's),Jan Aushadhi,Terazosin (2Mg) Tab,nan,nan,nan,0.0
Terbinafine Hydrochloride Cream IP 1% W/W,Nan,nan,10 gm,₹25.0 (10 gm),Jan Aushadhi,Terbinafine Hydrochloride Cream IP 1% w/w,nan,nan,nan,25.0
Terbinafine Hydrochloride Dusting Powder 1% W/W,Nan,nan,30g,₹0.0 (30g),Jan Aushadhi,Terbinafine Hydrochloride Dusting Powder 1% w/w,nan,nan,nan,0.0
Terbinafine Tablets IP 250Mg,Nan,nan,7's,₹41.0 (7's),Jan Aushadhi,Terbinafine Tablets IP 250mg,nan,nan,nan,41.0
"Terbutaline 1.25Mg, Ambroxol 15Mg, Guaiphenesin 50Mg Per 5Ml Syrup With Menthol Base",Nan,nan,100 ml,₹32.0 (100 ml),Jan Aushadhi,"Terbutaline 1.25mg, Ambroxol 15mg, Guaiphenesin 50mg per 5ml Syrup with Menthol base",nan,nan,nan,32.0
"Terbutaline Sulphate 1.25Mg, Bromhexine 4Mg, Guaiphenesin 50Mg And Menthol 2.5Mg Syrup Per 5Ml",Nan,nan,100 ML,₹24.2 (100 ML),Jan Aushadhi,"Terbutaline Sulphate 1.25mg, Bromhexine 4mg, Guaiphenesin 50mg and Menthol 2.5mg Syrup per 5ml",nan,nan,nan,24.2
Terlipressin Injection 1000 Mcg (1 Mg/10Ml),Nan,nan,10 ml Vial,₹225.0 (10 ml Vial),Jan Aushadhi,Terlipressin Injection 1000 mcg (1 mg/10ml),nan,nan,nan,225.0
Testosterone Enanthate Injection 250Mg Per 1 Ml,Nan,nan,1 ML,₹0.0 (1 ML),Jan Aushadhi,Testosterone Enanthate Injection 250mg per 1 ml,nan,nan,nan,0.0
Tetanus Vaccine IP,Nan,nan,0.5 ml Ampoule,₹6.5 (0.5 ml Ampoule),Jan Aushadhi,Tetanus Vaccine IP,nan,nan,nan,6.5
Tetrabenazine Tablets 25Mg,Nan,nan,10's,₹190.0 (10's),Jan Aushadhi,Tetrabenazine Tablets 25mg,nan,nan,nan,190.0
Thalidomide Capsules 100Mg,Nan,nan,10's,₹160.0 (10's),Jan Aushadhi,Thalidomide Capsules 100mg,nan,nan,nan,160.0
Thalidomide Capsules 200Mg,Nan,nan,10's,₹250.0 (10's),Jan Aushadhi,Thalidomide Capsules 200mg,nan,nan,nan,250.0
Thalidomide Capsules 50Mg,Nan,nan,10's,₹90.0 (10's),Jan Aushadhi,Thalidomide Capsules 50mg,nan,nan,nan,90.0
Theophylline Prolonged-Release Tablets IP 400 Mg,Nan,nan,10's,₹30.0 (10's),Jan Aushadhi,Theophylline Prolonged-release Tablets IP 400 mg,nan,nan,nan,30.0
"Thiamine 100Mg, Pyridoxine Hydrochloride 100Mg And Cyanocobalamin 1000Mcg Per 3 Ml Injection",Nan,nan,3 ml,₹8.0 (3 ml),Jan Aushadhi,"Thiamine 100mg, Pyridoxine Hydrochloride 100mg and Cyanocobalamin 1000mcg per 3 ml Injection",nan,nan,nan,8.0
Thiamine Hydrochloride Injection IP 100Mg/Ml,Nan,nan,2ml vial,₹15.0 (2ml vial),Jan Aushadhi,Thiamine Hydrochloride Injection IP 100mg/ml,nan,nan,nan,15.0
Thiocolchicoside 4Mg And Aceclofenac 100Mg Tablets,Nan,nan,10's,₹50.0 (10's),Jan Aushadhi,Thiocolchicoside 4mg and Aceclofenac 100mg Tablets,nan,nan,nan,50.0
Thiocolchicoside Capsules IP 4Mg,Nan,nan,10's,₹45.0 (10's),Jan Aushadhi,Thiocolchicoside Capsules IP 4mg,nan,nan,nan,45.0
"Throat Spray (Chamomile Extract, Peppermint Oil, Sage Oil, Pine Needle Oil, Bergamot Oil, Cineole Oil, Methyl Salicylate, Ethyl Alcohol, Propylene Glycol, Glycerin, Citric Acid, Polysorbate 80, Water)",Nan,nan,50ml in Mono-carton,₹0.0 (50ml in Mono-carton),Jan Aushadhi,"Throat Spray (Chamomile extract, peppermint oil, Sage oil, Pine Needle oil, Bergamot oil, Cineole oil, Methyl salicylate, Ethyl Alcohol, Propylene Glycol, Glycerin, Citric acid, Polysorbate 80, water)",nan,nan,nan,0.0
Thyroxine Sodium Tablets IP 100 Mcg,Nan,nan,100's,₹68.2 (100's),Jan Aushadhi,Thyroxine Sodium Tablets IP 100 mcg,nan,nan,nan,68.2
Thyroxine Sodium Tablets IP 12.5Mcg,Nan,nan,100's Bottle,₹65.0 (100's Bottle),Jan Aushadhi,Thyroxine Sodium Tablets IP 12.5mcg,nan,nan,nan,65.0
Thyroxine Sodium Tablets IP 125Mcg,Nan,nan,100's Bottle,₹76.0 (100's Bottle),Jan Aushadhi,Thyroxine Sodium Tablets IP 125mcg,nan,nan,nan,76.0
Thyroxine Sodium Tablets IP 150Mcg,Nan,nan,120's in Bottle,₹100.0 (120's in Bottle),Jan Aushadhi,Thyroxine Sodium Tablets IP 150mcg,nan,nan,nan,100.0
Thyroxine Sodium Tablets IP 25Mcg,Nan,nan,100's Bottle,₹45.0 (100's Bottle),Jan Aushadhi,Thyroxine Sodium Tablets IP 25mcg,nan,nan,nan,45.0
Thyroxine Sodium Tablets IP 50Mcg,Nan,nan,100's in Bottle,₹55.0 (100's in Bottle),Jan Aushadhi,Thyroxine Sodium Tablets IP 50mcg,nan,nan,nan,55.0
Thyroxine Sodium Tablets IP 62.5Mcg,Nan,nan,100's Bottle,₹58.0 (100's Bottle),Jan Aushadhi,Thyroxine Sodium Tablets IP 62.5mcg,nan,nan,nan,58.0
Thyroxine Sodium Tablets IP 75Mcg,Nan,nan,100's Bottle,₹60.0 (100's Bottle),Jan Aushadhi,Thyroxine Sodium Tablets IP 75mcg,nan,nan,nan,60.0
Tianeptine Tablet (12.5 Mg),Nan,nan,10's,₹0.0 (10's),Jan Aushadhi,Tianeptine Tablet (12.5 Mg),nan,nan,nan,0.0
Ticagrelor Tablets IP 60Mg,Nan,nan,10's,₹95.0 (10's),Jan Aushadhi,Ticagrelor Tablets IP 60mg,nan,nan,nan,95.0
Ticagrelor Tablets IP 90 Mg,Nan,nan,10's,₹130.0 (10's),Jan Aushadhi,Ticagrelor Tablets IP 90 mg,nan,nan,nan,130.0
Tigecycline Injection IP 50 Mg,Nan,nan,5 ml Vial,₹660.0 (5 ml Vial),Jan Aushadhi,Tigecycline Injection IP 50 mg,nan,nan,nan,660.0
Timolol Maleate Eye Drops IP 0.5 %,Nan,nan,5 ml Vial,₹21.0 (5 ml Vial),Jan Aushadhi,Timolol Maleate Eye Drops IP 0.5 %,nan,nan,nan,21.0
Tinidazole Tablets IP 300 Mg,Nan,nan,10's,₹13.0 (10's),Jan Aushadhi,Tinidazole Tablets IP 300 mg,nan,nan,nan,13.0
Tinidazole Tablets IP 500 Mg,Nan,nan,10's,₹16.0 (10's),Jan Aushadhi,Tinidazole Tablets IP 500 mg,nan,nan,nan,16.0
Tiotropium Bromide 18Mcg And Formoterol Fumarate Dihydrate 12Mcg Rotacaps,Nan,nan,15's,₹75.0 (15's),Jan Aushadhi,Tiotropium Bromide 18mcg and Formoterol Fumarate Dihydrate 12mcg Rotacaps,nan,nan,nan,75.0
"Tiotropium Bromide 18Mcg, Formoterol Fumarate Dihydrate 12Mcg And Ciclesonide 400Mcg Rotacaps",Nan,nan,15's,₹150.0 (15's),Jan Aushadhi,"Tiotropium Bromide 18mcg, Formoterol Fumarate Dihydrate 12mcg and Ciclesonide 400mcg Rotacaps",nan,nan,nan,150.0
Tiotropium Bromide Inhalation 9Mcg Per Actuation,Nan,nan,200 mdi,₹220.0 (200 mdi),Jan Aushadhi,Tiotropium Bromide Inhalation 9mcg per actuation,nan,nan,nan,220.0
Tiotropium Powder For Inhalation IP 18Mcg Rotacaps,Nan,nan,15's in Monocarton,₹70.0 (15's in Monocarton),Jan Aushadhi,Tiotropium Powder for Inhalation IP 18mcg Rotacaps,nan,nan,nan,70.0
Tizanidine Tablets I.P 2Mg,Nan,nan,10's,₹10.0 (10's),Jan Aushadhi,Tizanidine Tablets I.P 2mg,nan,nan,nan,10.0
Tobramycin 0.3% W/V And Fluoromethalone 0.1% W/V Opthalmic Solution IP,Nan,nan,5ml in Mono-carton,₹0.0 (5ml in Mono-carton),Jan Aushadhi,Tobramycin 0.3% w/v and Fluoromethalone 0.1% w/v Opthalmic Solution IP,nan,nan,nan,0.0
Tobramycin Eye Drops 0.3%W/V,Nan,nan,5 ml Vial,₹25.0 (5 ml Vial),Jan Aushadhi,Tobramycin Eye Drops 0.3%w/v,nan,nan,nan,25.0
Tocilizumab,Actemra, Roche Products India Pvt Ltd,400 mg vial (given OD × 2 doses with gap of 2 days),₹40,545 (vial) ,Indian market estimate, Tocilizumab 400 mg, Tocilizumab 400 mg,✅ Yes,"Treatment of rheumatoid arthritis, cytokine release syndrome, severe CAR-T cell therapy complications",40545.0
Tofacitinib 2.0% W/W Ointment,Nan,nan,20g,₹350.0 (20g),Jan Aushadhi,Tofacitinib 2.0% w/w Ointment,nan,nan,nan,350.0
Tofacitinib Extended Release Tablets 11Mg,Nan,nan,10's,₹135.0 (10's),Jan Aushadhi,Tofacitinib Extended Release Tablets 11mg,nan,nan,nan,135.0
Tofacitinib Extended Release Tablets 22Mg,Nan,nan,10's,₹240.0 (10's),Jan Aushadhi,Tofacitinib Extended Release Tablets 22mg,nan,nan,nan,240.0
Tofacitinib Tablets 10Mg,Nan,nan,10's,₹100.0 (10's),Jan Aushadhi,Tofacitinib Tablets 10mg,nan,nan,nan,100.0
Tofacitinib Tablets 5Mg,Nan,nan,10's,₹55.0 (10's),Jan Aushadhi,Tofacitinib Tablets 5mg,nan,nan,nan,55.0
Tofisopam Tablet (50 Mg),Nan,nan,10's,₹0.0 (10's),Jan Aushadhi,Tofisopam Tablet (50 Mg),nan,nan,nan,0.0
Tolperisone Hydrochloride 150Mg And Diclofenac Sodium 50Mg Tablets,Dicloran,Torrent,10's,₹20.0 (10's),Jan Aushadhi,Tolperisone Hydrochloride 150mg and Diclofenac Sodium 50mg Tablets,Diclofenac 50 mg,✅ Yes,"Pain relief, inflammation, arthritis",20.0
Tolperisone Hydrochloride 150Mg And Diclofenac Sodium 50Mg Tablets,Voveran,Novartis,10's,₹20.0 (10's),Jan Aushadhi,Tolperisone Hydrochloride 150mg and Diclofenac Sodium 50mg Tablets,Diclofenac 50 mg,✅ Yes,"Pain relief, inflammation, arthritis",20.0
Tolperisone Tablet 150Mg,Nan,nan,10's,₹15.0 (10's),Jan Aushadhi,Tolperisone Tablet 150mg,nan,nan,nan,15.0
Tolterodine Tartrate Extended Release Capsules 2Mg,Nan,nan,10's,₹50.0 (10's),Jan Aushadhi,Tolterodine Tartrate Extended Release Capsules 2mg,nan,nan,nan,50.0
Tolterodine Tartrate Extended Release Capsules 4 Mg,Nan,nan,10's,₹70.0 (10's),Jan Aushadhi,Tolterodine Tartrate Extended Release Capsules 4 mg,nan,nan,nan,70.0
Tolvaptan Tablets 15Mg,Nan,nan,10's,₹210.0 (10's),Jan Aushadhi,Tolvaptan Tablets 15mg,nan,nan,nan,210.0
Topiramate 100Mg Tablets,Nan,nan,10's,₹30.0 (10's),Jan Aushadhi,Topiramate 100mg Tablets,nan,nan,nan,30.0
Topiramate 50Mg Tablets,Nan,nan,10's,₹20.0 (10's),Jan Aushadhi,Topiramate 50mg Tablets,nan,nan,nan,20.0
Topiroxostat Tablets 20Mg,Nan,nan,10's,₹50.0 (10's),Jan Aushadhi,Topiroxostat Tablets 20mg,nan,nan,nan,50.0
Topiroxostat Tablets 40Mg,Nan,nan,10's,₹90.0 (10's),Jan Aushadhi,Topiroxostat Tablets 40mg,nan,nan,nan,90.0
Topiroxostat Tablets 60Mg,Nan,nan,10's,₹130.0 (10's),Jan Aushadhi,Topiroxostat Tablets 60mg,nan,nan,nan,130.0
Torasemide 10Mg + Spironolactone 25Mg Tablets,Nan,nan,10's,₹19.0 (10's),Jan Aushadhi,Torasemide 10mg + Spironolactone 25mg Tablets,nan,nan,nan,19.0
Torasemide 10Mg And Amiloride 5Mg Tablets,Nan,nan,10's,₹0.0 (10's),Jan Aushadhi,Torasemide 10mg and Amiloride 5mg Tablets,nan,nan,nan,0.0
Torasemide Tablets IP 10Mg,Nan,nan,15's,₹17.0 (15's),Jan Aushadhi,Torasemide Tablets IP 10mg,nan,nan,nan,17.0
Torsemide 10Mg And Spironolactone 50Mg Tablets,Nan,nan,15's,₹32.0 (15's),Jan Aushadhi,Torsemide 10mg and Spironolactone 50mg Tablets,nan,nan,nan,32.0
Torsemide 20 Mg And Spironolactone 25 Mg Tablets,Nan,nan,15's,₹42.0 (15's),Jan Aushadhi,Torsemide 20 mg and Spironolactone 25 mg Tablets,nan,nan,nan,42.0
Torsemide 5 Mg And Spironolactone 50 Mg Tablets,Nan,nan,15's,₹45.0 (15's),Jan Aushadhi,Torsemide 5 mg and Spironolactone 50 mg Tablets,nan,nan,nan,45.0
Torsemide Tablets IP 100Mg,Nan,nan,10's,₹50.0 (10's),Jan Aushadhi,Torsemide Tablets IP 100mg,nan,nan,nan,50.0
Torsemide Tablets IP 20 Mg,Nan,nan,10's,₹19.8 (10's),Jan Aushadhi,Torsemide Tablets IP 20 mg,nan,nan,nan,19.8
Torsemide Tablets IP 40Mg,Nan,nan,15's,₹50.0 (15's),Jan Aushadhi,Torsemide Tablets IP 40mg,nan,nan,nan,50.0
Torsemide Tablets IP 5Mg,Nan,nan,15's,₹10.0 (15's),Jan Aushadhi,Torsemide Tablets IP 5mg,nan,nan,nan,10.0
Tramadol Hcl Injection 50Mg 1 Ml,Dolo-Tram,Micro Labs,1 ml,₹5.0 (1 ml),Jan Aushadhi,Tramadol HCl Injection 50mg 1 ml,Tramadol 50 mg,✅ Yes,Moderate to severe pain,5.0
Tramadol Hcl Injection 50Mg 1 Ml,Ultram,Janssen,1 ml,₹5.0 (1 ml),Jan Aushadhi,Tramadol HCl Injection 50mg 1 ml,Tramadol 50 mg,✅ Yes,Moderate to severe pain,5.0
Tramadol Hydrochloride (IR) 50Mg And Diclofenac Sodium (SR) 75Mg Tablets,Dicloran,Torrent,10's,₹20.0 (10's),Jan Aushadhi,Tramadol Hydrochloride (IR) 50mg and Diclofenac Sodium (SR) 75mg Tablets,Diclofenac 50 mg,✅ Yes,"Pain relief, inflammation, arthritis",20.0
Tramadol Hydrochloride (IR) 50Mg And Diclofenac Sodium (SR) 75Mg Tablets,Dolo-Tram,Micro Labs,10's,₹20.0 (10's),Jan Aushadhi,Tramadol Hydrochloride (IR) 50mg and Diclofenac Sodium (SR) 75mg Tablets,Tramadol 50 mg,✅ Yes,Moderate to severe pain,20.0
Tramadol Hydrochloride (IR) 50Mg And Diclofenac Sodium (SR) 75Mg Tablets,Ultram,Janssen,10's,₹20.0 (10's),Jan Aushadhi,Tramadol Hydrochloride (IR) 50mg and Diclofenac Sodium (SR) 75mg Tablets,Tramadol 50 mg,✅ Yes,Moderate to severe pain,20.0
Tramadol Hydrochloride (IR) 50Mg And Diclofenac Sodium (SR) 75Mg Tablets,Voveran,Novartis,10's,₹20.0 (10's),Jan Aushadhi,Tramadol Hydrochloride (IR) 50mg and Diclofenac Sodium (SR) 75mg Tablets,Diclofenac 50 mg,✅ Yes,"Pain relief, inflammation, arthritis",20.0
Tramadol Hydrochloride Injection 100 Mg Per 2 Ml,Dolo-Tram,Micro Labs,2 ml,₹8.0 (2 ml),Jan Aushadhi,Tramadol Hydrochloride Injection 100 mg per 2 ml,Tramadol 50 mg,✅ Yes,Moderate to severe pain,8.0
Tramadol Hydrochloride Injection 100 Mg Per 2 Ml,Ultram,Janssen,2 ml,₹8.0 (2 ml),Jan Aushadhi,Tramadol Hydrochloride Injection 100 mg per 2 ml,Tramadol 50 mg,✅ Yes,Moderate to severe pain,8.0
Tramadol Prolonged Release Tablets IP 100 Mg,Dolo-Tram,Micro Labs,10's,₹35.0 (10's),Jan Aushadhi,Tramadol Prolonged Release Tablets IP 100 mg,Tramadol 50 mg,✅ Yes,Moderate to severe pain,35.0
Tramadol Prolonged Release Tablets IP 100 Mg,Ultram,Janssen,10's,₹35.0 (10's),Jan Aushadhi,Tramadol Prolonged Release Tablets IP 100 mg,Tramadol 50 mg,✅ Yes,Moderate to severe pain,35.0
Tramadol Tablets 50Mg,Dolo-Tram,Micro Labs,10's,₹8.0 (10's),Jan Aushadhi,Tramadol Tablets 50mg,Tramadol 50 mg,✅ Yes,Moderate to severe pain,8.0
Tramadol Tablets 50Mg,Ultram,Janssen,10's,₹8.0 (10's),Jan Aushadhi,Tramadol Tablets 50mg,Tramadol 50 mg,✅ Yes,Moderate to severe pain,8.0
Tranexamic Acid 500Mg And Mefenamic Acid 250Mg Tablets,Nan,nan,10's,₹82.0 (10's),Jan Aushadhi,Tranexamic Acid 500mg and Mefenamic Acid 250mg Tablets,nan,nan,nan,82.0
Tranexamic Acid Injection IP 500 Mg (100Mg Per Ml),Nan,nan,5 ml Amp.,₹24.0 (5 ml Amp.),Jan Aushadhi,Tranexamic Acid Injection IP 500 mg (100mg per ml),nan,nan,nan,24.0
Tranexamic Acid Tablets IP 500 Mg,Nan,nan,10's,₹74.0 (10's),Jan Aushadhi,Tranexamic Acid Tablets IP 500 mg,nan,nan,nan,74.0
Tranylcypromine Tablets 10Mg,Nan,nan,10's,₹0.0 (10's),Jan Aushadhi,Tranylcypromine Tablets 10mg,nan,nan,nan,0.0
Trastuzumab Injection 440 Mg With Wfi,Nan,nan,1's,₹15000.0 (1's),Jan Aushadhi,Trastuzumab Injection 440 mg With Wfi,nan,nan,nan,15000.0
Travoprost 40Mcg And Timolol 5Mg Eye Drops,Nan,nan,2.5ml,₹0.0 (2.5ml),Jan Aushadhi,Travoprost 40mcg and Timolol 5mg Eye Drops,nan,nan,nan,0.0
Travoprost Ophthalmic Solution IP 0.004%W/V,Nan,nan,2.5 ml,₹170.0 (2.5 ml),Jan Aushadhi,Travoprost Ophthalmic Solution IP 0.004%w/v,nan,nan,nan,170.0
Trazodone Hydrochloride 50Mg Tablets,Nan,nan,10's,₹0.0 (10's),Jan Aushadhi,Trazodone Hydrochloride 50mg Tablets,nan,nan,nan,0.0
Trazodone Hydrochloride Tablets IP 100 Mg,Nan,nan,10's,₹50.0 (10's),Jan Aushadhi,Trazodone Hydrochloride Tablets IP 100 mg,nan,nan,nan,50.0
Trazodone Hydrochloride Tablets IP 25 Mg,Nan,nan,10's,₹15.0 (10's),Jan Aushadhi,Trazodone Hydrochloride Tablets IP 25 mg,nan,nan,nan,15.0
Triamcinolone Acetonide Injection IP 40Mg Per Ml,Nan,nan,1 ml Vial,₹50.0 (1 ml Vial),Jan Aushadhi,Triamcinolone Acetonide Injection IP 40mg per ml,nan,nan,nan,50.0
Triamcinolone Acetonide Mouth Ulcer Gel 0.1% W/W,Nan,nan,10 gm,₹49.0 (10 gm),Jan Aushadhi,Triamcinolone Acetonide Mouth Ulcer Gel 0.1% w/w,nan,nan,nan,49.0
Triamcinolone Tablets IP 4Mg,Nan,nan,10's,₹35.0 (10's),Jan Aushadhi,Triamcinolone Tablets IP 4mg,nan,nan,nan,35.0
Tricholine Citrate 275Mg And Cyproheptadine Hydrochloride 2Mg Syrup Per 5Ml,Nan,nan,200 ml,₹38.0 (200 ml),Jan Aushadhi,Tricholine Citrate 275mg and Cyproheptadine Hydrochloride 2mg Syrup per 5ml,nan,nan,nan,38.0
Triclofos Oral Solution IP,Nan,nan,30ml in Mono-carton,₹0.0 (30ml in Mono-carton),Jan Aushadhi,Triclofos oral Solution IP,nan,nan,nan,0.0
Trientine Hydrochloride Capsules 250 Mg,Nan,nan,100's in Bottle,₹10914.0 (100's in Bottle),Jan Aushadhi,Trientine Hydrochloride Capsules 250 mg,nan,nan,nan,10914.0
Trifluoperazine + Trihexyphenidyl Tablet (2.5/1 Mg),Nan,nan,10's,₹0.0 (10's),Jan Aushadhi,Trifluoperazine + Trihexyphenidyl Tablet (2.5/1 Mg),nan,nan,nan,0.0
Trifluoperazine + Trihexyphenidyl Tablet (5/2 Mg),Nan,nan,10's,₹0.0 (10's),Jan Aushadhi,Trifluoperazine + Trihexyphenidyl Tablet (5/2 Mg),nan,nan,nan,0.0
Trihexyphenidyl Hydrochloride Tablets IP 2Mg (Benzhexol Hydrochloride Tablets IP 2Mg),Nan,nan,10's,₹6.6 (10's),Jan Aushadhi,Trihexyphenidyl Hydrochloride Tablets IP 2mg (Benzhexol Hydrochloride Tablets IP 2mg),nan,nan,nan,6.6
Trimetazidine Hydrochloride Controlled Release Capsules 60Mg,Nan,nan,10's,₹44.0 (10's),Jan Aushadhi,Trimetazidine Hydrochloride Controlled Release Capsules 60mg,nan,nan,nan,44.0
Trimetazidine Hydrochloride Modified Release Tablets 35 Mg,Nan,nan,10's,₹22.0 (10's),Jan Aushadhi,Trimetazidine Hydrochloride Modified Release Tablets 35 mg,nan,nan,nan,22.0
Triphala Tablets 500 Mg,Nan,nan,60's in Bottle,₹30.0 (60's in Bottle),Jan Aushadhi,Triphala Tablets 500 mg,nan,nan,nan,30.0
Tropicamide Eye Drops IP 1% W/V,Nan,nan,5 ml Vial,₹30.0 (5 ml Vial),Jan Aushadhi,Tropicamide Eye Drops IP 1% W/V,nan,nan,nan,30.0
"Trypsin 48Mg, Bromelain 90Mg And Rutoside Trihydrate 100Mg Tablets",Nan,nan,10's,₹70.0 (10's),Jan Aushadhi,"Trypsin 48mg, Bromelain 90mg and Rutoside Trihydrate 100mg Tablets",nan,nan,nan,70.0
"Trypsin 48Mg, Bromelain 90Mg, Rutoside Trihydrate 100Mg And Diclofenac Sodium 50Mg Tablets",Dicloran,Torrent,10's,₹50.0 (10's),Jan Aushadhi,"Trypsin 48mg, Bromelain 90mg, Rutoside Trihydrate 100mg and Diclofenac Sodium 50mg Tablets",Diclofenac 50 mg,✅ Yes,"Pain relief, inflammation, arthritis",50.0
"Trypsin 48Mg, Bromelain 90Mg, Rutoside Trihydrate 100Mg And Diclofenac Sodium 50Mg Tablets",Voveran,Novartis,10's,₹50.0 (10's),Jan Aushadhi,"Trypsin 48mg, Bromelain 90mg, Rutoside Trihydrate 100mg and Diclofenac Sodium 50mg Tablets",Diclofenac 50 mg,✅ Yes,"Pain relief, inflammation, arthritis",50.0
Tulobuterol Transdermal Patch 0.5Mg,Nan,nan,14's in Mono-carton,₹0.0 (14's in Mono-carton),Jan Aushadhi,Tulobuterol Transdermal patch 0.5mg,nan,nan,nan,0.0
Ubidecarenone (Co-Enzyme Q10) Capsules 100 Mg,Nan,nan,10's,₹90.0 (10's),Jan Aushadhi,Ubidecarenone (Co-enzyme Q10) Capsules 100 mg,nan,nan,nan,90.0
Ubidecarenone (Co-Enzyme Q10) Capsules 300 Mg,Nan,nan,10's,₹250.0 (10's),Jan Aushadhi,Ubidecarenone (Co-enzyme Q10) Capsules 300 mg,nan,nan,nan,250.0
Ulipristal Acetate Tablets 5Mg,Nan,nan,10's,₹475.0 (10's),Jan Aushadhi,Ulipristal Acetate Tablets 5mg,nan,nan,nan,475.0
Ursodeoxycholic Acid Tablets IP 150Mg,Nan,nan,15's,₹100.0 (15's),Jan Aushadhi,Ursodeoxycholic Acid Tablets IP 150mg,nan,nan,nan,100.0
Ursodeoxycholic Acid Tablets IP 300 Mg,Nan,nan,10's,₹160.6 (10's),Jan Aushadhi,Ursodeoxycholic Acid Tablets IP 300 mg,nan,nan,nan,160.6
Valacyclovir Tablets 1000Mg,Nan,nan,3's,₹110.0 (3's),Jan Aushadhi,Valacyclovir Tablets 1000mg,nan,nan,nan,110.0
Valacyclovir Tablets 500Mg,Nan,nan,3's in Mono Carton,₹50.0 (3's in Mono Carton),Jan Aushadhi,Valacyclovir Tablets 500mg,nan,nan,nan,50.0
Valethamate Injection 8 Mg Per Ml (For IM/IV Use),Nan,nan,1 ml Ampoule,₹9.9 (1 ml Ampoule),Jan Aushadhi,Valethamate Injection 8 mg per ml (For IM/IV use),nan,nan,nan,9.9
Valganciclovir Hydrochloride Tablets USP 450 Mg,Nan,nan,10's,₹1740.0 (10's),Jan Aushadhi,Valganciclovir Hydrochloride Tablets USP 450 mg,nan,nan,nan,1740.0
Valsartan Tablets IP 40 Mg,Nan,nan,10's,₹20.0 (10's),Jan Aushadhi,Valsartan Tablets IP 40 mg,nan,nan,nan,20.0
Valsartan Tablets IP 80 Mg,Nan,nan,10's,₹36.3 (10's),Jan Aushadhi,Valsartan Tablets IP 80 mg,nan,nan,nan,36.3
Vancomycin Hydrochloride Capsules IP 250Mg,Nan,nan,10's,₹0.0 (10's),Jan Aushadhi,Vancomycin Hydrochloride Capsules IP 250mg,nan,nan,nan,0.0
Vancomycin Hydrochloride For Intravenous Infusion IP 1000 Mg,Nan,nan,Vial,₹0.0 (Vial),Jan Aushadhi,Vancomycin Hydrochloride for Intravenous Infusion IP 1000 mg,nan,nan,nan,0.0
Vancomycin Hydrochloride For Intravenous Infusion IP 500 Mg,Nan,nan,Vial & Wfi,₹135.0 (Vial & Wfi),Jan Aushadhi,Vancomycin Hydrochloride for Intravenous Infusion IP 500 mg,nan,nan,nan,135.0
Vasopressin Injection IP 20IU,Nan,nan,1ml Ampoule,₹80.0 (1ml Ampoule),Jan Aushadhi,Vasopressin injection IP 20IU,nan,nan,nan,80.0
Vecuronium Bromide Injection I.P 4Mg,Nan,nan,Vial,₹45.0 (Vial),Jan Aushadhi,Vecuronium Bromide Injection I.P 4mg,nan,nan,nan,45.0
Venlafaxine Prolonged Release Capsules 150Mg,Nan,nan,10's,₹0.0 (10's),Jan Aushadhi,Venlafaxine Prolonged Release Capsules 150mg,nan,nan,nan,0.0
Venlafaxine Prolonged Release Capsules 37.5Mg,Nan,nan,10's,₹20.0 (10's),Jan Aushadhi,Venlafaxine Prolonged Release Capsules 37.5mg,nan,nan,nan,20.0
Venlafaxine Prolonged Release Capsules 75Mg,Nan,nan,10's,₹30.0 (10's),Jan Aushadhi,Venlafaxine Prolonged Release Capsules 75mg,nan,nan,nan,30.0
Verapamil Hydrochloride Prolonged Release 120Mg Tablets IP,Nan,nan,15's,₹0.0 (15's),Jan Aushadhi,Verapamil Hydrochloride Prolonged Release 120mg Tablets IP,nan,nan,nan,0.0
Verapamil Tablets IP 40Mg,Nan,nan,10's,₹4.5 (10's),Jan Aushadhi,Verapamil Tablets IP 40mg,nan,nan,nan,4.5
Verapamil Tablets IP 80 Mg,Nan,nan,10's,₹14.0 (10's),Jan Aushadhi,Verapamil Tablets IP 80 mg,nan,nan,nan,14.0
Vildaglipitin 100Mg Extended Release Tablets,Nan,nan,10's,₹45.0 (10's),Jan Aushadhi,Vildaglipitin 100mg Extended Release Tablets,nan,nan,nan,45.0
Vildagliptin 100Mg And Metformin Hydrochloride (Sustained Release) 1000Mg Tablets,Gluformin,Abbott,10's,₹45.0 (10's),Jan Aushadhi,Vildagliptin 100mg and Metformin Hydrochloride (sustained release) 1000mg Tablets,Metformin 500 mg,✅ Yes,Type 2 diabetes (first-line therapy),45.0
Vildagliptin 100Mg And Metformin Hydrochloride (Sustained Release) 1000Mg Tablets,Glycomet,USV,10's,₹45.0 (10's),Jan Aushadhi,Vildagliptin 100mg and Metformin Hydrochloride (sustained release) 1000mg Tablets,Metformin 500 mg,✅ Yes,Type 2 diabetes (first-line therapy),45.0
Vildagliptin 100Mg And Metformin Hydrochloride (Sustained Release) 500Mg Tablets,Gluformin,Abbott,10's,₹40.0 (10's),Jan Aushadhi,Vildagliptin 100mg and Metformin Hydrochloride (sustained release) 500mg Tablets,Metformin 500 mg,✅ Yes,Type 2 diabetes (first-line therapy),40.0
Vildagliptin 100Mg And Metformin Hydrochloride (Sustained Release) 500Mg Tablets,Glycomet,USV,10's,₹40.0 (10's),Jan Aushadhi,Vildagliptin 100mg and Metformin Hydrochloride (sustained release) 500mg Tablets,Metformin 500 mg,✅ Yes,Type 2 diabetes (first-line therapy),40.0
Vildagliptin 50Mg And Dapagliflozin 5Mg Tablets,Nan,nan,15's,₹0.0 (15's),Jan Aushadhi,Vildagliptin 50mg and Dapagliflozin 5mg Tablets,nan,nan,nan,0.0
Vildagliptin 50Mg And Metformin Hydrochloride (Sustained Release) 1000Mg Tablets,Gluformin,Abbott,15's,₹35.0 (15's),Jan Aushadhi,Vildagliptin 50mg and Metformin Hydrochloride (sustained release) 1000mg Tablets,Metformin 500 mg,✅ Yes,Type 2 diabetes (first-line therapy),35.0
Vildagliptin 50Mg And Metformin Hydrochloride (Sustained Release) 1000Mg Tablets,Glycomet,USV,15's,₹35.0 (15's),Jan Aushadhi,Vildagliptin 50mg and Metformin Hydrochloride (sustained release) 1000mg Tablets,Metformin 500 mg,✅ Yes,Type 2 diabetes (first-line therapy),35.0
Vildagliptin 50Mg And Metformin Hydrochloride (Sustained Release) 500Mg Tablets,Gluformin,Abbott,15's,₹30.0 (15's),Jan Aushadhi,Vildagliptin 50mg and Metformin Hydrochloride (sustained release) 500mg Tablets,Metformin 500 mg,✅ Yes,Type 2 diabetes (first-line therapy),30.0
Vildagliptin 50Mg And Metformin Hydrochloride (Sustained Release) 500Mg Tablets,Glycomet,USV,15's,₹30.0 (15's),Jan Aushadhi,Vildagliptin 50mg and Metformin Hydrochloride (sustained release) 500mg Tablets,Metformin 500 mg,✅ Yes,Type 2 diabetes (first-line therapy),30.0
Vildagliptin 50Mg And Metformin Hydrochloride 1000Mg Tablets IP,Gluformin,Abbott,15's,₹35.0 (15's),Jan Aushadhi,Vildagliptin 50mg and Metformin Hydrochloride 1000mg Tablets IP,Metformin 500 mg,✅ Yes,Type 2 diabetes (first-line therapy),35.0
Vildagliptin 50Mg And Metformin Hydrochloride 1000Mg Tablets IP,Glycomet,USV,15's,₹35.0 (15's),Jan Aushadhi,Vildagliptin 50mg and Metformin Hydrochloride 1000mg Tablets IP,Metformin 500 mg,✅ Yes,Type 2 diabetes (first-line therapy),35.0
Vildagliptin 50Mg And Metformin Hydrochloride 500Mg Tablets IP,Gluformin,Abbott,15's,₹30.0 (15's),Jan Aushadhi,Vildagliptin 50mg and Metformin Hydrochloride 500mg Tablets IP,Metformin 500 mg,✅ Yes,Type 2 diabetes (first-line therapy),30.0
Vildagliptin 50Mg And Metformin Hydrochloride 500Mg Tablets IP,Glycomet,USV,15's,₹30.0 (15's),Jan Aushadhi,Vildagliptin 50mg and Metformin Hydrochloride 500mg Tablets IP,Metformin 500 mg,✅ Yes,Type 2 diabetes (first-line therapy),30.0
Vildagliptin 50Mg And Metformin Hydrochloride 850Mg Tablets IP,Gluformin,Abbott,15's,₹32.0 (15's),Jan Aushadhi,Vildagliptin 50mg and Metformin Hydrochloride 850mg Tablets IP,Metformin 500 mg,✅ Yes,Type 2 diabetes (first-line therapy),32.0
Vildagliptin 50Mg And Metformin Hydrochloride 850Mg Tablets IP,Glycomet,USV,15's,₹32.0 (15's),Jan Aushadhi,Vildagliptin 50mg and Metformin Hydrochloride 850mg Tablets IP,Metformin 500 mg,✅ Yes,Type 2 diabetes (first-line therapy),32.0
Vildagliptin Tablets IP 50Mg,Nan,nan,15's,₹20.0 (15's),Jan Aushadhi,Vildagliptin Tablets IP 50mg,nan,nan,nan,20.0
Vincristine Injection 1Mg,Nan,nan,1ml Vial,₹0.0 (1ml Vial),Jan Aushadhi,Vincristine Injection 1mg,nan,nan,nan,0.0
"Vitamin A 600Mcg, Vitamin C 500Mg, Vitamin D3 1000 IU And Zinc 50Mg Chewable Tablets",Nan,nan,10's,₹0.0 (10's),Jan Aushadhi,"Vitamin A 600mcg, Vitamin C 500mg, Vitamin D3 1000 IU and Zinc 50mg Chewable Tablets",nan,nan,nan,0.0
Vitamin A Capsule IP 25000 IU,Nan,nan,30's,₹16.0 (30's),Jan Aushadhi,Vitamin A Capsule IP 25000 IU,nan,nan,nan,16.0
Vitamin B Complex And Ascorbic Acid Capsules,Nan,nan,10's,₹17.0 (10's),Jan Aushadhi,Vitamin B Complex and Ascorbic Acid Capsules,nan,nan,nan,17.0
Vitamin B-Complex Fort Zinc Capsule,Nan,nan,10's,₹9.9 (10's),Jan Aushadhi,Vitamin B-Complex fort Zinc Capsule,nan,nan,nan,9.9
Vitamin B-Complex Syrup,Nan,nan,200 ml,₹42.0 (200 ml),Jan Aushadhi,Vitamin B-Complex Syrup,nan,nan,nan,42.0
"Vitamin B-Complex Tablets (B1 10Mg, B2 10Mg, B3 45Mg, B5 50Mg, B6 3Mg, B12 15Mcg)",Nan,nan,10's,₹16.0 (10's),Jan Aushadhi,"Vitamin B-Complex Tablets (B1 10mg, B2 10mg, B3 45mg, B5 50mg, B6 3mg, B12 15mcg)",nan,nan,nan,16.0
Vitamin B6 (Pyridoxine Hydrochloride) Tablets IP 100Mg,Nan,nan,10's,₹22.0 (10's),Jan Aushadhi,Vitamin B6 (Pyridoxine Hydrochloride) Tablets IP 100mg,nan,nan,nan,22.0
"Vitamin C Effervescent Tablets (Vitamin C 1000Mg, Vitamin D3 400 IU, Zinc 10Mg)",Nan,nan,10's,₹0.0 (10's),Jan Aushadhi,"Vitamin C Effervescent Tablets (Vitamin C 1000mg, Vitamin D3 400 IU, Zinc 10mg)",nan,nan,nan,0.0
Vitamin D3 60000 IU Oral Disintegrating Strips,Nan,nan,10's in Mono Carton,₹90.0 (10's in Mono Carton),Jan Aushadhi,Vitamin D3 60000 IU Oral Disintegrating Strips,nan,nan,nan,90.0
Vitamin D3 Oral Solution 60000 IU,Nan,nan,5 ml,₹25.0 (5 ml),Jan Aushadhi,Vitamin D3 Oral Solution 60000 IU,nan,nan,nan,25.0
Vitamin E Acetate 200Mg And Levocarnitine 150Mg Tablets,Nan,nan,10's,₹0.0 (10's),Jan Aushadhi,Vitamin E Acetate 200mg and Levocarnitine 150mg Tablets,nan,nan,nan,0.0
Vitamin E Capsules 600Mg,Nan,nan,10's,₹28.0 (10's),Jan Aushadhi,Vitamin E Capsules 600mg,nan,nan,nan,28.0
Vitamin E Softgel Capsules 400 Mg,Nan,nan,10's,₹22.0 (10's),Jan Aushadhi,Vitamin E Softgel Capsules 400 mg,nan,nan,nan,22.0
Vitamin-C Chewable Tablets 500Mg,Nan,nan,10's,₹15.0 (10's),Jan Aushadhi,Vitamin-C Chewable Tablets 500mg,nan,nan,nan,15.0
Vitamine B Complex Injection (IM/IV) Use,Nan,nan,2 ml,₹0.0 (2 ml),Jan Aushadhi,Vitamine B Complex injection (IM/IV) Use,nan,nan,nan,0.0
"Vitamins A,C,D,E,And B Complex And Minerals Syrup",Nan,nan,200 ML,₹47.0 (200 ML),Jan Aushadhi,"Vitamins A,C,D,E,And B Complex and Minerals Syrup",nan,nan,nan,47.0
Voglibose + Metformin + Gliclazide Tablet (0.2/500/80 Mg),Diamicron,Servier,10's,₹0.0 (10's),Jan Aushadhi,Voglibose + Metformin + Gliclazide Tablet (0.2/500/80 Mg),Gliclazide 80 mg,✅ Yes,Type 2 diabetes (oral hypoglycemic),0.0
Voglibose + Metformin + Gliclazide Tablet (0.2/500/80 Mg),Gluformin,Abbott,10's,₹0.0 (10's),Jan Aushadhi,Voglibose + Metformin + Gliclazide Tablet (0.2/500/80 Mg),Metformin 500 mg,✅ Yes,Type 2 diabetes (first-line therapy),0.0
Voglibose + Metformin + Gliclazide Tablet (0.2/500/80 Mg),Glycomet,USV,10's,₹0.0 (10's),Jan Aushadhi,Voglibose + Metformin + Gliclazide Tablet (0.2/500/80 Mg),Metformin 500 mg,✅ Yes,Type 2 diabetes (first-line therapy),0.0
Voglibose + Metformin + Gliclazide Tablet (0.2/500/80 Mg),Reclide,Torrent,10's,₹0.0 (10's),Jan Aushadhi,Voglibose + Metformin + Gliclazide Tablet (0.2/500/80 Mg),Gliclazide 80 mg,✅ Yes,Type 2 diabetes (oral hypoglycemic),0.0
Voglibose + Metformin + Gliclazide Tablet (0.3/500/80 Mg),Diamicron,Servier,15's,₹0.0 (15's),Jan Aushadhi,Voglibose + Metformin + Gliclazide Tablet (0.3/500/80 Mg),Gliclazide 80 mg,✅ Yes,Type 2 diabetes (oral hypoglycemic),0.0
Voglibose + Metformin + Gliclazide Tablet (0.3/500/80 Mg),Gluformin,Abbott,15's,₹0.0 (15's),Jan Aushadhi,Voglibose + Metformin + Gliclazide Tablet (0.3/500/80 Mg),Metformin 500 mg,✅ Yes,Type 2 diabetes (first-line therapy),0.0
Voglibose + Metformin + Gliclazide Tablet (0.3/500/80 Mg),Glycomet,USV,15's,₹0.0 (15's),Jan Aushadhi,Voglibose + Metformin + Gliclazide Tablet (0.3/500/80 Mg),Metformin 500 mg,✅ Yes,Type 2 diabetes (first-line therapy),0.0
Voglibose + Metformin + Gliclazide Tablet (0.3/500/80 Mg),Reclide,Torrent,15's,₹0.0 (15's),Jan Aushadhi,Voglibose + Metformin + Gliclazide Tablet (0.3/500/80 Mg),Gliclazide 80 mg,✅ Yes,Type 2 diabetes (oral hypoglycemic),0.0
"Voglibose 0.2Mg, Glimepiride 1Mg And Metformin Hydrochloride 500Mg (Sustained Release) Tablets",Gluformin,Abbott,10's,₹30.0 (10's),Jan Aushadhi,"Voglibose 0.2mg, Glimepiride 1mg and Metformin Hydrochloride 500mg (Sustained Release) Tablets",Metformin 500 mg,✅ Yes,Type 2 diabetes (first-line therapy),30.0
"Voglibose 0.2Mg, Glimepiride 1Mg And Metformin Hydrochloride 500Mg (Sustained Release) Tablets",Glycomet,USV,10's,₹30.0 (10's),Jan Aushadhi,"Voglibose 0.2mg, Glimepiride 1mg and Metformin Hydrochloride 500mg (Sustained Release) Tablets",Metformin 500 mg,✅ Yes,Type 2 diabetes (first-line therapy),30.0
"Voglibose 0.2Mg, Glimepiride 2Mg And Metformin Hydrochloride 1000Mg (Sustained Release) Tablets",Gluformin,Abbott,10's,₹25.0 (10's),Jan Aushadhi,"Voglibose 0.2mg, Glimepiride 2mg and Metformin Hydrochloride 1000mg (Sustained Release) Tablets",Metformin 500 mg,✅ Yes,Type 2 diabetes (first-line therapy),25.0
"Voglibose 0.2Mg, Glimepiride 2Mg And Metformin Hydrochloride 1000Mg (Sustained Release) Tablets",Glycomet,USV,10's,₹25.0 (10's),Jan Aushadhi,"Voglibose 0.2mg, Glimepiride 2mg and Metformin Hydrochloride 1000mg (Sustained Release) Tablets",Metformin 500 mg,✅ Yes,Type 2 diabetes (first-line therapy),25.0
"Voglibose 0.3Mg, Glimepiride 2Mg And Metformin Hydrochloride 1000Mg (Sustained Release) Tablets",Gluformin,Abbott,10's,₹36.0 (10's),Jan Aushadhi,"Voglibose 0.3mg, Glimepiride 2mg and Metformin Hydrochloride 1000mg (Sustained Release) Tablets",Metformin 500 mg,✅ Yes,Type 2 diabetes (first-line therapy),36.0
"Voglibose 0.3Mg, Glimepiride 2Mg And Metformin Hydrochloride 1000Mg (Sustained Release) Tablets",Glycomet,USV,10's,₹36.0 (10's),Jan Aushadhi,"Voglibose 0.3mg, Glimepiride 2mg and Metformin Hydrochloride 1000mg (Sustained Release) Tablets",Metformin 500 mg,✅ Yes,Type 2 diabetes (first-line therapy),36.0
Voglibose Tablets IP 0.2 Mg,Nan,nan,10's,₹12.1 (10's),Jan Aushadhi,Voglibose Tablets IP 0.2 mg,nan,nan,nan,12.1
Voglibose Tablets IP 0.3 Mg,Nan,nan,10's,₹15.4 (10's),Jan Aushadhi,Voglibose Tablets IP 0.3 mg,nan,nan,nan,15.4
Voriconazole Tablets IP 200Mg,Nan,nan,4's,₹350.0 (4's),Jan Aushadhi,Voriconazole Tablets IP 200mg,nan,nan,nan,350.0
Vortioxetine Tablets 10Mg,Nan,nan,10's,₹65.0 (10's),Jan Aushadhi,Vortioxetine Tablets 10mg,nan,nan,nan,65.0
Vortioxetine Tablets 20Mg,Nan,nan,10's,₹95.0 (10's),Jan Aushadhi,Vortioxetine Tablets 20mg,nan,nan,nan,95.0
Vortioxetine Tablets 5Mg,Nan,nan,10's,₹35.0 (10's),Jan Aushadhi,Vortioxetine Tablets 5mg,nan,nan,nan,35.0
Warfarin Tablets IP 1Mg,Nan,nan,10's,₹15.0 (10's),Jan Aushadhi,Warfarin Tablets IP 1mg,nan,nan,nan,15.0
Warfarin Tablets IP 2Mg,Nan,nan,10's,₹15.0 (10's),Jan Aushadhi,Warfarin Tablets IP 2mg,nan,nan,nan,15.0
Warfarin Tablets IP 5 Mg,Nan,nan,10's,₹18.0 (10's),Jan Aushadhi,Warfarin Tablets IP 5 mg,nan,nan,nan,18.0
Water For Injection Amp Polypack 10Ml,Nan,nan,10 ml,₹2.0 (10 ml),Jan Aushadhi,Water for Injection amp polypack 10ml,nan,nan,nan,2.0
Water For Injection Amp Polypack 5 Ml,Nan,nan,5 ml,₹1.5 (5 ml),Jan Aushadhi,Water for Injection amp polypack 5 ml,nan,nan,nan,1.5
Xylometazoline Nasal Drops IP 0.1%W/V,Nan,nan,10 ml,₹13.2 (10 ml),Jan Aushadhi,Xylometazoline Nasal Drops IP 0.1%w/v,nan,nan,nan,13.2
Zinc Sulphate Dispersible Tablets IP 20Mg,Nan,nan,10's,₹10.0 (10's),Jan Aushadhi,Zinc Sulphate Dispersible Tablets IP 20mg,nan,nan,nan,10.0
Ziprasidone 20Mg Capsules,Nan,nan,10's,₹45.0 (10's),Jan Aushadhi,Ziprasidone 20mg Capsules,nan,nan,nan,45.0
Ziprasidone 40Mg Capsules,Nan,nan,10's,₹70.0 (10's),Jan Aushadhi,Ziprasidone 40mg Capsules,nan,nan,nan,70.0
Zoledronic Acid Injection IP 4 Mg Per Vial,Nan,nan,4mg/vial,₹200.0 (4mg/vial),Jan Aushadhi,Zoledronic Acid Injection IP 4 mg per vial,nan,nan,nan,200.0
Zoledronic Acid Injection IP 4Mg Per Vial,Nan,nan,Vial,₹165.0 (Vial),Jan Aushadhi,Zoledronic Acid Injection IP 4mg per Vial,nan,nan,nan,165.0
Zolpidem Tablets IP 10Mg,Nan,nan,10's,₹18.0 (10's),Jan Aushadhi,Zolpidem Tablets IP 10mg,nan,nan,nan,18.0
Zolpidem Tablets IP 5Mg,Nan,nan,10's,₹10.0 (10's),Jan Aushadhi,Zolpidem Tablets IP 5mg,nan,nan,nan,10.0
Zonisamide 100Mg Capsules,Nan,nan,10's,₹110.0 (10's),Jan Aushadhi,Zonisamide 100mg Capsules,nan,nan,nan,110.0
Zonisamide 50Mg Capsules,Nan,nan,10's,₹58.69 (10's),Jan Aushadhi,Zonisamide 50mg Capsules,nan,nan,nan,58.69
Α-Β Arteether Injection 150 Mg,Nan,nan,2 ml Ampoule,₹19.0 (2 ml Ampoule),Jan Aushadhi,α-β Arteether Injection 150 mg,nan,nan,nan,19.0
